solid ASCII
  facet normal -9.914449e-01 1.305262e-01 0.000000e+00
    outer loop
      vertex   2.312276e+01 2.716670e+01 -1.490000e+00
      vertex   2.312276e+01 2.716670e+01 1.510000e+00
      vertex   2.314831e+01 2.736081e+01 -1.490000e+00
    endloop
  endfacet
  facet normal -9.914449e-01 1.305262e-01 0.000000e+00
    outer loop
      vertex   2.314831e+01 2.736081e+01 -1.490000e+00
      vertex   2.312276e+01 2.716670e+01 1.510000e+00
      vertex   2.314831e+01 2.736081e+01 1.510000e+00
    endloop
  endfacet
  facet normal -9.914449e-01 -1.305262e-01 0.000000e+00
    outer loop
      vertex   2.314831e+01 2.736081e+01 -1.490000e+00
      vertex   2.314831e+01 2.736081e+01 1.510000e+00
      vertex   2.312276e+01 2.755493e+01 -1.490000e+00
    endloop
  endfacet
  facet normal -9.914449e-01 -1.305262e-01 0.000000e+00
    outer loop
      vertex   2.312276e+01 2.755493e+01 -1.490000e+00
      vertex   2.314831e+01 2.736081e+01 1.510000e+00
      vertex   2.312276e+01 2.755493e+01 1.510000e+00
    endloop
  endfacet
  facet normal -9.238795e-01 -3.826834e-01 0.000000e+00
    outer loop
      vertex   2.312276e+01 2.755493e+01 -1.490000e+00
      vertex   2.312276e+01 2.755493e+01 1.510000e+00
      vertex   2.304783e+01 2.773581e+01 -1.490000e+00
    endloop
  endfacet
  facet normal -9.238795e-01 -3.826834e-01 0.000000e+00
    outer loop
      vertex   2.304783e+01 2.773581e+01 -1.490000e+00
      vertex   2.312276e+01 2.755493e+01 1.510000e+00
      vertex   2.304783e+01 2.773581e+01 1.510000e+00
    endloop
  endfacet
  facet normal -7.933533e-01 -6.087614e-01 0.000000e+00
    outer loop
      vertex   2.304783e+01 2.773581e+01 -1.490000e+00
      vertex   2.304783e+01 2.773581e+01 1.510000e+00
      vertex   2.292864e+01 2.789114e+01 -1.490000e+00
    endloop
  endfacet
  facet normal -7.933533e-01 -6.087614e-01 0.000000e+00
    outer loop
      vertex   2.292864e+01 2.789114e+01 -1.490000e+00
      vertex   2.304783e+01 2.773581e+01 1.510000e+00
      vertex   2.292864e+01 2.789114e+01 1.510000e+00
    endloop
  endfacet
  facet normal -6.087614e-01 -7.933533e-01 0.000000e+00
    outer loop
      vertex   2.292864e+01 2.789114e+01 -1.490000e+00
      vertex   2.292864e+01 2.789114e+01 1.510000e+00
      vertex   2.277331e+01 2.801033e+01 -1.490000e+00
    endloop
  endfacet
  facet normal -6.087614e-01 -7.933533e-01 0.000000e+00
    outer loop
      vertex   2.277331e+01 2.801033e+01 -1.490000e+00
      vertex   2.292864e+01 2.789114e+01 1.510000e+00
      vertex   2.277331e+01 2.801033e+01 1.510000e+00
    endloop
  endfacet
  facet normal -3.826834e-01 -9.238795e-01 0.000000e+00
    outer loop
      vertex   2.277331e+01 2.801033e+01 -1.490000e+00
      vertex   2.277331e+01 2.801033e+01 1.510000e+00
      vertex   2.259243e+01 2.808526e+01 -1.490000e+00
    endloop
  endfacet
  facet normal -3.826834e-01 -9.238795e-01 0.000000e+00
    outer loop
      vertex   2.259243e+01 2.808526e+01 -1.490000e+00
      vertex   2.277331e+01 2.801033e+01 1.510000e+00
      vertex   2.259243e+01 2.808526e+01 1.510000e+00
    endloop
  endfacet
  facet normal -1.305262e-01 -9.914449e-01 0.000000e+00
    outer loop
      vertex   2.259243e+01 2.808526e+01 -1.490000e+00
      vertex   2.259243e+01 2.808526e+01 1.510000e+00
      vertex   2.239831e+01 2.811081e+01 -1.490000e+00
    endloop
  endfacet
  facet normal -1.305262e-01 -9.914449e-01 0.000000e+00
    outer loop
      vertex   2.239831e+01 2.811081e+01 -1.490000e+00
      vertex   2.259243e+01 2.808526e+01 1.510000e+00
      vertex   2.239831e+01 2.811081e+01 1.510000e+00
    endloop
  endfacet
  facet normal 1.305262e-01 -9.914449e-01 0.000000e+00
    outer loop
      vertex   2.239831e+01 2.811081e+01 -1.490000e+00
      vertex   2.239831e+01 2.811081e+01 1.510000e+00
      vertex   2.220420e+01 2.808526e+01 -1.490000e+00
    endloop
  endfacet
  facet normal 1.305262e-01 -9.914449e-01 0.000000e+00
    outer loop
      vertex   2.220420e+01 2.808526e+01 -1.490000e+00
      vertex   2.239831e+01 2.811081e+01 1.510000e+00
      vertex   2.220420e+01 2.808526e+01 1.510000e+00
    endloop
  endfacet
  facet normal 3.826834e-01 -9.238795e-01 0.000000e+00
    outer loop
      vertex   2.220420e+01 2.808526e+01 -1.490000e+00
      vertex   2.220420e+01 2.808526e+01 1.510000e+00
      vertex   2.202331e+01 2.801033e+01 -1.490000e+00
    endloop
  endfacet
  facet normal 3.826834e-01 -9.238795e-01 0.000000e+00
    outer loop
      vertex   2.202331e+01 2.801033e+01 -1.490000e+00
      vertex   2.220420e+01 2.808526e+01 1.510000e+00
      vertex   2.202331e+01 2.801033e+01 1.510000e+00
    endloop
  endfacet
  facet normal 6.087614e-01 -7.933533e-01 0.000000e+00
    outer loop
      vertex   2.202331e+01 2.801033e+01 -1.490000e+00
      vertex   2.202331e+01 2.801033e+01 1.510000e+00
      vertex   2.186798e+01 2.789114e+01 -1.490000e+00
    endloop
  endfacet
  facet normal 6.087614e-01 -7.933533e-01 0.000000e+00
    outer loop
      vertex   2.186798e+01 2.789114e+01 -1.490000e+00
      vertex   2.202331e+01 2.801033e+01 1.510000e+00
      vertex   2.186798e+01 2.789114e+01 1.510000e+00
    endloop
  endfacet
  facet normal 7.933533e-01 -6.087614e-01 0.000000e+00
    outer loop
      vertex   2.186798e+01 2.789114e+01 -1.490000e+00
      vertex   2.186798e+01 2.789114e+01 1.510000e+00
      vertex   2.174879e+01 2.773581e+01 -1.490000e+00
    endloop
  endfacet
  facet normal 7.933533e-01 -6.087614e-01 0.000000e+00
    outer loop
      vertex   2.174879e+01 2.773581e+01 -1.490000e+00
      vertex   2.186798e+01 2.789114e+01 1.510000e+00
      vertex   2.174879e+01 2.773581e+01 1.510000e+00
    endloop
  endfacet
  facet normal 9.238795e-01 -3.826834e-01 0.000000e+00
    outer loop
      vertex   2.174879e+01 2.773581e+01 -1.490000e+00
      vertex   2.174879e+01 2.773581e+01 1.510000e+00
      vertex   2.167387e+01 2.755493e+01 -1.490000e+00
    endloop
  endfacet
  facet normal 9.238795e-01 -3.826834e-01 0.000000e+00
    outer loop
      vertex   2.167387e+01 2.755493e+01 -1.490000e+00
      vertex   2.174879e+01 2.773581e+01 1.510000e+00
      vertex   2.167387e+01 2.755493e+01 1.510000e+00
    endloop
  endfacet
  facet normal 9.914449e-01 -1.305262e-01 0.000000e+00
    outer loop
      vertex   2.167387e+01 2.755493e+01 -1.490000e+00
      vertex   2.167387e+01 2.755493e+01 1.510000e+00
      vertex   2.164831e+01 2.736081e+01 -1.490000e+00
    endloop
  endfacet
  facet normal 9.914449e-01 -1.305262e-01 0.000000e+00
    outer loop
      vertex   2.164831e+01 2.736081e+01 -1.490000e+00
      vertex   2.167387e+01 2.755493e+01 1.510000e+00
      vertex   2.164831e+01 2.736081e+01 1.510000e+00
    endloop
  endfacet
  facet normal 9.914449e-01 1.305262e-01 -0.000000e+00
    outer loop
      vertex   2.164831e+01 2.736081e+01 -1.490000e+00
      vertex   2.164831e+01 2.736081e+01 1.510000e+00
      vertex   2.167387e+01 2.716670e+01 -1.490000e+00
    endloop
  endfacet
  facet normal 9.914449e-01 1.305262e-01 -0.000000e+00
    outer loop
      vertex   2.167387e+01 2.716670e+01 -1.490000e+00
      vertex   2.164831e+01 2.736081e+01 1.510000e+00
      vertex   2.167387e+01 2.716670e+01 1.510000e+00
    endloop
  endfacet
  facet normal 9.238795e-01 3.826834e-01 -0.000000e+00
    outer loop
      vertex   2.167387e+01 2.716670e+01 -1.490000e+00
      vertex   2.167387e+01 2.716670e+01 1.510000e+00
      vertex   2.174879e+01 2.698581e+01 -1.490000e+00
    endloop
  endfacet
  facet normal 9.238795e-01 3.826834e-01 -0.000000e+00
    outer loop
      vertex   2.174879e+01 2.698581e+01 -1.490000e+00
      vertex   2.167387e+01 2.716670e+01 1.510000e+00
      vertex   2.174879e+01 2.698581e+01 1.510000e+00
    endloop
  endfacet
  facet normal 7.933533e-01 6.087614e-01 -0.000000e+00
    outer loop
      vertex   2.174879e+01 2.698581e+01 -1.490000e+00
      vertex   2.174879e+01 2.698581e+01 1.510000e+00
      vertex   2.186798e+01 2.683048e+01 -1.490000e+00
    endloop
  endfacet
  facet normal 7.933533e-01 6.087614e-01 -0.000000e+00
    outer loop
      vertex   2.186798e+01 2.683048e+01 -1.490000e+00
      vertex   2.174879e+01 2.698581e+01 1.510000e+00
      vertex   2.186798e+01 2.683048e+01 1.510000e+00
    endloop
  endfacet
  facet normal 6.087614e-01 7.933533e-01 -0.000000e+00
    outer loop
      vertex   2.186798e+01 2.683048e+01 -1.490000e+00
      vertex   2.186798e+01 2.683048e+01 1.510000e+00
      vertex   2.202331e+01 2.671129e+01 -1.490000e+00
    endloop
  endfacet
  facet normal 6.087614e-01 7.933533e-01 -0.000000e+00
    outer loop
      vertex   2.202331e+01 2.671129e+01 -1.490000e+00
      vertex   2.186798e+01 2.683048e+01 1.510000e+00
      vertex   2.202331e+01 2.671129e+01 1.510000e+00
    endloop
  endfacet
  facet normal 3.826834e-01 9.238795e-01 -0.000000e+00
    outer loop
      vertex   2.202331e+01 2.671129e+01 -1.490000e+00
      vertex   2.202331e+01 2.671129e+01 1.510000e+00
      vertex   2.220420e+01 2.663637e+01 -1.490000e+00
    endloop
  endfacet
  facet normal 3.826834e-01 9.238795e-01 -0.000000e+00
    outer loop
      vertex   2.220420e+01 2.663637e+01 -1.490000e+00
      vertex   2.202331e+01 2.671129e+01 1.510000e+00
      vertex   2.220420e+01 2.663637e+01 1.510000e+00
    endloop
  endfacet
  facet normal 1.305262e-01 9.914449e-01 -0.000000e+00
    outer loop
      vertex   2.220420e+01 2.663637e+01 -1.490000e+00
      vertex   2.220420e+01 2.663637e+01 1.510000e+00
      vertex   2.239831e+01 2.661081e+01 -1.490000e+00
    endloop
  endfacet
  facet normal 1.305262e-01 9.914449e-01 -0.000000e+00
    outer loop
      vertex   2.239831e+01 2.661081e+01 -1.490000e+00
      vertex   2.220420e+01 2.663637e+01 1.510000e+00
      vertex   2.239831e+01 2.661081e+01 1.510000e+00
    endloop
  endfacet
  facet normal -1.305262e-01 9.914449e-01 0.000000e+00
    outer loop
      vertex   2.239831e+01 2.661081e+01 -1.490000e+00
      vertex   2.239831e+01 2.661081e+01 1.510000e+00
      vertex   2.259243e+01 2.663637e+01 -1.490000e+00
    endloop
  endfacet
  facet normal -1.305262e-01 9.914449e-01 0.000000e+00
    outer loop
      vertex   2.259243e+01 2.663637e+01 -1.490000e+00
      vertex   2.239831e+01 2.661081e+01 1.510000e+00
      vertex   2.259243e+01 2.663637e+01 1.510000e+00
    endloop
  endfacet
  facet normal -3.826834e-01 9.238795e-01 0.000000e+00
    outer loop
      vertex   2.259243e+01 2.663637e+01 -1.490000e+00
      vertex   2.259243e+01 2.663637e+01 1.510000e+00
      vertex   2.277331e+01 2.671129e+01 -1.490000e+00
    endloop
  endfacet
  facet normal -3.826834e-01 9.238795e-01 0.000000e+00
    outer loop
      vertex   2.277331e+01 2.671129e+01 -1.490000e+00
      vertex   2.259243e+01 2.663637e+01 1.510000e+00
      vertex   2.277331e+01 2.671129e+01 1.510000e+00
    endloop
  endfacet
  facet normal -6.087614e-01 7.933533e-01 0.000000e+00
    outer loop
      vertex   2.277331e+01 2.671129e+01 -1.490000e+00
      vertex   2.277331e+01 2.671129e+01 1.510000e+00
      vertex   2.292864e+01 2.683048e+01 -1.490000e+00
    endloop
  endfacet
  facet normal -6.087614e-01 7.933533e-01 0.000000e+00
    outer loop
      vertex   2.292864e+01 2.683048e+01 -1.490000e+00
      vertex   2.277331e+01 2.671129e+01 1.510000e+00
      vertex   2.292864e+01 2.683048e+01 1.510000e+00
    endloop
  endfacet
  facet normal -7.933533e-01 6.087614e-01 0.000000e+00
    outer loop
      vertex   2.292864e+01 2.683048e+01 -1.490000e+00
      vertex   2.292864e+01 2.683048e+01 1.510000e+00
      vertex   2.304783e+01 2.698581e+01 -1.490000e+00
    endloop
  endfacet
  facet normal -7.933533e-01 6.087614e-01 0.000000e+00
    outer loop
      vertex   2.304783e+01 2.698581e+01 -1.490000e+00
      vertex   2.292864e+01 2.683048e+01 1.510000e+00
      vertex   2.304783e+01 2.698581e+01 1.510000e+00
    endloop
  endfacet
  facet normal -9.238795e-01 3.826834e-01 0.000000e+00
    outer loop
      vertex   2.304783e+01 2.698581e+01 -1.490000e+00
      vertex   2.304783e+01 2.698581e+01 1.510000e+00
      vertex   2.312276e+01 2.716670e+01 -1.490000e+00
    endloop
  endfacet
  facet normal -9.238795e-01 3.826834e-01 0.000000e+00
    outer loop
      vertex   2.312276e+01 2.716670e+01 -1.490000e+00
      vertex   2.304783e+01 2.698581e+01 1.510000e+00
      vertex   2.312276e+01 2.716670e+01 1.510000e+00
    endloop
  endfacet
  facet normal 0.000000e+00 0.000000e+00 1.000000e+00
    outer loop
      vertex   2.312276e+01 2.755493e+01 -1.490000e+00
      vertex   2.167387e+01 2.755493e+01 -1.490000e+00
      vertex   2.314831e+01 2.736081e+01 -1.490000e+00
    endloop
  endfacet
  facet normal 0.000000e+00 0.000000e+00 1.000000e+00
    outer loop
      vertex   2.314831e+01 2.736081e+01 -1.490000e+00
      vertex   2.167387e+01 2.755493e+01 -1.490000e+00
      vertex   2.164831e+01 2.736081e+01 -1.490000e+00
    endloop
  endfacet
  facet normal 0.000000e+00 0.000000e+00 1.000000e+00
    outer loop
      vertex   2.314831e+01 2.736081e+01 -1.490000e+00
      vertex   2.164831e+01 2.736081e+01 -1.490000e+00
      vertex   2.312276e+01 2.716670e+01 -1.490000e+00
    endloop
  endfacet
  facet normal 0.000000e+00 0.000000e+00 1.000000e+00
    outer loop
      vertex   2.312276e+01 2.716670e+01 -1.490000e+00
      vertex   2.164831e+01 2.736081e+01 -1.490000e+00
      vertex   2.167387e+01 2.716670e+01 -1.490000e+00
    endloop
  endfacet
  facet normal 0.000000e+00 0.000000e+00 1.000000e+00
    outer loop
      vertex   2.312276e+01 2.716670e+01 -1.490000e+00
      vertex   2.167387e+01 2.716670e+01 -1.490000e+00
      vertex   2.304783e+01 2.698581e+01 -1.490000e+00
    endloop
  endfacet
  facet normal 0.000000e+00 0.000000e+00 1.000000e+00
    outer loop
      vertex   2.304783e+01 2.698581e+01 -1.490000e+00
      vertex   2.167387e+01 2.716670e+01 -1.490000e+00
      vertex   2.174879e+01 2.698581e+01 -1.490000e+00
    endloop
  endfacet
  facet normal 0.000000e+00 0.000000e+00 1.000000e+00
    outer loop
      vertex   2.304783e+01 2.698581e+01 -1.490000e+00
      vertex   2.174879e+01 2.698581e+01 -1.490000e+00
      vertex   2.292864e+01 2.683048e+01 -1.490000e+00
    endloop
  endfacet
  facet normal 0.000000e+00 0.000000e+00 1.000000e+00
    outer loop
      vertex   2.292864e+01 2.683048e+01 -1.490000e+00
      vertex   2.174879e+01 2.698581e+01 -1.490000e+00
      vertex   2.186798e+01 2.683048e+01 -1.490000e+00
    endloop
  endfacet
  facet normal 0.000000e+00 0.000000e+00 1.000000e+00
    outer loop
      vertex   2.292864e+01 2.683048e+01 -1.490000e+00
      vertex   2.186798e+01 2.683048e+01 -1.490000e+00
      vertex   2.277331e+01 2.671129e+01 -1.490000e+00
    endloop
  endfacet
  facet normal 0.000000e+00 0.000000e+00 1.000000e+00
    outer loop
      vertex   2.277331e+01 2.671129e+01 -1.490000e+00
      vertex   2.186798e+01 2.683048e+01 -1.490000e+00
      vertex   2.202331e+01 2.671129e+01 -1.490000e+00
    endloop
  endfacet
  facet normal 0.000000e+00 0.000000e+00 1.000000e+00
    outer loop
      vertex   2.277331e+01 2.671129e+01 -1.490000e+00
      vertex   2.202331e+01 2.671129e+01 -1.490000e+00
      vertex   2.259243e+01 2.663637e+01 -1.490000e+00
    endloop
  endfacet
  facet normal 0.000000e+00 0.000000e+00 1.000000e+00
    outer loop
      vertex   2.259243e+01 2.663637e+01 -1.490000e+00
      vertex   2.202331e+01 2.671129e+01 -1.490000e+00
      vertex   2.220420e+01 2.663637e+01 -1.490000e+00
    endloop
  endfacet
  facet normal 0.000000e+00 0.000000e+00 1.000000e+00
    outer loop
      vertex   2.259243e+01 2.663637e+01 -1.490000e+00
      vertex   2.220420e+01 2.663637e+01 -1.490000e+00
      vertex   2.239831e+01 2.661081e+01 -1.490000e+00
    endloop
  endfacet
  facet normal 0.000000e+00 0.000000e+00 1.000000e+00
    outer loop
      vertex   2.167387e+01 2.755493e+01 -1.490000e+00
      vertex   2.312276e+01 2.755493e+01 -1.490000e+00
      vertex   2.174879e+01 2.773581e+01 -1.490000e+00
    endloop
  endfacet
  facet normal -0.000000e+00 0.000000e+00 1.000000e+00
    outer loop
      vertex   2.174879e+01 2.773581e+01 -1.490000e+00
      vertex   2.312276e+01 2.755493e+01 -1.490000e+00
      vertex   2.304783e+01 2.773581e+01 -1.490000e+00
    endloop
  endfacet
  facet normal 0.000000e+00 0.000000e+00 1.000000e+00
    outer loop
      vertex   2.174879e+01 2.773581e+01 -1.490000e+00
      vertex   2.304783e+01 2.773581e+01 -1.490000e+00
      vertex   2.186798e+01 2.789114e+01 -1.490000e+00
    endloop
  endfacet
  facet normal -0.000000e+00 0.000000e+00 1.000000e+00
    outer loop
      vertex   2.186798e+01 2.789114e+01 -1.490000e+00
      vertex   2.304783e+01 2.773581e+01 -1.490000e+00
      vertex   2.292864e+01 2.789114e+01 -1.490000e+00
    endloop
  endfacet
  facet normal 0.000000e+00 0.000000e+00 1.000000e+00
    outer loop
      vertex   2.186798e+01 2.789114e+01 -1.490000e+00
      vertex   2.292864e+01 2.789114e+01 -1.490000e+00
      vertex   2.202331e+01 2.801033e+01 -1.490000e+00
    endloop
  endfacet
  facet normal -0.000000e+00 0.000000e+00 1.000000e+00
    outer loop
      vertex   2.202331e+01 2.801033e+01 -1.490000e+00
      vertex   2.292864e+01 2.789114e+01 -1.490000e+00
      vertex   2.277331e+01 2.801033e+01 -1.490000e+00
    endloop
  endfacet
  facet normal 0.000000e+00 0.000000e+00 1.000000e+00
    outer loop
      vertex   2.202331e+01 2.801033e+01 -1.490000e+00
      vertex   2.277331e+01 2.801033e+01 -1.490000e+00
      vertex   2.220420e+01 2.808526e+01 -1.490000e+00
    endloop
  endfacet
  facet normal -0.000000e+00 0.000000e+00 1.000000e+00
    outer loop
      vertex   2.220420e+01 2.808526e+01 -1.490000e+00
      vertex   2.277331e+01 2.801033e+01 -1.490000e+00
      vertex   2.259243e+01 2.808526e+01 -1.490000e+00
    endloop
  endfacet
  facet normal 0.000000e+00 0.000000e+00 1.000000e+00
    outer loop
      vertex   2.220420e+01 2.808526e+01 -1.490000e+00
      vertex   2.259243e+01 2.808526e+01 -1.490000e+00
      vertex   2.239831e+01 2.811081e+01 -1.490000e+00
    endloop
  endfacet
  facet normal -9.914449e-01 1.305262e-01 0.000000e+00
    outer loop
      vertex   -2.188556e+01 2.730589e+01 -1.490000e+00
      vertex   -2.188556e+01 2.730589e+01 1.510000e+00
      vertex   -2.186000e+01 2.750000e+01 -1.490000e+00
    endloop
  endfacet
  facet normal -9.914449e-01 1.305262e-01 0.000000e+00
    outer loop
      vertex   -2.186000e+01 2.750000e+01 -1.490000e+00
      vertex   -2.188556e+01 2.730589e+01 1.510000e+00
      vertex   -2.186000e+01 2.750000e+01 1.510000e+00
    endloop
  endfacet
  facet normal -9.914449e-01 -1.305262e-01 0.000000e+00
    outer loop
      vertex   -2.186000e+01 2.750000e+01 -1.490000e+00
      vertex   -2.186000e+01 2.750000e+01 1.510000e+00
      vertex   -2.188556e+01 2.769411e+01 -1.490000e+00
    endloop
  endfacet
  facet normal -9.914449e-01 -1.305262e-01 0.000000e+00
    outer loop
      vertex   -2.188556e+01 2.769411e+01 -1.490000e+00
      vertex   -2.186000e+01 2.750000e+01 1.510000e+00
      vertex   -2.188556e+01 2.769411e+01 1.510000e+00
    endloop
  endfacet
  facet normal -9.238795e-01 -3.826834e-01 0.000000e+00
    outer loop
      vertex   -2.188556e+01 2.769411e+01 -1.490000e+00
      vertex   -2.188556e+01 2.769411e+01 1.510000e+00
      vertex   -2.196048e+01 2.787500e+01 -1.490000e+00
    endloop
  endfacet
  facet normal -9.238795e-01 -3.826834e-01 0.000000e+00
    outer loop
      vertex   -2.196048e+01 2.787500e+01 -1.490000e+00
      vertex   -2.188556e+01 2.769411e+01 1.510000e+00
      vertex   -2.196048e+01 2.787500e+01 1.510000e+00
    endloop
  endfacet
  facet normal -7.933533e-01 -6.087614e-01 0.000000e+00
    outer loop
      vertex   -2.196048e+01 2.787500e+01 -1.490000e+00
      vertex   -2.196048e+01 2.787500e+01 1.510000e+00
      vertex   -2.207967e+01 2.803033e+01 -1.490000e+00
    endloop
  endfacet
  facet normal -7.933533e-01 -6.087614e-01 0.000000e+00
    outer loop
      vertex   -2.207967e+01 2.803033e+01 -1.490000e+00
      vertex   -2.196048e+01 2.787500e+01 1.510000e+00
      vertex   -2.207967e+01 2.803033e+01 1.510000e+00
    endloop
  endfacet
  facet normal -6.087614e-01 -7.933533e-01 0.000000e+00
    outer loop
      vertex   -2.207967e+01 2.803033e+01 -1.490000e+00
      vertex   -2.207967e+01 2.803033e+01 1.510000e+00
      vertex   -2.223500e+01 2.814952e+01 -1.490000e+00
    endloop
  endfacet
  facet normal -6.087614e-01 -7.933533e-01 0.000000e+00
    outer loop
      vertex   -2.223500e+01 2.814952e+01 -1.490000e+00
      vertex   -2.207967e+01 2.803033e+01 1.510000e+00
      vertex   -2.223500e+01 2.814952e+01 1.510000e+00
    endloop
  endfacet
  facet normal -3.826834e-01 -9.238795e-01 0.000000e+00
    outer loop
      vertex   -2.223500e+01 2.814952e+01 -1.490000e+00
      vertex   -2.223500e+01 2.814952e+01 1.510000e+00
      vertex   -2.241589e+01 2.822444e+01 -1.490000e+00
    endloop
  endfacet
  facet normal -3.826834e-01 -9.238795e-01 0.000000e+00
    outer loop
      vertex   -2.241589e+01 2.822444e+01 -1.490000e+00
      vertex   -2.223500e+01 2.814952e+01 1.510000e+00
      vertex   -2.241589e+01 2.822444e+01 1.510000e+00
    endloop
  endfacet
  facet normal -1.305262e-01 -9.914449e-01 0.000000e+00
    outer loop
      vertex   -2.241589e+01 2.822444e+01 -1.490000e+00
      vertex   -2.241589e+01 2.822444e+01 1.510000e+00
      vertex   -2.261000e+01 2.825000e+01 -1.490000e+00
    endloop
  endfacet
  facet normal -1.305262e-01 -9.914449e-01 0.000000e+00
    outer loop
      vertex   -2.261000e+01 2.825000e+01 -1.490000e+00
      vertex   -2.241589e+01 2.822444e+01 1.510000e+00
      vertex   -2.261000e+01 2.825000e+01 1.510000e+00
    endloop
  endfacet
  facet normal 1.305262e-01 -9.914449e-01 0.000000e+00
    outer loop
      vertex   -2.261000e+01 2.825000e+01 -1.490000e+00
      vertex   -2.261000e+01 2.825000e+01 1.510000e+00
      vertex   -2.280411e+01 2.822444e+01 -1.490000e+00
    endloop
  endfacet
  facet normal 1.305262e-01 -9.914449e-01 0.000000e+00
    outer loop
      vertex   -2.280411e+01 2.822444e+01 -1.490000e+00
      vertex   -2.261000e+01 2.825000e+01 1.510000e+00
      vertex   -2.280411e+01 2.822444e+01 1.510000e+00
    endloop
  endfacet
  facet normal 3.826834e-01 -9.238795e-01 0.000000e+00
    outer loop
      vertex   -2.280411e+01 2.822444e+01 -1.490000e+00
      vertex   -2.280411e+01 2.822444e+01 1.510000e+00
      vertex   -2.298500e+01 2.814952e+01 -1.490000e+00
    endloop
  endfacet
  facet normal 3.826834e-01 -9.238795e-01 0.000000e+00
    outer loop
      vertex   -2.298500e+01 2.814952e+01 -1.490000e+00
      vertex   -2.280411e+01 2.822444e+01 1.510000e+00
      vertex   -2.298500e+01 2.814952e+01 1.510000e+00
    endloop
  endfacet
  facet normal 6.087614e-01 -7.933533e-01 0.000000e+00
    outer loop
      vertex   -2.298500e+01 2.814952e+01 -1.490000e+00
      vertex   -2.298500e+01 2.814952e+01 1.510000e+00
      vertex   -2.314033e+01 2.803033e+01 -1.490000e+00
    endloop
  endfacet
  facet normal 6.087614e-01 -7.933533e-01 0.000000e+00
    outer loop
      vertex   -2.314033e+01 2.803033e+01 -1.490000e+00
      vertex   -2.298500e+01 2.814952e+01 1.510000e+00
      vertex   -2.314033e+01 2.803033e+01 1.510000e+00
    endloop
  endfacet
  facet normal 7.933533e-01 -6.087614e-01 0.000000e+00
    outer loop
      vertex   -2.314033e+01 2.803033e+01 -1.490000e+00
      vertex   -2.314033e+01 2.803033e+01 1.510000e+00
      vertex   -2.325952e+01 2.787500e+01 -1.490000e+00
    endloop
  endfacet
  facet normal 7.933533e-01 -6.087614e-01 0.000000e+00
    outer loop
      vertex   -2.325952e+01 2.787500e+01 -1.490000e+00
      vertex   -2.314033e+01 2.803033e+01 1.510000e+00
      vertex   -2.325952e+01 2.787500e+01 1.510000e+00
    endloop
  endfacet
  facet normal 9.238795e-01 -3.826834e-01 0.000000e+00
    outer loop
      vertex   -2.325952e+01 2.787500e+01 -1.490000e+00
      vertex   -2.325952e+01 2.787500e+01 1.510000e+00
      vertex   -2.333444e+01 2.769411e+01 -1.490000e+00
    endloop
  endfacet
  facet normal 9.238795e-01 -3.826834e-01 0.000000e+00
    outer loop
      vertex   -2.333444e+01 2.769411e+01 -1.490000e+00
      vertex   -2.325952e+01 2.787500e+01 1.510000e+00
      vertex   -2.333444e+01 2.769411e+01 1.510000e+00
    endloop
  endfacet
  facet normal 9.914449e-01 -1.305262e-01 0.000000e+00
    outer loop
      vertex   -2.333444e+01 2.769411e+01 -1.490000e+00
      vertex   -2.333444e+01 2.769411e+01 1.510000e+00
      vertex   -2.336000e+01 2.750000e+01 -1.490000e+00
    endloop
  endfacet
  facet normal 9.914449e-01 -1.305262e-01 0.000000e+00
    outer loop
      vertex   -2.336000e+01 2.750000e+01 -1.490000e+00
      vertex   -2.333444e+01 2.769411e+01 1.510000e+00
      vertex   -2.336000e+01 2.750000e+01 1.510000e+00
    endloop
  endfacet
  facet normal 9.914449e-01 1.305262e-01 -0.000000e+00
    outer loop
      vertex   -2.336000e+01 2.750000e+01 -1.490000e+00
      vertex   -2.336000e+01 2.750000e+01 1.510000e+00
      vertex   -2.333444e+01 2.730589e+01 -1.490000e+00
    endloop
  endfacet
  facet normal 9.914449e-01 1.305262e-01 -0.000000e+00
    outer loop
      vertex   -2.333444e+01 2.730589e+01 -1.490000e+00
      vertex   -2.336000e+01 2.750000e+01 1.510000e+00
      vertex   -2.333444e+01 2.730589e+01 1.510000e+00
    endloop
  endfacet
  facet normal 9.238795e-01 3.826834e-01 -0.000000e+00
    outer loop
      vertex   -2.333444e+01 2.730589e+01 -1.490000e+00
      vertex   -2.333444e+01 2.730589e+01 1.510000e+00
      vertex   -2.325952e+01 2.712500e+01 -1.490000e+00
    endloop
  endfacet
  facet normal 9.238795e-01 3.826834e-01 -0.000000e+00
    outer loop
      vertex   -2.325952e+01 2.712500e+01 -1.490000e+00
      vertex   -2.333444e+01 2.730589e+01 1.510000e+00
      vertex   -2.325952e+01 2.712500e+01 1.510000e+00
    endloop
  endfacet
  facet normal 7.933533e-01 6.087614e-01 -0.000000e+00
    outer loop
      vertex   -2.325952e+01 2.712500e+01 -1.490000e+00
      vertex   -2.325952e+01 2.712500e+01 1.510000e+00
      vertex   -2.314033e+01 2.696967e+01 -1.490000e+00
    endloop
  endfacet
  facet normal 7.933533e-01 6.087614e-01 -0.000000e+00
    outer loop
      vertex   -2.314033e+01 2.696967e+01 -1.490000e+00
      vertex   -2.325952e+01 2.712500e+01 1.510000e+00
      vertex   -2.314033e+01 2.696967e+01 1.510000e+00
    endloop
  endfacet
  facet normal 6.087614e-01 7.933533e-01 -0.000000e+00
    outer loop
      vertex   -2.314033e+01 2.696967e+01 -1.490000e+00
      vertex   -2.314033e+01 2.696967e+01 1.510000e+00
      vertex   -2.298500e+01 2.685048e+01 -1.490000e+00
    endloop
  endfacet
  facet normal 6.087614e-01 7.933533e-01 -0.000000e+00
    outer loop
      vertex   -2.298500e+01 2.685048e+01 -1.490000e+00
      vertex   -2.314033e+01 2.696967e+01 1.510000e+00
      vertex   -2.298500e+01 2.685048e+01 1.510000e+00
    endloop
  endfacet
  facet normal 3.826834e-01 9.238795e-01 -0.000000e+00
    outer loop
      vertex   -2.298500e+01 2.685048e+01 -1.490000e+00
      vertex   -2.298500e+01 2.685048e+01 1.510000e+00
      vertex   -2.280411e+01 2.677556e+01 -1.490000e+00
    endloop
  endfacet
  facet normal 3.826834e-01 9.238795e-01 -0.000000e+00
    outer loop
      vertex   -2.280411e+01 2.677556e+01 -1.490000e+00
      vertex   -2.298500e+01 2.685048e+01 1.510000e+00
      vertex   -2.280411e+01 2.677556e+01 1.510000e+00
    endloop
  endfacet
  facet normal 1.305262e-01 9.914449e-01 -0.000000e+00
    outer loop
      vertex   -2.280411e+01 2.677556e+01 -1.490000e+00
      vertex   -2.280411e+01 2.677556e+01 1.510000e+00
      vertex   -2.261000e+01 2.675000e+01 -1.490000e+00
    endloop
  endfacet
  facet normal 1.305262e-01 9.914449e-01 -0.000000e+00
    outer loop
      vertex   -2.261000e+01 2.675000e+01 -1.490000e+00
      vertex   -2.280411e+01 2.677556e+01 1.510000e+00
      vertex   -2.261000e+01 2.675000e+01 1.510000e+00
    endloop
  endfacet
  facet normal -1.305262e-01 9.914449e-01 0.000000e+00
    outer loop
      vertex   -2.261000e+01 2.675000e+01 -1.490000e+00
      vertex   -2.261000e+01 2.675000e+01 1.510000e+00
      vertex   -2.241589e+01 2.677556e+01 -1.490000e+00
    endloop
  endfacet
  facet normal -1.305262e-01 9.914449e-01 0.000000e+00
    outer loop
      vertex   -2.241589e+01 2.677556e+01 -1.490000e+00
      vertex   -2.261000e+01 2.675000e+01 1.510000e+00
      vertex   -2.241589e+01 2.677556e+01 1.510000e+00
    endloop
  endfacet
  facet normal -3.826834e-01 9.238795e-01 0.000000e+00
    outer loop
      vertex   -2.241589e+01 2.677556e+01 -1.490000e+00
      vertex   -2.241589e+01 2.677556e+01 1.510000e+00
      vertex   -2.223500e+01 2.685048e+01 -1.490000e+00
    endloop
  endfacet
  facet normal -3.826834e-01 9.238795e-01 0.000000e+00
    outer loop
      vertex   -2.223500e+01 2.685048e+01 -1.490000e+00
      vertex   -2.241589e+01 2.677556e+01 1.510000e+00
      vertex   -2.223500e+01 2.685048e+01 1.510000e+00
    endloop
  endfacet
  facet normal -6.087614e-01 7.933533e-01 0.000000e+00
    outer loop
      vertex   -2.223500e+01 2.685048e+01 -1.490000e+00
      vertex   -2.223500e+01 2.685048e+01 1.510000e+00
      vertex   -2.207967e+01 2.696967e+01 -1.490000e+00
    endloop
  endfacet
  facet normal -6.087614e-01 7.933533e-01 0.000000e+00
    outer loop
      vertex   -2.207967e+01 2.696967e+01 -1.490000e+00
      vertex   -2.223500e+01 2.685048e+01 1.510000e+00
      vertex   -2.207967e+01 2.696967e+01 1.510000e+00
    endloop
  endfacet
  facet normal -7.933533e-01 6.087614e-01 0.000000e+00
    outer loop
      vertex   -2.207967e+01 2.696967e+01 -1.490000e+00
      vertex   -2.207967e+01 2.696967e+01 1.510000e+00
      vertex   -2.196048e+01 2.712500e+01 -1.490000e+00
    endloop
  endfacet
  facet normal -7.933533e-01 6.087614e-01 0.000000e+00
    outer loop
      vertex   -2.196048e+01 2.712500e+01 -1.490000e+00
      vertex   -2.207967e+01 2.696967e+01 1.510000e+00
      vertex   -2.196048e+01 2.712500e+01 1.510000e+00
    endloop
  endfacet
  facet normal -9.238795e-01 3.826834e-01 0.000000e+00
    outer loop
      vertex   -2.196048e+01 2.712500e+01 -1.490000e+00
      vertex   -2.196048e+01 2.712500e+01 1.510000e+00
      vertex   -2.188556e+01 2.730589e+01 -1.490000e+00
    endloop
  endfacet
  facet normal -9.238795e-01 3.826834e-01 0.000000e+00
    outer loop
      vertex   -2.188556e+01 2.730589e+01 -1.490000e+00
      vertex   -2.196048e+01 2.712500e+01 1.510000e+00
      vertex   -2.188556e+01 2.730589e+01 1.510000e+00
    endloop
  endfacet
  facet normal 0.000000e+00 0.000000e+00 1.000000e+00
    outer loop
      vertex   -2.188556e+01 2.769411e+01 -1.490000e+00
      vertex   -2.333444e+01 2.769411e+01 -1.490000e+00
      vertex   -2.186000e+01 2.750000e+01 -1.490000e+00
    endloop
  endfacet
  facet normal 0.000000e+00 0.000000e+00 1.000000e+00
    outer loop
      vertex   -2.186000e+01 2.750000e+01 -1.490000e+00
      vertex   -2.333444e+01 2.769411e+01 -1.490000e+00
      vertex   -2.336000e+01 2.750000e+01 -1.490000e+00
    endloop
  endfacet
  facet normal 0.000000e+00 0.000000e+00 1.000000e+00
    outer loop
      vertex   -2.186000e+01 2.750000e+01 -1.490000e+00
      vertex   -2.336000e+01 2.750000e+01 -1.490000e+00
      vertex   -2.188556e+01 2.730589e+01 -1.490000e+00
    endloop
  endfacet
  facet normal 0.000000e+00 0.000000e+00 1.000000e+00
    outer loop
      vertex   -2.188556e+01 2.730589e+01 -1.490000e+00
      vertex   -2.336000e+01 2.750000e+01 -1.490000e+00
      vertex   -2.333444e+01 2.730589e+01 -1.490000e+00
    endloop
  endfacet
  facet normal 0.000000e+00 0.000000e+00 1.000000e+00
    outer loop
      vertex   -2.188556e+01 2.730589e+01 -1.490000e+00
      vertex   -2.333444e+01 2.730589e+01 -1.490000e+00
      vertex   -2.196048e+01 2.712500e+01 -1.490000e+00
    endloop
  endfacet
  facet normal 0.000000e+00 0.000000e+00 1.000000e+00
    outer loop
      vertex   -2.196048e+01 2.712500e+01 -1.490000e+00
      vertex   -2.333444e+01 2.730589e+01 -1.490000e+00
      vertex   -2.325952e+01 2.712500e+01 -1.490000e+00
    endloop
  endfacet
  facet normal 0.000000e+00 0.000000e+00 1.000000e+00
    outer loop
      vertex   -2.196048e+01 2.712500e+01 -1.490000e+00
      vertex   -2.325952e+01 2.712500e+01 -1.490000e+00
      vertex   -2.207967e+01 2.696967e+01 -1.490000e+00
    endloop
  endfacet
  facet normal 0.000000e+00 0.000000e+00 1.000000e+00
    outer loop
      vertex   -2.207967e+01 2.696967e+01 -1.490000e+00
      vertex   -2.325952e+01 2.712500e+01 -1.490000e+00
      vertex   -2.314033e+01 2.696967e+01 -1.490000e+00
    endloop
  endfacet
  facet normal 0.000000e+00 0.000000e+00 1.000000e+00
    outer loop
      vertex   -2.207967e+01 2.696967e+01 -1.490000e+00
      vertex   -2.314033e+01 2.696967e+01 -1.490000e+00
      vertex   -2.223500e+01 2.685048e+01 -1.490000e+00
    endloop
  endfacet
  facet normal 0.000000e+00 0.000000e+00 1.000000e+00
    outer loop
      vertex   -2.223500e+01 2.685048e+01 -1.490000e+00
      vertex   -2.314033e+01 2.696967e+01 -1.490000e+00
      vertex   -2.298500e+01 2.685048e+01 -1.490000e+00
    endloop
  endfacet
  facet normal 0.000000e+00 0.000000e+00 1.000000e+00
    outer loop
      vertex   -2.223500e+01 2.685048e+01 -1.490000e+00
      vertex   -2.298500e+01 2.685048e+01 -1.490000e+00
      vertex   -2.241589e+01 2.677556e+01 -1.490000e+00
    endloop
  endfacet
  facet normal 0.000000e+00 0.000000e+00 1.000000e+00
    outer loop
      vertex   -2.241589e+01 2.677556e+01 -1.490000e+00
      vertex   -2.298500e+01 2.685048e+01 -1.490000e+00
      vertex   -2.280411e+01 2.677556e+01 -1.490000e+00
    endloop
  endfacet
  facet normal 0.000000e+00 0.000000e+00 1.000000e+00
    outer loop
      vertex   -2.241589e+01 2.677556e+01 -1.490000e+00
      vertex   -2.280411e+01 2.677556e+01 -1.490000e+00
      vertex   -2.261000e+01 2.675000e+01 -1.490000e+00
    endloop
  endfacet
  facet normal 0.000000e+00 0.000000e+00 1.000000e+00
    outer loop
      vertex   -2.333444e+01 2.769411e+01 -1.490000e+00
      vertex   -2.188556e+01 2.769411e+01 -1.490000e+00
      vertex   -2.325952e+01 2.787500e+01 -1.490000e+00
    endloop
  endfacet
  facet normal -0.000000e+00 0.000000e+00 1.000000e+00
    outer loop
      vertex   -2.325952e+01 2.787500e+01 -1.490000e+00
      vertex   -2.188556e+01 2.769411e+01 -1.490000e+00
      vertex   -2.196048e+01 2.787500e+01 -1.490000e+00
    endloop
  endfacet
  facet normal 0.000000e+00 0.000000e+00 1.000000e+00
    outer loop
      vertex   -2.325952e+01 2.787500e+01 -1.490000e+00
      vertex   -2.196048e+01 2.787500e+01 -1.490000e+00
      vertex   -2.314033e+01 2.803033e+01 -1.490000e+00
    endloop
  endfacet
  facet normal -0.000000e+00 0.000000e+00 1.000000e+00
    outer loop
      vertex   -2.314033e+01 2.803033e+01 -1.490000e+00
      vertex   -2.196048e+01 2.787500e+01 -1.490000e+00
      vertex   -2.207967e+01 2.803033e+01 -1.490000e+00
    endloop
  endfacet
  facet normal 0.000000e+00 0.000000e+00 1.000000e+00
    outer loop
      vertex   -2.314033e+01 2.803033e+01 -1.490000e+00
      vertex   -2.207967e+01 2.803033e+01 -1.490000e+00
      vertex   -2.298500e+01 2.814952e+01 -1.490000e+00
    endloop
  endfacet
  facet normal -0.000000e+00 0.000000e+00 1.000000e+00
    outer loop
      vertex   -2.298500e+01 2.814952e+01 -1.490000e+00
      vertex   -2.207967e+01 2.803033e+01 -1.490000e+00
      vertex   -2.223500e+01 2.814952e+01 -1.490000e+00
    endloop
  endfacet
  facet normal 0.000000e+00 0.000000e+00 1.000000e+00
    outer loop
      vertex   -2.298500e+01 2.814952e+01 -1.490000e+00
      vertex   -2.223500e+01 2.814952e+01 -1.490000e+00
      vertex   -2.280411e+01 2.822444e+01 -1.490000e+00
    endloop
  endfacet
  facet normal -0.000000e+00 0.000000e+00 1.000000e+00
    outer loop
      vertex   -2.280411e+01 2.822444e+01 -1.490000e+00
      vertex   -2.223500e+01 2.814952e+01 -1.490000e+00
      vertex   -2.241589e+01 2.822444e+01 -1.490000e+00
    endloop
  endfacet
  facet normal 0.000000e+00 0.000000e+00 1.000000e+00
    outer loop
      vertex   -2.280411e+01 2.822444e+01 -1.490000e+00
      vertex   -2.241589e+01 2.822444e+01 -1.490000e+00
      vertex   -2.261000e+01 2.825000e+01 -1.490000e+00
    endloop
  endfacet
  facet normal -9.914449e-01 1.305262e-01 0.000000e+00
    outer loop
      vertex   2.318982e+01 -2.782317e+01 -1.490000e+00
      vertex   2.318982e+01 -2.782317e+01 1.510000e+00
      vertex   2.321537e+01 -2.762905e+01 -1.490000e+00
    endloop
  endfacet
  facet normal -9.914449e-01 1.305262e-01 0.000000e+00
    outer loop
      vertex   2.321537e+01 -2.762905e+01 -1.490000e+00
      vertex   2.318982e+01 -2.782317e+01 1.510000e+00
      vertex   2.321537e+01 -2.762905e+01 1.510000e+00
    endloop
  endfacet
  facet normal -9.914449e-01 -1.305262e-01 0.000000e+00
    outer loop
      vertex   2.321537e+01 -2.762905e+01 -1.490000e+00
      vertex   2.321537e+01 -2.762905e+01 1.510000e+00
      vertex   2.318982e+01 -2.743494e+01 -1.490000e+00
    endloop
  endfacet
  facet normal -9.914449e-01 -1.305262e-01 0.000000e+00
    outer loop
      vertex   2.318982e+01 -2.743494e+01 -1.490000e+00
      vertex   2.321537e+01 -2.762905e+01 1.510000e+00
      vertex   2.318982e+01 -2.743494e+01 1.510000e+00
    endloop
  endfacet
  facet normal -9.238795e-01 -3.826834e-01 0.000000e+00
    outer loop
      vertex   2.318982e+01 -2.743494e+01 -1.490000e+00
      vertex   2.318982e+01 -2.743494e+01 1.510000e+00
      vertex   2.311489e+01 -2.725405e+01 -1.490000e+00
    endloop
  endfacet
  facet normal -9.238795e-01 -3.826834e-01 0.000000e+00
    outer loop
      vertex   2.311489e+01 -2.725405e+01 -1.490000e+00
      vertex   2.318982e+01 -2.743494e+01 1.510000e+00
      vertex   2.311489e+01 -2.725405e+01 1.510000e+00
    endloop
  endfacet
  facet normal -7.933533e-01 -6.087614e-01 0.000000e+00
    outer loop
      vertex   2.311489e+01 -2.725405e+01 -1.490000e+00
      vertex   2.311489e+01 -2.725405e+01 1.510000e+00
      vertex   2.299570e+01 -2.709872e+01 -1.490000e+00
    endloop
  endfacet
  facet normal -7.933533e-01 -6.087614e-01 0.000000e+00
    outer loop
      vertex   2.299570e+01 -2.709872e+01 -1.490000e+00
      vertex   2.311489e+01 -2.725405e+01 1.510000e+00
      vertex   2.299570e+01 -2.709872e+01 1.510000e+00
    endloop
  endfacet
  facet normal -6.087614e-01 -7.933533e-01 0.000000e+00
    outer loop
      vertex   2.299570e+01 -2.709872e+01 -1.490000e+00
      vertex   2.299570e+01 -2.709872e+01 1.510000e+00
      vertex   2.284037e+01 -2.697954e+01 -1.490000e+00
    endloop
  endfacet
  facet normal -6.087614e-01 -7.933533e-01 0.000000e+00
    outer loop
      vertex   2.284037e+01 -2.697954e+01 -1.490000e+00
      vertex   2.299570e+01 -2.709872e+01 1.510000e+00
      vertex   2.284037e+01 -2.697954e+01 1.510000e+00
    endloop
  endfacet
  facet normal -3.826834e-01 -9.238795e-01 0.000000e+00
    outer loop
      vertex   2.284037e+01 -2.697954e+01 -1.490000e+00
      vertex   2.284037e+01 -2.697954e+01 1.510000e+00
      vertex   2.265949e+01 -2.690461e+01 -1.490000e+00
    endloop
  endfacet
  facet normal -3.826834e-01 -9.238795e-01 0.000000e+00
    outer loop
      vertex   2.265949e+01 -2.690461e+01 -1.490000e+00
      vertex   2.284037e+01 -2.697954e+01 1.510000e+00
      vertex   2.265949e+01 -2.690461e+01 1.510000e+00
    endloop
  endfacet
  facet normal -1.305262e-01 -9.914449e-01 0.000000e+00
    outer loop
      vertex   2.265949e+01 -2.690461e+01 -1.490000e+00
      vertex   2.265949e+01 -2.690461e+01 1.510000e+00
      vertex   2.246537e+01 -2.687905e+01 -1.490000e+00
    endloop
  endfacet
  facet normal -1.305262e-01 -9.914449e-01 0.000000e+00
    outer loop
      vertex   2.246537e+01 -2.687905e+01 -1.490000e+00
      vertex   2.265949e+01 -2.690461e+01 1.510000e+00
      vertex   2.246537e+01 -2.687905e+01 1.510000e+00
    endloop
  endfacet
  facet normal 1.305262e-01 -9.914449e-01 0.000000e+00
    outer loop
      vertex   2.246537e+01 -2.687905e+01 -1.490000e+00
      vertex   2.246537e+01 -2.687905e+01 1.510000e+00
      vertex   2.227126e+01 -2.690461e+01 -1.490000e+00
    endloop
  endfacet
  facet normal 1.305262e-01 -9.914449e-01 0.000000e+00
    outer loop
      vertex   2.227126e+01 -2.690461e+01 -1.490000e+00
      vertex   2.246537e+01 -2.687905e+01 1.510000e+00
      vertex   2.227126e+01 -2.690461e+01 1.510000e+00
    endloop
  endfacet
  facet normal 3.826834e-01 -9.238795e-01 0.000000e+00
    outer loop
      vertex   2.227126e+01 -2.690461e+01 -1.490000e+00
      vertex   2.227126e+01 -2.690461e+01 1.510000e+00
      vertex   2.209037e+01 -2.697954e+01 -1.490000e+00
    endloop
  endfacet
  facet normal 3.826834e-01 -9.238795e-01 0.000000e+00
    outer loop
      vertex   2.209037e+01 -2.697954e+01 -1.490000e+00
      vertex   2.227126e+01 -2.690461e+01 1.510000e+00
      vertex   2.209037e+01 -2.697954e+01 1.510000e+00
    endloop
  endfacet
  facet normal 6.087614e-01 -7.933533e-01 0.000000e+00
    outer loop
      vertex   2.209037e+01 -2.697954e+01 -1.490000e+00
      vertex   2.209037e+01 -2.697954e+01 1.510000e+00
      vertex   2.193504e+01 -2.709872e+01 -1.490000e+00
    endloop
  endfacet
  facet normal 6.087614e-01 -7.933533e-01 0.000000e+00
    outer loop
      vertex   2.193504e+01 -2.709872e+01 -1.490000e+00
      vertex   2.209037e+01 -2.697954e+01 1.510000e+00
      vertex   2.193504e+01 -2.709872e+01 1.510000e+00
    endloop
  endfacet
  facet normal 7.933533e-01 -6.087614e-01 0.000000e+00
    outer loop
      vertex   2.193504e+01 -2.709872e+01 -1.490000e+00
      vertex   2.193504e+01 -2.709872e+01 1.510000e+00
      vertex   2.181585e+01 -2.725405e+01 -1.490000e+00
    endloop
  endfacet
  facet normal 7.933533e-01 -6.087614e-01 0.000000e+00
    outer loop
      vertex   2.181585e+01 -2.725405e+01 -1.490000e+00
      vertex   2.193504e+01 -2.709872e+01 1.510000e+00
      vertex   2.181585e+01 -2.725405e+01 1.510000e+00
    endloop
  endfacet
  facet normal 9.238795e-01 -3.826834e-01 0.000000e+00
    outer loop
      vertex   2.181585e+01 -2.725405e+01 -1.490000e+00
      vertex   2.181585e+01 -2.725405e+01 1.510000e+00
      vertex   2.174093e+01 -2.743494e+01 -1.490000e+00
    endloop
  endfacet
  facet normal 9.238795e-01 -3.826834e-01 0.000000e+00
    outer loop
      vertex   2.174093e+01 -2.743494e+01 -1.490000e+00
      vertex   2.181585e+01 -2.725405e+01 1.510000e+00
      vertex   2.174093e+01 -2.743494e+01 1.510000e+00
    endloop
  endfacet
  facet normal 9.914449e-01 -1.305262e-01 0.000000e+00
    outer loop
      vertex   2.174093e+01 -2.743494e+01 -1.490000e+00
      vertex   2.174093e+01 -2.743494e+01 1.510000e+00
      vertex   2.171537e+01 -2.762905e+01 -1.490000e+00
    endloop
  endfacet
  facet normal 9.914449e-01 -1.305262e-01 0.000000e+00
    outer loop
      vertex   2.171537e+01 -2.762905e+01 -1.490000e+00
      vertex   2.174093e+01 -2.743494e+01 1.510000e+00
      vertex   2.171537e+01 -2.762905e+01 1.510000e+00
    endloop
  endfacet
  facet normal 9.914449e-01 1.305262e-01 -0.000000e+00
    outer loop
      vertex   2.171537e+01 -2.762905e+01 -1.490000e+00
      vertex   2.171537e+01 -2.762905e+01 1.510000e+00
      vertex   2.174093e+01 -2.782317e+01 -1.490000e+00
    endloop
  endfacet
  facet normal 9.914449e-01 1.305262e-01 -0.000000e+00
    outer loop
      vertex   2.174093e+01 -2.782317e+01 -1.490000e+00
      vertex   2.171537e+01 -2.762905e+01 1.510000e+00
      vertex   2.174093e+01 -2.782317e+01 1.510000e+00
    endloop
  endfacet
  facet normal 9.238795e-01 3.826834e-01 -0.000000e+00
    outer loop
      vertex   2.174093e+01 -2.782317e+01 -1.490000e+00
      vertex   2.174093e+01 -2.782317e+01 1.510000e+00
      vertex   2.181585e+01 -2.800405e+01 -1.490000e+00
    endloop
  endfacet
  facet normal 9.238795e-01 3.826834e-01 -0.000000e+00
    outer loop
      vertex   2.181585e+01 -2.800405e+01 -1.490000e+00
      vertex   2.174093e+01 -2.782317e+01 1.510000e+00
      vertex   2.181585e+01 -2.800405e+01 1.510000e+00
    endloop
  endfacet
  facet normal 7.933533e-01 6.087614e-01 -0.000000e+00
    outer loop
      vertex   2.181585e+01 -2.800405e+01 -1.490000e+00
      vertex   2.181585e+01 -2.800405e+01 1.510000e+00
      vertex   2.193504e+01 -2.815938e+01 -1.490000e+00
    endloop
  endfacet
  facet normal 7.933533e-01 6.087614e-01 -0.000000e+00
    outer loop
      vertex   2.193504e+01 -2.815938e+01 -1.490000e+00
      vertex   2.181585e+01 -2.800405e+01 1.510000e+00
      vertex   2.193504e+01 -2.815938e+01 1.510000e+00
    endloop
  endfacet
  facet normal 6.087614e-01 7.933533e-01 -0.000000e+00
    outer loop
      vertex   2.193504e+01 -2.815938e+01 -1.490000e+00
      vertex   2.193504e+01 -2.815938e+01 1.510000e+00
      vertex   2.209037e+01 -2.827857e+01 -1.490000e+00
    endloop
  endfacet
  facet normal 6.087614e-01 7.933533e-01 -0.000000e+00
    outer loop
      vertex   2.209037e+01 -2.827857e+01 -1.490000e+00
      vertex   2.193504e+01 -2.815938e+01 1.510000e+00
      vertex   2.209037e+01 -2.827857e+01 1.510000e+00
    endloop
  endfacet
  facet normal 3.826834e-01 9.238795e-01 -0.000000e+00
    outer loop
      vertex   2.209037e+01 -2.827857e+01 -1.490000e+00
      vertex   2.209037e+01 -2.827857e+01 1.510000e+00
      vertex   2.227126e+01 -2.835350e+01 -1.490000e+00
    endloop
  endfacet
  facet normal 3.826834e-01 9.238795e-01 -0.000000e+00
    outer loop
      vertex   2.227126e+01 -2.835350e+01 -1.490000e+00
      vertex   2.209037e+01 -2.827857e+01 1.510000e+00
      vertex   2.227126e+01 -2.835350e+01 1.510000e+00
    endloop
  endfacet
  facet normal 1.305262e-01 9.914449e-01 -0.000000e+00
    outer loop
      vertex   2.227126e+01 -2.835350e+01 -1.490000e+00
      vertex   2.227126e+01 -2.835350e+01 1.510000e+00
      vertex   2.246537e+01 -2.837905e+01 -1.490000e+00
    endloop
  endfacet
  facet normal 1.305262e-01 9.914449e-01 -0.000000e+00
    outer loop
      vertex   2.246537e+01 -2.837905e+01 -1.490000e+00
      vertex   2.227126e+01 -2.835350e+01 1.510000e+00
      vertex   2.246537e+01 -2.837905e+01 1.510000e+00
    endloop
  endfacet
  facet normal -1.305262e-01 9.914449e-01 0.000000e+00
    outer loop
      vertex   2.246537e+01 -2.837905e+01 -1.490000e+00
      vertex   2.246537e+01 -2.837905e+01 1.510000e+00
      vertex   2.265949e+01 -2.835350e+01 -1.490000e+00
    endloop
  endfacet
  facet normal -1.305262e-01 9.914449e-01 0.000000e+00
    outer loop
      vertex   2.265949e+01 -2.835350e+01 -1.490000e+00
      vertex   2.246537e+01 -2.837905e+01 1.510000e+00
      vertex   2.265949e+01 -2.835350e+01 1.510000e+00
    endloop
  endfacet
  facet normal -3.826834e-01 9.238795e-01 0.000000e+00
    outer loop
      vertex   2.265949e+01 -2.835350e+01 -1.490000e+00
      vertex   2.265949e+01 -2.835350e+01 1.510000e+00
      vertex   2.284037e+01 -2.827857e+01 -1.490000e+00
    endloop
  endfacet
  facet normal -3.826834e-01 9.238795e-01 0.000000e+00
    outer loop
      vertex   2.284037e+01 -2.827857e+01 -1.490000e+00
      vertex   2.265949e+01 -2.835350e+01 1.510000e+00
      vertex   2.284037e+01 -2.827857e+01 1.510000e+00
    endloop
  endfacet
  facet normal -6.087614e-01 7.933533e-01 0.000000e+00
    outer loop
      vertex   2.284037e+01 -2.827857e+01 -1.490000e+00
      vertex   2.284037e+01 -2.827857e+01 1.510000e+00
      vertex   2.299570e+01 -2.815938e+01 -1.490000e+00
    endloop
  endfacet
  facet normal -6.087614e-01 7.933533e-01 0.000000e+00
    outer loop
      vertex   2.299570e+01 -2.815938e+01 -1.490000e+00
      vertex   2.284037e+01 -2.827857e+01 1.510000e+00
      vertex   2.299570e+01 -2.815938e+01 1.510000e+00
    endloop
  endfacet
  facet normal -7.933533e-01 6.087614e-01 0.000000e+00
    outer loop
      vertex   2.299570e+01 -2.815938e+01 -1.490000e+00
      vertex   2.299570e+01 -2.815938e+01 1.510000e+00
      vertex   2.311489e+01 -2.800405e+01 -1.490000e+00
    endloop
  endfacet
  facet normal -7.933533e-01 6.087614e-01 0.000000e+00
    outer loop
      vertex   2.311489e+01 -2.800405e+01 -1.490000e+00
      vertex   2.299570e+01 -2.815938e+01 1.510000e+00
      vertex   2.311489e+01 -2.800405e+01 1.510000e+00
    endloop
  endfacet
  facet normal -9.238795e-01 3.826834e-01 0.000000e+00
    outer loop
      vertex   2.311489e+01 -2.800405e+01 -1.490000e+00
      vertex   2.311489e+01 -2.800405e+01 1.510000e+00
      vertex   2.318982e+01 -2.782317e+01 -1.490000e+00
    endloop
  endfacet
  facet normal -9.238795e-01 3.826834e-01 0.000000e+00
    outer loop
      vertex   2.318982e+01 -2.782317e+01 -1.490000e+00
      vertex   2.311489e+01 -2.800405e+01 1.510000e+00
      vertex   2.318982e+01 -2.782317e+01 1.510000e+00
    endloop
  endfacet
  facet normal 0.000000e+00 0.000000e+00 1.000000e+00
    outer loop
      vertex   2.318982e+01 -2.743494e+01 -1.490000e+00
      vertex   2.174093e+01 -2.743494e+01 -1.490000e+00
      vertex   2.321537e+01 -2.762905e+01 -1.490000e+00
    endloop
  endfacet
  facet normal 0.000000e+00 0.000000e+00 1.000000e+00
    outer loop
      vertex   2.321537e+01 -2.762905e+01 -1.490000e+00
      vertex   2.174093e+01 -2.743494e+01 -1.490000e+00
      vertex   2.171537e+01 -2.762905e+01 -1.490000e+00
    endloop
  endfacet
  facet normal 0.000000e+00 0.000000e+00 1.000000e+00
    outer loop
      vertex   2.321537e+01 -2.762905e+01 -1.490000e+00
      vertex   2.171537e+01 -2.762905e+01 -1.490000e+00
      vertex   2.318982e+01 -2.782317e+01 -1.490000e+00
    endloop
  endfacet
  facet normal 0.000000e+00 0.000000e+00 1.000000e+00
    outer loop
      vertex   2.318982e+01 -2.782317e+01 -1.490000e+00
      vertex   2.171537e+01 -2.762905e+01 -1.490000e+00
      vertex   2.174093e+01 -2.782317e+01 -1.490000e+00
    endloop
  endfacet
  facet normal 0.000000e+00 0.000000e+00 1.000000e+00
    outer loop
      vertex   2.318982e+01 -2.782317e+01 -1.490000e+00
      vertex   2.174093e+01 -2.782317e+01 -1.490000e+00
      vertex   2.311489e+01 -2.800405e+01 -1.490000e+00
    endloop
  endfacet
  facet normal 0.000000e+00 0.000000e+00 1.000000e+00
    outer loop
      vertex   2.311489e+01 -2.800405e+01 -1.490000e+00
      vertex   2.174093e+01 -2.782317e+01 -1.490000e+00
      vertex   2.181585e+01 -2.800405e+01 -1.490000e+00
    endloop
  endfacet
  facet normal 0.000000e+00 0.000000e+00 1.000000e+00
    outer loop
      vertex   2.311489e+01 -2.800405e+01 -1.490000e+00
      vertex   2.181585e+01 -2.800405e+01 -1.490000e+00
      vertex   2.299570e+01 -2.815938e+01 -1.490000e+00
    endloop
  endfacet
  facet normal 0.000000e+00 0.000000e+00 1.000000e+00
    outer loop
      vertex   2.299570e+01 -2.815938e+01 -1.490000e+00
      vertex   2.181585e+01 -2.800405e+01 -1.490000e+00
      vertex   2.193504e+01 -2.815938e+01 -1.490000e+00
    endloop
  endfacet
  facet normal 0.000000e+00 0.000000e+00 1.000000e+00
    outer loop
      vertex   2.299570e+01 -2.815938e+01 -1.490000e+00
      vertex   2.193504e+01 -2.815938e+01 -1.490000e+00
      vertex   2.284037e+01 -2.827857e+01 -1.490000e+00
    endloop
  endfacet
  facet normal 0.000000e+00 0.000000e+00 1.000000e+00
    outer loop
      vertex   2.284037e+01 -2.827857e+01 -1.490000e+00
      vertex   2.193504e+01 -2.815938e+01 -1.490000e+00
      vertex   2.209037e+01 -2.827857e+01 -1.490000e+00
    endloop
  endfacet
  facet normal 0.000000e+00 0.000000e+00 1.000000e+00
    outer loop
      vertex   2.284037e+01 -2.827857e+01 -1.490000e+00
      vertex   2.209037e+01 -2.827857e+01 -1.490000e+00
      vertex   2.265949e+01 -2.835350e+01 -1.490000e+00
    endloop
  endfacet
  facet normal 0.000000e+00 0.000000e+00 1.000000e+00
    outer loop
      vertex   2.265949e+01 -2.835350e+01 -1.490000e+00
      vertex   2.209037e+01 -2.827857e+01 -1.490000e+00
      vertex   2.227126e+01 -2.835350e+01 -1.490000e+00
    endloop
  endfacet
  facet normal 0.000000e+00 0.000000e+00 1.000000e+00
    outer loop
      vertex   2.265949e+01 -2.835350e+01 -1.490000e+00
      vertex   2.227126e+01 -2.835350e+01 -1.490000e+00
      vertex   2.246537e+01 -2.837905e+01 -1.490000e+00
    endloop
  endfacet
  facet normal 0.000000e+00 0.000000e+00 1.000000e+00
    outer loop
      vertex   2.174093e+01 -2.743494e+01 -1.490000e+00
      vertex   2.318982e+01 -2.743494e+01 -1.490000e+00
      vertex   2.181585e+01 -2.725405e+01 -1.490000e+00
    endloop
  endfacet
  facet normal -0.000000e+00 0.000000e+00 1.000000e+00
    outer loop
      vertex   2.181585e+01 -2.725405e+01 -1.490000e+00
      vertex   2.318982e+01 -2.743494e+01 -1.490000e+00
      vertex   2.311489e+01 -2.725405e+01 -1.490000e+00
    endloop
  endfacet
  facet normal 0.000000e+00 0.000000e+00 1.000000e+00
    outer loop
      vertex   2.181585e+01 -2.725405e+01 -1.490000e+00
      vertex   2.311489e+01 -2.725405e+01 -1.490000e+00
      vertex   2.193504e+01 -2.709872e+01 -1.490000e+00
    endloop
  endfacet
  facet normal -0.000000e+00 0.000000e+00 1.000000e+00
    outer loop
      vertex   2.193504e+01 -2.709872e+01 -1.490000e+00
      vertex   2.311489e+01 -2.725405e+01 -1.490000e+00
      vertex   2.299570e+01 -2.709872e+01 -1.490000e+00
    endloop
  endfacet
  facet normal 0.000000e+00 0.000000e+00 1.000000e+00
    outer loop
      vertex   2.193504e+01 -2.709872e+01 -1.490000e+00
      vertex   2.299570e+01 -2.709872e+01 -1.490000e+00
      vertex   2.209037e+01 -2.697954e+01 -1.490000e+00
    endloop
  endfacet
  facet normal -0.000000e+00 0.000000e+00 1.000000e+00
    outer loop
      vertex   2.209037e+01 -2.697954e+01 -1.490000e+00
      vertex   2.299570e+01 -2.709872e+01 -1.490000e+00
      vertex   2.284037e+01 -2.697954e+01 -1.490000e+00
    endloop
  endfacet
  facet normal 0.000000e+00 0.000000e+00 1.000000e+00
    outer loop
      vertex   2.209037e+01 -2.697954e+01 -1.490000e+00
      vertex   2.284037e+01 -2.697954e+01 -1.490000e+00
      vertex   2.227126e+01 -2.690461e+01 -1.490000e+00
    endloop
  endfacet
  facet normal -0.000000e+00 0.000000e+00 1.000000e+00
    outer loop
      vertex   2.227126e+01 -2.690461e+01 -1.490000e+00
      vertex   2.284037e+01 -2.697954e+01 -1.490000e+00
      vertex   2.265949e+01 -2.690461e+01 -1.490000e+00
    endloop
  endfacet
  facet normal 0.000000e+00 0.000000e+00 1.000000e+00
    outer loop
      vertex   2.227126e+01 -2.690461e+01 -1.490000e+00
      vertex   2.265949e+01 -2.690461e+01 -1.490000e+00
      vertex   2.246537e+01 -2.687905e+01 -1.490000e+00
    endloop
  endfacet
  facet normal -9.914449e-01 1.305262e-01 0.000000e+00
    outer loop
      vertex   -2.187505e+01 -2.782317e+01 -1.490000e+00
      vertex   -2.187505e+01 -2.782317e+01 1.510000e+00
      vertex   -2.184949e+01 -2.762905e+01 -1.490000e+00
    endloop
  endfacet
  facet normal -9.914449e-01 1.305262e-01 0.000000e+00
    outer loop
      vertex   -2.184949e+01 -2.762905e+01 -1.490000e+00
      vertex   -2.187505e+01 -2.782317e+01 1.510000e+00
      vertex   -2.184949e+01 -2.762905e+01 1.510000e+00
    endloop
  endfacet
  facet normal -9.914449e-01 -1.305262e-01 0.000000e+00
    outer loop
      vertex   -2.184949e+01 -2.762905e+01 -1.490000e+00
      vertex   -2.184949e+01 -2.762905e+01 1.510000e+00
      vertex   -2.187505e+01 -2.743494e+01 -1.490000e+00
    endloop
  endfacet
  facet normal -9.914449e-01 -1.305262e-01 0.000000e+00
    outer loop
      vertex   -2.187505e+01 -2.743494e+01 -1.490000e+00
      vertex   -2.184949e+01 -2.762905e+01 1.510000e+00
      vertex   -2.187505e+01 -2.743494e+01 1.510000e+00
    endloop
  endfacet
  facet normal -9.238795e-01 -3.826834e-01 0.000000e+00
    outer loop
      vertex   -2.187505e+01 -2.743494e+01 -1.490000e+00
      vertex   -2.187505e+01 -2.743494e+01 1.510000e+00
      vertex   -2.194997e+01 -2.725405e+01 -1.490000e+00
    endloop
  endfacet
  facet normal -9.238795e-01 -3.826834e-01 0.000000e+00
    outer loop
      vertex   -2.194997e+01 -2.725405e+01 -1.490000e+00
      vertex   -2.187505e+01 -2.743494e+01 1.510000e+00
      vertex   -2.194997e+01 -2.725405e+01 1.510000e+00
    endloop
  endfacet
  facet normal -7.933533e-01 -6.087614e-01 0.000000e+00
    outer loop
      vertex   -2.194997e+01 -2.725405e+01 -1.490000e+00
      vertex   -2.194997e+01 -2.725405e+01 1.510000e+00
      vertex   -2.206916e+01 -2.709872e+01 -1.490000e+00
    endloop
  endfacet
  facet normal -7.933533e-01 -6.087614e-01 0.000000e+00
    outer loop
      vertex   -2.206916e+01 -2.709872e+01 -1.490000e+00
      vertex   -2.194997e+01 -2.725405e+01 1.510000e+00
      vertex   -2.206916e+01 -2.709872e+01 1.510000e+00
    endloop
  endfacet
  facet normal -6.087614e-01 -7.933533e-01 0.000000e+00
    outer loop
      vertex   -2.206916e+01 -2.709872e+01 -1.490000e+00
      vertex   -2.206916e+01 -2.709872e+01 1.510000e+00
      vertex   -2.222449e+01 -2.697954e+01 -1.490000e+00
    endloop
  endfacet
  facet normal -6.087614e-01 -7.933533e-01 0.000000e+00
    outer loop
      vertex   -2.222449e+01 -2.697954e+01 -1.490000e+00
      vertex   -2.206916e+01 -2.709872e+01 1.510000e+00
      vertex   -2.222449e+01 -2.697954e+01 1.510000e+00
    endloop
  endfacet
  facet normal -3.826834e-01 -9.238795e-01 0.000000e+00
    outer loop
      vertex   -2.222449e+01 -2.697954e+01 -1.490000e+00
      vertex   -2.222449e+01 -2.697954e+01 1.510000e+00
      vertex   -2.240538e+01 -2.690461e+01 -1.490000e+00
    endloop
  endfacet
  facet normal -3.826834e-01 -9.238795e-01 0.000000e+00
    outer loop
      vertex   -2.240538e+01 -2.690461e+01 -1.490000e+00
      vertex   -2.222449e+01 -2.697954e+01 1.510000e+00
      vertex   -2.240538e+01 -2.690461e+01 1.510000e+00
    endloop
  endfacet
  facet normal -1.305262e-01 -9.914449e-01 0.000000e+00
    outer loop
      vertex   -2.240538e+01 -2.690461e+01 -1.490000e+00
      vertex   -2.240538e+01 -2.690461e+01 1.510000e+00
      vertex   -2.259949e+01 -2.687905e+01 -1.490000e+00
    endloop
  endfacet
  facet normal -1.305262e-01 -9.914449e-01 0.000000e+00
    outer loop
      vertex   -2.259949e+01 -2.687905e+01 -1.490000e+00
      vertex   -2.240538e+01 -2.690461e+01 1.510000e+00
      vertex   -2.259949e+01 -2.687905e+01 1.510000e+00
    endloop
  endfacet
  facet normal 1.305262e-01 -9.914449e-01 0.000000e+00
    outer loop
      vertex   -2.259949e+01 -2.687905e+01 -1.490000e+00
      vertex   -2.259949e+01 -2.687905e+01 1.510000e+00
      vertex   -2.279361e+01 -2.690461e+01 -1.490000e+00
    endloop
  endfacet
  facet normal 1.305262e-01 -9.914449e-01 0.000000e+00
    outer loop
      vertex   -2.279361e+01 -2.690461e+01 -1.490000e+00
      vertex   -2.259949e+01 -2.687905e+01 1.510000e+00
      vertex   -2.279361e+01 -2.690461e+01 1.510000e+00
    endloop
  endfacet
  facet normal 3.826834e-01 -9.238795e-01 0.000000e+00
    outer loop
      vertex   -2.279361e+01 -2.690461e+01 -1.490000e+00
      vertex   -2.279361e+01 -2.690461e+01 1.510000e+00
      vertex   -2.297449e+01 -2.697954e+01 -1.490000e+00
    endloop
  endfacet
  facet normal 3.826834e-01 -9.238795e-01 0.000000e+00
    outer loop
      vertex   -2.297449e+01 -2.697954e+01 -1.490000e+00
      vertex   -2.279361e+01 -2.690461e+01 1.510000e+00
      vertex   -2.297449e+01 -2.697954e+01 1.510000e+00
    endloop
  endfacet
  facet normal 6.087614e-01 -7.933533e-01 0.000000e+00
    outer loop
      vertex   -2.297449e+01 -2.697954e+01 -1.490000e+00
      vertex   -2.297449e+01 -2.697954e+01 1.510000e+00
      vertex   -2.312982e+01 -2.709872e+01 -1.490000e+00
    endloop
  endfacet
  facet normal 6.087614e-01 -7.933533e-01 0.000000e+00
    outer loop
      vertex   -2.312982e+01 -2.709872e+01 -1.490000e+00
      vertex   -2.297449e+01 -2.697954e+01 1.510000e+00
      vertex   -2.312982e+01 -2.709872e+01 1.510000e+00
    endloop
  endfacet
  facet normal 7.933533e-01 -6.087614e-01 0.000000e+00
    outer loop
      vertex   -2.312982e+01 -2.709872e+01 -1.490000e+00
      vertex   -2.312982e+01 -2.709872e+01 1.510000e+00
      vertex   -2.324901e+01 -2.725405e+01 -1.490000e+00
    endloop
  endfacet
  facet normal 7.933533e-01 -6.087614e-01 0.000000e+00
    outer loop
      vertex   -2.324901e+01 -2.725405e+01 -1.490000e+00
      vertex   -2.312982e+01 -2.709872e+01 1.510000e+00
      vertex   -2.324901e+01 -2.725405e+01 1.510000e+00
    endloop
  endfacet
  facet normal 9.238795e-01 -3.826834e-01 0.000000e+00
    outer loop
      vertex   -2.324901e+01 -2.725405e+01 -1.490000e+00
      vertex   -2.324901e+01 -2.725405e+01 1.510000e+00
      vertex   -2.332394e+01 -2.743494e+01 -1.490000e+00
    endloop
  endfacet
  facet normal 9.238795e-01 -3.826834e-01 0.000000e+00
    outer loop
      vertex   -2.332394e+01 -2.743494e+01 -1.490000e+00
      vertex   -2.324901e+01 -2.725405e+01 1.510000e+00
      vertex   -2.332394e+01 -2.743494e+01 1.510000e+00
    endloop
  endfacet
  facet normal 9.914449e-01 -1.305262e-01 0.000000e+00
    outer loop
      vertex   -2.332394e+01 -2.743494e+01 -1.490000e+00
      vertex   -2.332394e+01 -2.743494e+01 1.510000e+00
      vertex   -2.334949e+01 -2.762905e+01 -1.490000e+00
    endloop
  endfacet
  facet normal 9.914449e-01 -1.305262e-01 0.000000e+00
    outer loop
      vertex   -2.334949e+01 -2.762905e+01 -1.490000e+00
      vertex   -2.332394e+01 -2.743494e+01 1.510000e+00
      vertex   -2.334949e+01 -2.762905e+01 1.510000e+00
    endloop
  endfacet
  facet normal 9.914449e-01 1.305262e-01 -0.000000e+00
    outer loop
      vertex   -2.334949e+01 -2.762905e+01 -1.490000e+00
      vertex   -2.334949e+01 -2.762905e+01 1.510000e+00
      vertex   -2.332394e+01 -2.782317e+01 -1.490000e+00
    endloop
  endfacet
  facet normal 9.914449e-01 1.305262e-01 -0.000000e+00
    outer loop
      vertex   -2.332394e+01 -2.782317e+01 -1.490000e+00
      vertex   -2.334949e+01 -2.762905e+01 1.510000e+00
      vertex   -2.332394e+01 -2.782317e+01 1.510000e+00
    endloop
  endfacet
  facet normal 9.238795e-01 3.826834e-01 -0.000000e+00
    outer loop
      vertex   -2.332394e+01 -2.782317e+01 -1.490000e+00
      vertex   -2.332394e+01 -2.782317e+01 1.510000e+00
      vertex   -2.324901e+01 -2.800405e+01 -1.490000e+00
    endloop
  endfacet
  facet normal 9.238795e-01 3.826834e-01 -0.000000e+00
    outer loop
      vertex   -2.324901e+01 -2.800405e+01 -1.490000e+00
      vertex   -2.332394e+01 -2.782317e+01 1.510000e+00
      vertex   -2.324901e+01 -2.800405e+01 1.510000e+00
    endloop
  endfacet
  facet normal 7.933533e-01 6.087614e-01 -0.000000e+00
    outer loop
      vertex   -2.324901e+01 -2.800405e+01 -1.490000e+00
      vertex   -2.324901e+01 -2.800405e+01 1.510000e+00
      vertex   -2.312982e+01 -2.815938e+01 -1.490000e+00
    endloop
  endfacet
  facet normal 7.933533e-01 6.087614e-01 -0.000000e+00
    outer loop
      vertex   -2.312982e+01 -2.815938e+01 -1.490000e+00
      vertex   -2.324901e+01 -2.800405e+01 1.510000e+00
      vertex   -2.312982e+01 -2.815938e+01 1.510000e+00
    endloop
  endfacet
  facet normal 6.087614e-01 7.933533e-01 -0.000000e+00
    outer loop
      vertex   -2.312982e+01 -2.815938e+01 -1.490000e+00
      vertex   -2.312982e+01 -2.815938e+01 1.510000e+00
      vertex   -2.297449e+01 -2.827857e+01 -1.490000e+00
    endloop
  endfacet
  facet normal 6.087614e-01 7.933533e-01 -0.000000e+00
    outer loop
      vertex   -2.297449e+01 -2.827857e+01 -1.490000e+00
      vertex   -2.312982e+01 -2.815938e+01 1.510000e+00
      vertex   -2.297449e+01 -2.827857e+01 1.510000e+00
    endloop
  endfacet
  facet normal 3.826834e-01 9.238795e-01 -0.000000e+00
    outer loop
      vertex   -2.297449e+01 -2.827857e+01 -1.490000e+00
      vertex   -2.297449e+01 -2.827857e+01 1.510000e+00
      vertex   -2.279361e+01 -2.835350e+01 -1.490000e+00
    endloop
  endfacet
  facet normal 3.826834e-01 9.238795e-01 -0.000000e+00
    outer loop
      vertex   -2.279361e+01 -2.835350e+01 -1.490000e+00
      vertex   -2.297449e+01 -2.827857e+01 1.510000e+00
      vertex   -2.279361e+01 -2.835350e+01 1.510000e+00
    endloop
  endfacet
  facet normal 1.305262e-01 9.914449e-01 -0.000000e+00
    outer loop
      vertex   -2.279361e+01 -2.835350e+01 -1.490000e+00
      vertex   -2.279361e+01 -2.835350e+01 1.510000e+00
      vertex   -2.259949e+01 -2.837905e+01 -1.490000e+00
    endloop
  endfacet
  facet normal 1.305262e-01 9.914449e-01 -0.000000e+00
    outer loop
      vertex   -2.259949e+01 -2.837905e+01 -1.490000e+00
      vertex   -2.279361e+01 -2.835350e+01 1.510000e+00
      vertex   -2.259949e+01 -2.837905e+01 1.510000e+00
    endloop
  endfacet
  facet normal -1.305262e-01 9.914449e-01 0.000000e+00
    outer loop
      vertex   -2.259949e+01 -2.837905e+01 -1.490000e+00
      vertex   -2.259949e+01 -2.837905e+01 1.510000e+00
      vertex   -2.240538e+01 -2.835350e+01 -1.490000e+00
    endloop
  endfacet
  facet normal -1.305262e-01 9.914449e-01 0.000000e+00
    outer loop
      vertex   -2.240538e+01 -2.835350e+01 -1.490000e+00
      vertex   -2.259949e+01 -2.837905e+01 1.510000e+00
      vertex   -2.240538e+01 -2.835350e+01 1.510000e+00
    endloop
  endfacet
  facet normal -3.826834e-01 9.238795e-01 0.000000e+00
    outer loop
      vertex   -2.240538e+01 -2.835350e+01 -1.490000e+00
      vertex   -2.240538e+01 -2.835350e+01 1.510000e+00
      vertex   -2.222449e+01 -2.827857e+01 -1.490000e+00
    endloop
  endfacet
  facet normal -3.826834e-01 9.238795e-01 0.000000e+00
    outer loop
      vertex   -2.222449e+01 -2.827857e+01 -1.490000e+00
      vertex   -2.240538e+01 -2.835350e+01 1.510000e+00
      vertex   -2.222449e+01 -2.827857e+01 1.510000e+00
    endloop
  endfacet
  facet normal -6.087614e-01 7.933533e-01 0.000000e+00
    outer loop
      vertex   -2.222449e+01 -2.827857e+01 -1.490000e+00
      vertex   -2.222449e+01 -2.827857e+01 1.510000e+00
      vertex   -2.206916e+01 -2.815938e+01 -1.490000e+00
    endloop
  endfacet
  facet normal -6.087614e-01 7.933533e-01 0.000000e+00
    outer loop
      vertex   -2.206916e+01 -2.815938e+01 -1.490000e+00
      vertex   -2.222449e+01 -2.827857e+01 1.510000e+00
      vertex   -2.206916e+01 -2.815938e+01 1.510000e+00
    endloop
  endfacet
  facet normal -7.933533e-01 6.087614e-01 0.000000e+00
    outer loop
      vertex   -2.206916e+01 -2.815938e+01 -1.490000e+00
      vertex   -2.206916e+01 -2.815938e+01 1.510000e+00
      vertex   -2.194997e+01 -2.800405e+01 -1.490000e+00
    endloop
  endfacet
  facet normal -7.933533e-01 6.087614e-01 0.000000e+00
    outer loop
      vertex   -2.194997e+01 -2.800405e+01 -1.490000e+00
      vertex   -2.206916e+01 -2.815938e+01 1.510000e+00
      vertex   -2.194997e+01 -2.800405e+01 1.510000e+00
    endloop
  endfacet
  facet normal -9.238795e-01 3.826834e-01 0.000000e+00
    outer loop
      vertex   -2.194997e+01 -2.800405e+01 -1.490000e+00
      vertex   -2.194997e+01 -2.800405e+01 1.510000e+00
      vertex   -2.187505e+01 -2.782317e+01 -1.490000e+00
    endloop
  endfacet
  facet normal -9.238795e-01 3.826834e-01 0.000000e+00
    outer loop
      vertex   -2.187505e+01 -2.782317e+01 -1.490000e+00
      vertex   -2.194997e+01 -2.800405e+01 1.510000e+00
      vertex   -2.187505e+01 -2.782317e+01 1.510000e+00
    endloop
  endfacet
  facet normal 0.000000e+00 0.000000e+00 1.000000e+00
    outer loop
      vertex   -2.187505e+01 -2.743494e+01 -1.490000e+00
      vertex   -2.332394e+01 -2.743494e+01 -1.490000e+00
      vertex   -2.184949e+01 -2.762905e+01 -1.490000e+00
    endloop
  endfacet
  facet normal 0.000000e+00 0.000000e+00 1.000000e+00
    outer loop
      vertex   -2.184949e+01 -2.762905e+01 -1.490000e+00
      vertex   -2.332394e+01 -2.743494e+01 -1.490000e+00
      vertex   -2.334949e+01 -2.762905e+01 -1.490000e+00
    endloop
  endfacet
  facet normal 0.000000e+00 0.000000e+00 1.000000e+00
    outer loop
      vertex   -2.184949e+01 -2.762905e+01 -1.490000e+00
      vertex   -2.334949e+01 -2.762905e+01 -1.490000e+00
      vertex   -2.187505e+01 -2.782317e+01 -1.490000e+00
    endloop
  endfacet
  facet normal 0.000000e+00 0.000000e+00 1.000000e+00
    outer loop
      vertex   -2.187505e+01 -2.782317e+01 -1.490000e+00
      vertex   -2.334949e+01 -2.762905e+01 -1.490000e+00
      vertex   -2.332394e+01 -2.782317e+01 -1.490000e+00
    endloop
  endfacet
  facet normal 0.000000e+00 0.000000e+00 1.000000e+00
    outer loop
      vertex   -2.187505e+01 -2.782317e+01 -1.490000e+00
      vertex   -2.332394e+01 -2.782317e+01 -1.490000e+00
      vertex   -2.194997e+01 -2.800405e+01 -1.490000e+00
    endloop
  endfacet
  facet normal 0.000000e+00 0.000000e+00 1.000000e+00
    outer loop
      vertex   -2.194997e+01 -2.800405e+01 -1.490000e+00
      vertex   -2.332394e+01 -2.782317e+01 -1.490000e+00
      vertex   -2.324901e+01 -2.800405e+01 -1.490000e+00
    endloop
  endfacet
  facet normal 0.000000e+00 0.000000e+00 1.000000e+00
    outer loop
      vertex   -2.194997e+01 -2.800405e+01 -1.490000e+00
      vertex   -2.324901e+01 -2.800405e+01 -1.490000e+00
      vertex   -2.206916e+01 -2.815938e+01 -1.490000e+00
    endloop
  endfacet
  facet normal 0.000000e+00 0.000000e+00 1.000000e+00
    outer loop
      vertex   -2.206916e+01 -2.815938e+01 -1.490000e+00
      vertex   -2.324901e+01 -2.800405e+01 -1.490000e+00
      vertex   -2.312982e+01 -2.815938e+01 -1.490000e+00
    endloop
  endfacet
  facet normal 0.000000e+00 0.000000e+00 1.000000e+00
    outer loop
      vertex   -2.206916e+01 -2.815938e+01 -1.490000e+00
      vertex   -2.312982e+01 -2.815938e+01 -1.490000e+00
      vertex   -2.222449e+01 -2.827857e+01 -1.490000e+00
    endloop
  endfacet
  facet normal 0.000000e+00 0.000000e+00 1.000000e+00
    outer loop
      vertex   -2.222449e+01 -2.827857e+01 -1.490000e+00
      vertex   -2.312982e+01 -2.815938e+01 -1.490000e+00
      vertex   -2.297449e+01 -2.827857e+01 -1.490000e+00
    endloop
  endfacet
  facet normal 0.000000e+00 0.000000e+00 1.000000e+00
    outer loop
      vertex   -2.222449e+01 -2.827857e+01 -1.490000e+00
      vertex   -2.297449e+01 -2.827857e+01 -1.490000e+00
      vertex   -2.240538e+01 -2.835350e+01 -1.490000e+00
    endloop
  endfacet
  facet normal 0.000000e+00 0.000000e+00 1.000000e+00
    outer loop
      vertex   -2.240538e+01 -2.835350e+01 -1.490000e+00
      vertex   -2.297449e+01 -2.827857e+01 -1.490000e+00
      vertex   -2.279361e+01 -2.835350e+01 -1.490000e+00
    endloop
  endfacet
  facet normal 0.000000e+00 0.000000e+00 1.000000e+00
    outer loop
      vertex   -2.240538e+01 -2.835350e+01 -1.490000e+00
      vertex   -2.279361e+01 -2.835350e+01 -1.490000e+00
      vertex   -2.259949e+01 -2.837905e+01 -1.490000e+00
    endloop
  endfacet
  facet normal 0.000000e+00 0.000000e+00 1.000000e+00
    outer loop
      vertex   -2.332394e+01 -2.743494e+01 -1.490000e+00
      vertex   -2.187505e+01 -2.743494e+01 -1.490000e+00
      vertex   -2.324901e+01 -2.725405e+01 -1.490000e+00
    endloop
  endfacet
  facet normal -0.000000e+00 0.000000e+00 1.000000e+00
    outer loop
      vertex   -2.324901e+01 -2.725405e+01 -1.490000e+00
      vertex   -2.187505e+01 -2.743494e+01 -1.490000e+00
      vertex   -2.194997e+01 -2.725405e+01 -1.490000e+00
    endloop
  endfacet
  facet normal 0.000000e+00 0.000000e+00 1.000000e+00
    outer loop
      vertex   -2.324901e+01 -2.725405e+01 -1.490000e+00
      vertex   -2.194997e+01 -2.725405e+01 -1.490000e+00
      vertex   -2.312982e+01 -2.709872e+01 -1.490000e+00
    endloop
  endfacet
  facet normal -0.000000e+00 0.000000e+00 1.000000e+00
    outer loop
      vertex   -2.312982e+01 -2.709872e+01 -1.490000e+00
      vertex   -2.194997e+01 -2.725405e+01 -1.490000e+00
      vertex   -2.206916e+01 -2.709872e+01 -1.490000e+00
    endloop
  endfacet
  facet normal 0.000000e+00 0.000000e+00 1.000000e+00
    outer loop
      vertex   -2.312982e+01 -2.709872e+01 -1.490000e+00
      vertex   -2.206916e+01 -2.709872e+01 -1.490000e+00
      vertex   -2.297449e+01 -2.697954e+01 -1.490000e+00
    endloop
  endfacet
  facet normal -0.000000e+00 0.000000e+00 1.000000e+00
    outer loop
      vertex   -2.297449e+01 -2.697954e+01 -1.490000e+00
      vertex   -2.206916e+01 -2.709872e+01 -1.490000e+00
      vertex   -2.222449e+01 -2.697954e+01 -1.490000e+00
    endloop
  endfacet
  facet normal 0.000000e+00 0.000000e+00 1.000000e+00
    outer loop
      vertex   -2.297449e+01 -2.697954e+01 -1.490000e+00
      vertex   -2.222449e+01 -2.697954e+01 -1.490000e+00
      vertex   -2.279361e+01 -2.690461e+01 -1.490000e+00
    endloop
  endfacet
  facet normal -0.000000e+00 0.000000e+00 1.000000e+00
    outer loop
      vertex   -2.279361e+01 -2.690461e+01 -1.490000e+00
      vertex   -2.222449e+01 -2.697954e+01 -1.490000e+00
      vertex   -2.240538e+01 -2.690461e+01 -1.490000e+00
    endloop
  endfacet
  facet normal 0.000000e+00 0.000000e+00 1.000000e+00
    outer loop
      vertex   -2.279361e+01 -2.690461e+01 -1.490000e+00
      vertex   -2.240538e+01 -2.690461e+01 -1.490000e+00
      vertex   -2.259949e+01 -2.687905e+01 -1.490000e+00
    endloop
  endfacet
  facet normal -0.000000e+00 0.000000e+00 -1.000000e+00
    outer loop
      vertex   -5.069190e+00 4.832709e+01 -5.490000e+00
      vertex   -1.239000e+01 3.950000e+01 -5.490000e+00
      vertex   -5.154324e+00 4.924584e+01 -5.490000e+00
    endloop
  endfacet
  facet normal -0.000000e+00 0.000000e+00 -1.000000e+00
    outer loop
      vertex   -5.154324e+00 4.924584e+01 -5.490000e+00
      vertex   -1.239000e+01 3.950000e+01 -5.490000e+00
      vertex   -1.239000e+01 5.550000e+01 -5.490000e+00
    endloop
  endfacet
  facet normal 0.000000e+00 0.000000e+00 -1.000000e+00
    outer loop
      vertex   -5.154324e+00 4.924584e+01 -5.490000e+00
      vertex   -1.239000e+01 5.550000e+01 -5.490000e+00
      vertex   -5.069190e+00 5.016458e+01 -5.490000e+00
    endloop
  endfacet
  facet normal 0.000000e+00 0.000000e+00 -1.000000e+00
    outer loop
      vertex   -5.069190e+00 5.016458e+01 -5.490000e+00
      vertex   -1.239000e+01 5.550000e+01 -5.490000e+00
      vertex   -9.170361e+00 5.942314e+01 -5.490000e+00
    endloop
  endfacet
  facet normal 0.000000e+00 0.000000e+00 -1.000000e+00
    outer loop
      vertex   -5.069190e+00 5.016458e+01 -5.490000e+00
      vertex   -9.170361e+00 5.942314e+01 -5.490000e+00
      vertex   -8.390000e+00 5.950000e+01 -5.490000e+00
    endloop
  endfacet
  facet normal 0.000000e+00 -0.000000e+00 -1.000000e+00
    outer loop
      vertex   -5.069190e+00 4.832709e+01 -5.490000e+00
      vertex   -4.816685e+00 4.743963e+01 -5.490000e+00
      vertex   -1.239000e+01 3.950000e+01 -5.490000e+00
    endloop
  endfacet
  facet normal 0.000000e+00 0.000000e+00 -1.000000e+00
    outer loop
      vertex   -1.239000e+01 3.950000e+01 -5.490000e+00
      vertex   -4.816685e+00 4.743963e+01 -5.490000e+00
      vertex   -4.405410e+00 4.661367e+01 -5.490000e+00
    endloop
  endfacet
  facet normal 0.000000e+00 0.000000e+00 -1.000000e+00
    outer loop
      vertex   -1.239000e+01 3.950000e+01 -5.490000e+00
      vertex   -4.405410e+00 4.661367e+01 -5.490000e+00
      vertex   -3.849369e+00 4.587736e+01 -5.490000e+00
    endloop
  endfacet
  facet normal 0.000000e+00 -0.000000e+00 -1.000000e+00
    outer loop
      vertex   -3.849369e+00 4.587736e+01 -5.490000e+00
      vertex   -3.167497e+00 4.525575e+01 -5.490000e+00
      vertex   -1.239000e+01 3.950000e+01 -5.490000e+00
    endloop
  endfacet
  facet normal 0.000000e+00 0.000000e+00 -1.000000e+00
    outer loop
      vertex   -1.239000e+01 3.950000e+01 -5.490000e+00
      vertex   -3.167497e+00 4.525575e+01 -5.490000e+00
      vertex   -2.383016e+00 4.477002e+01 -5.490000e+00
    endloop
  endfacet
  facet normal 0.000000e+00 0.000000e+00 -1.000000e+00
    outer loop
      vertex   -1.239000e+01 3.950000e+01 -5.490000e+00
      vertex   -2.383016e+00 4.477002e+01 -5.490000e+00
      vertex   -1.522639e+00 4.443671e+01 -5.490000e+00
    endloop
  endfacet
  facet normal 0.000000e+00 -0.000000e+00 -1.000000e+00
    outer loop
      vertex   -1.522639e+00 4.443671e+01 -5.490000e+00
      vertex   -6.156659e-01 4.426716e+01 -5.490000e+00
      vertex   -1.239000e+01 3.950000e+01 -5.490000e+00
    endloop
  endfacet
  facet normal 0.000000e+00 0.000000e+00 -1.000000e+00
    outer loop
      vertex   -1.239000e+01 3.950000e+01 -5.490000e+00
      vertex   -6.156659e-01 4.426716e+01 -5.490000e+00
      vertex   -6.683051e-01 -4.397447e+01 -5.490000e+00
    endloop
  endfacet
  facet normal 0.000000e+00 0.000000e+00 -1.000000e+00
    outer loop
      vertex   -1.239000e+01 3.950000e+01 -5.490000e+00
      vertex   -6.683051e-01 -4.397447e+01 -5.490000e+00
      vertex   -1.575278e+00 -4.414402e+01 -5.490000e+00
    endloop
  endfacet
  facet normal 0.000000e+00 0.000000e+00 -1.000000e+00
    outer loop
      vertex   -6.683051e-01 -4.397447e+01 -5.490000e+00
      vertex   -6.156659e-01 4.426716e+01 -5.490000e+00
      vertex   2.543785e-01 -4.397447e+01 -5.490000e+00
    endloop
  endfacet
  facet normal 0.000000e+00 0.000000e+00 -1.000000e+00
    outer loop
      vertex   2.543785e-01 -4.397447e+01 -5.490000e+00
      vertex   -6.156659e-01 4.426716e+01 -5.490000e+00
      vertex   3.070177e-01 4.426716e+01 -5.490000e+00
    endloop
  endfacet
  facet normal 0.000000e+00 0.000000e+00 -1.000000e+00
    outer loop
      vertex   2.543785e-01 -4.397447e+01 -5.490000e+00
      vertex   3.070177e-01 4.426716e+01 -5.490000e+00
      vertex   1.239000e+01 3.950000e+01 -5.490000e+00
    endloop
  endfacet
  facet normal 0.000000e+00 0.000000e+00 -1.000000e+00
    outer loop
      vertex   1.239000e+01 3.950000e+01 -5.490000e+00
      vertex   3.070177e-01 4.426716e+01 -5.490000e+00
      vertex   1.213991e+00 4.443671e+01 -5.490000e+00
    endloop
  endfacet
  facet normal 0.000000e+00 0.000000e+00 -1.000000e+00
    outer loop
      vertex   1.239000e+01 3.950000e+01 -5.490000e+00
      vertex   1.213991e+00 4.443671e+01 -5.490000e+00
      vertex   2.074368e+00 4.477002e+01 -5.490000e+00
    endloop
  endfacet
  facet normal 0.000000e+00 0.000000e+00 -1.000000e+00
    outer loop
      vertex   2.074368e+00 4.477002e+01 -5.490000e+00
      vertex   2.858849e+00 4.525575e+01 -5.490000e+00
      vertex   1.239000e+01 3.950000e+01 -5.490000e+00
    endloop
  endfacet
  facet normal 0.000000e+00 0.000000e+00 -1.000000e+00
    outer loop
      vertex   1.239000e+01 3.950000e+01 -5.490000e+00
      vertex   2.858849e+00 4.525575e+01 -5.490000e+00
      vertex   3.540721e+00 4.587736e+01 -5.490000e+00
    endloop
  endfacet
  facet normal 0.000000e+00 0.000000e+00 -1.000000e+00
    outer loop
      vertex   1.239000e+01 3.950000e+01 -5.490000e+00
      vertex   3.540721e+00 4.587736e+01 -5.490000e+00
      vertex   4.096762e+00 4.661367e+01 -5.490000e+00
    endloop
  endfacet
  facet normal 0.000000e+00 0.000000e+00 -1.000000e+00
    outer loop
      vertex   4.096762e+00 4.661367e+01 -5.490000e+00
      vertex   4.508037e+00 4.743963e+01 -5.490000e+00
      vertex   1.239000e+01 3.950000e+01 -5.490000e+00
    endloop
  endfacet
  facet normal 0.000000e+00 0.000000e+00 -1.000000e+00
    outer loop
      vertex   1.239000e+01 3.950000e+01 -5.490000e+00
      vertex   4.508037e+00 4.743963e+01 -5.490000e+00
      vertex   4.760541e+00 4.832709e+01 -5.490000e+00
    endloop
  endfacet
  facet normal 0.000000e+00 0.000000e+00 -1.000000e+00
    outer loop
      vertex   1.239000e+01 3.950000e+01 -5.490000e+00
      vertex   4.760541e+00 4.832709e+01 -5.490000e+00
      vertex   4.845676e+00 4.924584e+01 -5.490000e+00
    endloop
  endfacet
  facet normal 0.000000e+00 0.000000e+00 -1.000000e+00
    outer loop
      vertex   1.239000e+01 3.950000e+01 -5.490000e+00
      vertex   4.845676e+00 4.924584e+01 -5.490000e+00
      vertex   1.239000e+01 5.550000e+01 -5.490000e+00
    endloop
  endfacet
  facet normal 0.000000e+00 0.000000e+00 -1.000000e+00
    outer loop
      vertex   1.239000e+01 5.550000e+01 -5.490000e+00
      vertex   4.845676e+00 4.924584e+01 -5.490000e+00
      vertex   4.760541e+00 5.016458e+01 -5.490000e+00
    endloop
  endfacet
  facet normal -1.005911e-16 1.438417e-16 -1.000000e+00
    outer loop
      vertex   1.239000e+01 5.550000e+01 -5.490000e+00
      vertex   4.760541e+00 5.016458e+01 -5.490000e+00
      vertex   9.170361e+00 5.942314e+01 -5.490000e+00
    endloop
  endfacet
  facet normal 1.096188e-15 -4.261801e-16 -1.000000e+00
    outer loop
      vertex   9.170361e+00 5.942314e+01 -5.490000e+00
      vertex   4.760541e+00 5.016458e+01 -5.490000e+00
      vertex   8.390000e+00 5.950000e+01 -5.490000e+00
    endloop
  endfacet
  facet normal 0.000000e+00 0.000000e+00 -1.000000e+00
    outer loop
      vertex   8.390000e+00 5.950000e+01 -5.490000e+00
      vertex   4.760541e+00 5.016458e+01 -5.490000e+00
      vertex   4.508037e+00 5.105204e+01 -5.490000e+00
    endloop
  endfacet
  facet normal 0.000000e+00 0.000000e+00 -1.000000e+00
    outer loop
      vertex   8.390000e+00 5.950000e+01 -5.490000e+00
      vertex   4.508037e+00 5.105204e+01 -5.490000e+00
      vertex   4.096762e+00 5.187800e+01 -5.490000e+00
    endloop
  endfacet
  facet normal 0.000000e+00 0.000000e+00 -1.000000e+00
    outer loop
      vertex   4.096762e+00 5.187800e+01 -5.490000e+00
      vertex   3.540721e+00 5.261431e+01 -5.490000e+00
      vertex   8.390000e+00 5.950000e+01 -5.490000e+00
    endloop
  endfacet
  facet normal 0.000000e+00 0.000000e+00 -1.000000e+00
    outer loop
      vertex   8.390000e+00 5.950000e+01 -5.490000e+00
      vertex   3.540721e+00 5.261431e+01 -5.490000e+00
      vertex   2.858849e+00 5.323592e+01 -5.490000e+00
    endloop
  endfacet
  facet normal 0.000000e+00 0.000000e+00 -1.000000e+00
    outer loop
      vertex   8.390000e+00 5.950000e+01 -5.490000e+00
      vertex   2.858849e+00 5.323592e+01 -5.490000e+00
      vertex   2.074368e+00 5.372165e+01 -5.490000e+00
    endloop
  endfacet
  facet normal 0.000000e+00 0.000000e+00 -1.000000e+00
    outer loop
      vertex   2.074368e+00 5.372165e+01 -5.490000e+00
      vertex   1.213991e+00 5.405496e+01 -5.490000e+00
      vertex   8.390000e+00 5.950000e+01 -5.490000e+00
    endloop
  endfacet
  facet normal 0.000000e+00 0.000000e+00 -1.000000e+00
    outer loop
      vertex   8.390000e+00 5.950000e+01 -5.490000e+00
      vertex   1.213991e+00 5.405496e+01 -5.490000e+00
      vertex   3.070177e-01 5.422451e+01 -5.490000e+00
    endloop
  endfacet
  facet normal -0.000000e+00 0.000000e+00 -1.000000e+00
    outer loop
      vertex   8.390000e+00 5.950000e+01 -5.490000e+00
      vertex   3.070177e-01 5.422451e+01 -5.490000e+00
      vertex   -8.390000e+00 5.950000e+01 -5.490000e+00
    endloop
  endfacet
  facet normal 0.000000e+00 0.000000e+00 -1.000000e+00
    outer loop
      vertex   -8.390000e+00 5.950000e+01 -5.490000e+00
      vertex   3.070177e-01 5.422451e+01 -5.490000e+00
      vertex   -6.156659e-01 5.422451e+01 -5.490000e+00
    endloop
  endfacet
  facet normal 0.000000e+00 0.000000e+00 -1.000000e+00
    outer loop
      vertex   -8.390000e+00 5.950000e+01 -5.490000e+00
      vertex   -6.156659e-01 5.422451e+01 -5.490000e+00
      vertex   -1.522639e+00 5.405496e+01 -5.490000e+00
    endloop
  endfacet
  facet normal -0.000000e+00 0.000000e+00 -1.000000e+00
    outer loop
      vertex   -1.522639e+00 5.405496e+01 -5.490000e+00
      vertex   -2.383016e+00 5.372165e+01 -5.490000e+00
      vertex   -8.390000e+00 5.950000e+01 -5.490000e+00
    endloop
  endfacet
  facet normal 0.000000e+00 0.000000e+00 -1.000000e+00
    outer loop
      vertex   -8.390000e+00 5.950000e+01 -5.490000e+00
      vertex   -2.383016e+00 5.372165e+01 -5.490000e+00
      vertex   -3.167497e+00 5.323592e+01 -5.490000e+00
    endloop
  endfacet
  facet normal 0.000000e+00 0.000000e+00 -1.000000e+00
    outer loop
      vertex   -8.390000e+00 5.950000e+01 -5.490000e+00
      vertex   -3.167497e+00 5.323592e+01 -5.490000e+00
      vertex   -3.849369e+00 5.261431e+01 -5.490000e+00
    endloop
  endfacet
  facet normal -0.000000e+00 0.000000e+00 -1.000000e+00
    outer loop
      vertex   -3.849369e+00 5.261431e+01 -5.490000e+00
      vertex   -4.405410e+00 5.187800e+01 -5.490000e+00
      vertex   -8.390000e+00 5.950000e+01 -5.490000e+00
    endloop
  endfacet
  facet normal 0.000000e+00 0.000000e+00 -1.000000e+00
    outer loop
      vertex   -8.390000e+00 5.950000e+01 -5.490000e+00
      vertex   -4.405410e+00 5.187800e+01 -5.490000e+00
      vertex   -4.816685e+00 5.105204e+01 -5.490000e+00
    endloop
  endfacet
  facet normal 0.000000e+00 0.000000e+00 -1.000000e+00
    outer loop
      vertex   -8.390000e+00 5.950000e+01 -5.490000e+00
      vertex   -4.816685e+00 5.105204e+01 -5.490000e+00
      vertex   -5.069190e+00 5.016458e+01 -5.490000e+00
    endloop
  endfacet
  facet normal 0.000000e+00 -0.000000e+00 -1.000000e+00
    outer loop
      vertex   -1.231314e+01 5.628036e+01 -5.490000e+00
      vertex   -1.208552e+01 5.703073e+01 -5.490000e+00
      vertex   -1.239000e+01 5.550000e+01 -5.490000e+00
    endloop
  endfacet
  facet normal 0.000000e+00 0.000000e+00 -1.000000e+00
    outer loop
      vertex   -1.239000e+01 5.550000e+01 -5.490000e+00
      vertex   -1.208552e+01 5.703073e+01 -5.490000e+00
      vertex   -1.171588e+01 5.772228e+01 -5.490000e+00
    endloop
  endfacet
  facet normal 0.000000e+00 0.000000e+00 -1.000000e+00
    outer loop
      vertex   -1.239000e+01 5.550000e+01 -5.490000e+00
      vertex   -1.171588e+01 5.772228e+01 -5.490000e+00
      vertex   -1.121843e+01 5.832843e+01 -5.490000e+00
    endloop
  endfacet
  facet normal 0.000000e+00 -0.000000e+00 -1.000000e+00
    outer loop
      vertex   -1.121843e+01 5.832843e+01 -5.490000e+00
      vertex   -1.061228e+01 5.882588e+01 -5.490000e+00
      vertex   -1.239000e+01 5.550000e+01 -5.490000e+00
    endloop
  endfacet
  facet normal 0.000000e+00 0.000000e+00 -1.000000e+00
    outer loop
      vertex   -1.239000e+01 5.550000e+01 -5.490000e+00
      vertex   -1.061228e+01 5.882588e+01 -5.490000e+00
      vertex   -9.920734e+00 5.919552e+01 -5.490000e+00
    endloop
  endfacet
  facet normal 0.000000e+00 0.000000e+00 -1.000000e+00
    outer loop
      vertex   -1.239000e+01 5.550000e+01 -5.490000e+00
      vertex   -9.920734e+00 5.919552e+01 -5.490000e+00
      vertex   -9.170361e+00 5.942314e+01 -5.490000e+00
    endloop
  endfacet
  facet normal 9.144012e-17 3.014377e-16 -1.000000e+00
    outer loop
      vertex   9.170361e+00 5.942314e+01 -5.490000e+00
      vertex   9.920734e+00 5.919552e+01 -5.490000e+00
      vertex   1.239000e+01 5.550000e+01 -5.490000e+00
    endloop
  endfacet
  facet normal 1.998349e-16 3.738647e-16 -1.000000e+00
    outer loop
      vertex   1.239000e+01 5.550000e+01 -5.490000e+00
      vertex   9.920734e+00 5.919552e+01 -5.490000e+00
      vertex   1.061228e+01 5.882588e+01 -5.490000e+00
    endloop
  endfacet
  facet normal 3.904295e-16 4.757397e-16 -1.000000e+00
    outer loop
      vertex   1.239000e+01 5.550000e+01 -5.490000e+00
      vertex   1.061228e+01 5.882588e+01 -5.490000e+00
      vertex   1.121843e+01 5.832843e+01 -5.490000e+00
    endloop
  endfacet
  facet normal 7.725593e-16 6.340230e-16 -1.000000e+00
    outer loop
      vertex   1.121843e+01 5.832843e+01 -5.490000e+00
      vertex   1.171588e+01 5.772228e+01 -5.490000e+00
      vertex   1.239000e+01 5.550000e+01 -5.490000e+00
    endloop
  endfacet
  facet normal 1.728941e-15 9.241383e-16 -1.000000e+00
    outer loop
      vertex   1.239000e+01 5.550000e+01 -5.490000e+00
      vertex   1.171588e+01 5.772228e+01 -5.490000e+00
      vertex   1.208552e+01 5.703073e+01 -5.490000e+00
    endloop
  endfacet
  facet normal 5.555937e-15 1.685375e-15 -1.000000e+00
    outer loop
      vertex   1.239000e+01 5.550000e+01 -5.490000e+00
      vertex   1.208552e+01 5.703073e+01 -5.490000e+00
      vertex   1.231314e+01 5.628036e+01 -5.490000e+00
    endloop
  endfacet
  facet normal -0.000000e+00 -0.000000e+00 -1.000000e+00
    outer loop
      vertex   3.239000e+01 3.950000e+01 -5.490000e+00
      vertex   3.439000e+01 3.750000e+01 -5.490000e+00
      vertex   1.239000e+01 3.950000e+01 -5.490000e+00
    endloop
  endfacet
  facet normal 0.000000e+00 0.000000e+00 -1.000000e+00
    outer loop
      vertex   1.239000e+01 3.950000e+01 -5.490000e+00
      vertex   3.439000e+01 3.750000e+01 -5.490000e+00
      vertex   2.453077e+01 -4.339685e+01 -5.490000e+00
    endloop
  endfacet
  facet normal 0.000000e+00 0.000000e+00 -1.000000e+00
    outer loop
      vertex   1.239000e+01 3.950000e+01 -5.490000e+00
      vertex   2.453077e+01 -4.339685e+01 -5.490000e+00
      vertex   2.362380e+01 -4.356639e+01 -5.490000e+00
    endloop
  endfacet
  facet normal 0.000000e+00 0.000000e+00 -1.000000e+00
    outer loop
      vertex   3.239000e+01 3.950000e+01 -5.490000e+00
      vertex   3.290764e+01 3.943185e+01 -5.490000e+00
      vertex   3.439000e+01 3.750000e+01 -5.490000e+00
    endloop
  endfacet
  facet normal 0.000000e+00 0.000000e+00 -1.000000e+00
    outer loop
      vertex   3.439000e+01 3.750000e+01 -5.490000e+00
      vertex   3.290764e+01 3.943185e+01 -5.490000e+00
      vertex   3.339000e+01 3.923205e+01 -5.490000e+00
    endloop
  endfacet
  facet normal 0.000000e+00 0.000000e+00 -1.000000e+00
    outer loop
      vertex   3.439000e+01 3.750000e+01 -5.490000e+00
      vertex   3.339000e+01 3.923205e+01 -5.490000e+00
      vertex   3.380421e+01 3.891421e+01 -5.490000e+00
    endloop
  endfacet
  facet normal 0.000000e+00 0.000000e+00 -1.000000e+00
    outer loop
      vertex   3.380421e+01 3.891421e+01 -5.490000e+00
      vertex   3.412205e+01 3.850000e+01 -5.490000e+00
      vertex   3.439000e+01 3.750000e+01 -5.490000e+00
    endloop
  endfacet
  facet normal 0.000000e+00 0.000000e+00 -1.000000e+00
    outer loop
      vertex   3.439000e+01 3.750000e+01 -5.490000e+00
      vertex   3.412205e+01 3.850000e+01 -5.490000e+00
      vertex   3.432185e+01 3.801764e+01 -5.490000e+00
    endloop
  endfacet
  facet normal 0.000000e+00 0.000000e+00 -1.000000e+00
    outer loop
      vertex   3.439000e+01 -4.950000e+01 -5.490000e+00
      vertex   2.868716e+01 -4.500704e+01 -5.490000e+00
      vertex   3.439000e+01 3.750000e+01 -5.490000e+00
    endloop
  endfacet
  facet normal 0.000000e+00 0.000000e+00 -1.000000e+00
    outer loop
      vertex   3.439000e+01 3.750000e+01 -5.490000e+00
      vertex   2.868716e+01 -4.500704e+01 -5.490000e+00
      vertex   2.800529e+01 -4.438543e+01 -5.490000e+00
    endloop
  endfacet
  facet normal 0.000000e+00 0.000000e+00 -1.000000e+00
    outer loop
      vertex   3.439000e+01 3.750000e+01 -5.490000e+00
      vertex   2.800529e+01 -4.438543e+01 -5.490000e+00
      vertex   2.722081e+01 -4.389970e+01 -5.490000e+00
    endloop
  endfacet
  facet normal 0.000000e+00 0.000000e+00 -1.000000e+00
    outer loop
      vertex   3.430445e+01 -5.080526e+01 -5.490000e+00
      vertex   2.990698e+01 -4.929427e+01 -5.490000e+00
      vertex   3.439000e+01 -4.950000e+01 -5.490000e+00
    endloop
  endfacet
  facet normal 0.000000e+00 0.000000e+00 -1.000000e+00
    outer loop
      vertex   3.439000e+01 -4.950000e+01 -5.490000e+00
      vertex   2.990698e+01 -4.929427e+01 -5.490000e+00
      vertex   2.999212e+01 -4.837552e+01 -5.490000e+00
    endloop
  endfacet
  facet normal 0.000000e+00 0.000000e+00 -1.000000e+00
    outer loop
      vertex   3.439000e+01 -4.950000e+01 -5.490000e+00
      vertex   2.999212e+01 -4.837552e+01 -5.490000e+00
      vertex   2.990698e+01 -4.745677e+01 -5.490000e+00
    endloop
  endfacet
  facet normal -0.000000e+00 0.000000e+00 -1.000000e+00
    outer loop
      vertex   3.430445e+01 -5.080526e+01 -5.490000e+00
      vertex   3.404926e+01 -5.208819e+01 -5.490000e+00
      vertex   2.990698e+01 -4.929427e+01 -5.490000e+00
    endloop
  endfacet
  facet normal 0.000000e+00 0.000000e+00 -1.000000e+00
    outer loop
      vertex   2.990698e+01 -4.929427e+01 -5.490000e+00
      vertex   3.404926e+01 -5.208819e+01 -5.490000e+00
      vertex   3.362880e+01 -5.332683e+01 -5.490000e+00
    endloop
  endfacet
  facet normal 0.000000e+00 -0.000000e+00 -1.000000e+00
    outer loop
      vertex   2.990698e+01 -4.929427e+01 -5.490000e+00
      vertex   3.362880e+01 -5.332683e+01 -5.490000e+00
      vertex   2.965448e+01 -5.018173e+01 -5.490000e+00
    endloop
  endfacet
  facet normal 0.000000e+00 0.000000e+00 -1.000000e+00
    outer loop
      vertex   2.965448e+01 -5.018173e+01 -5.490000e+00
      vertex   3.362880e+01 -5.332683e+01 -5.490000e+00
      vertex   3.305025e+01 -5.450000e+01 -5.490000e+00
    endloop
  endfacet
  facet normal 0.000000e+00 0.000000e+00 -1.000000e+00
    outer loop
      vertex   2.965448e+01 -5.018173e+01 -5.490000e+00
      vertex   3.305025e+01 -5.450000e+01 -5.490000e+00
      vertex   3.232353e+01 -5.558761e+01 -5.490000e+00
    endloop
  endfacet
  facet normal 0.000000e+00 -0.000000e+00 -1.000000e+00
    outer loop
      vertex   2.965448e+01 -5.018173e+01 -5.490000e+00
      vertex   3.232353e+01 -5.558761e+01 -5.490000e+00
      vertex   2.924320e+01 -5.100768e+01 -5.490000e+00
    endloop
  endfacet
  facet normal 0.000000e+00 0.000000e+00 -1.000000e+00
    outer loop
      vertex   2.924320e+01 -5.100768e+01 -5.490000e+00
      vertex   3.232353e+01 -5.558761e+01 -5.490000e+00
      vertex   3.146107e+01 -5.657107e+01 -5.490000e+00
    endloop
  endfacet
  facet normal 0.000000e+00 -0.000000e+00 -1.000000e+00
    outer loop
      vertex   2.924320e+01 -5.100768e+01 -5.490000e+00
      vertex   3.146107e+01 -5.657107e+01 -5.490000e+00
      vertex   2.868716e+01 -5.174400e+01 -5.490000e+00
    endloop
  endfacet
  facet normal 0.000000e+00 0.000000e+00 -1.000000e+00
    outer loop
      vertex   2.868716e+01 -5.174400e+01 -5.490000e+00
      vertex   3.146107e+01 -5.657107e+01 -5.490000e+00
      vertex   3.047761e+01 -5.743353e+01 -5.490000e+00
    endloop
  endfacet
  facet normal 0.000000e+00 0.000000e+00 -1.000000e+00
    outer loop
      vertex   2.868716e+01 -5.174400e+01 -5.490000e+00
      vertex   3.047761e+01 -5.743353e+01 -5.490000e+00
      vertex   2.939000e+01 -5.816025e+01 -5.490000e+00
    endloop
  endfacet
  facet normal 0.000000e+00 -0.000000e+00 -1.000000e+00
    outer loop
      vertex   2.868716e+01 -5.174400e+01 -5.490000e+00
      vertex   2.939000e+01 -5.816025e+01 -5.490000e+00
      vertex   2.800529e+01 -5.236561e+01 -5.490000e+00
    endloop
  endfacet
  facet normal 0.000000e+00 0.000000e+00 -1.000000e+00
    outer loop
      vertex   2.800529e+01 -5.236561e+01 -5.490000e+00
      vertex   2.939000e+01 -5.816025e+01 -5.490000e+00
      vertex   2.821683e+01 -5.873880e+01 -5.490000e+00
    endloop
  endfacet
  facet normal 0.000000e+00 -0.000000e+00 -1.000000e+00
    outer loop
      vertex   2.800529e+01 -5.236561e+01 -5.490000e+00
      vertex   2.821683e+01 -5.873880e+01 -5.490000e+00
      vertex   2.722081e+01 -5.285134e+01 -5.490000e+00
    endloop
  endfacet
  facet normal 0.000000e+00 -0.000000e+00 -1.000000e+00
    outer loop
      vertex   2.722081e+01 -5.285134e+01 -5.490000e+00
      vertex   2.821683e+01 -5.873880e+01 -5.490000e+00
      vertex   2.697819e+01 -5.915926e+01 -5.490000e+00
    endloop
  endfacet
  facet normal 0.000000e+00 0.000000e+00 -1.000000e+00
    outer loop
      vertex   2.722081e+01 -5.285134e+01 -5.490000e+00
      vertex   2.697819e+01 -5.915926e+01 -5.490000e+00
      vertex   2.636043e+01 -5.318465e+01 -5.490000e+00
    endloop
  endfacet
  facet normal 0.000000e+00 -0.000000e+00 -1.000000e+00
    outer loop
      vertex   2.636043e+01 -5.318465e+01 -5.490000e+00
      vertex   2.697819e+01 -5.915926e+01 -5.490000e+00
      vertex   2.569526e+01 -5.941445e+01 -5.490000e+00
    endloop
  endfacet
  facet normal 0.000000e+00 0.000000e+00 -1.000000e+00
    outer loop
      vertex   2.636043e+01 -5.318465e+01 -5.490000e+00
      vertex   2.569526e+01 -5.941445e+01 -5.490000e+00
      vertex   2.545346e+01 -5.335419e+01 -5.490000e+00
    endloop
  endfacet
  facet normal -0.000000e+00 -0.000000e+00 -1.000000e+00
    outer loop
      vertex   2.545346e+01 -5.335419e+01 -5.490000e+00
      vertex   2.569526e+01 -5.941445e+01 -5.490000e+00
      vertex   2.453077e+01 -5.335419e+01 -5.490000e+00
    endloop
  endfacet
  facet normal 0.000000e+00 -0.000000e+00 -1.000000e+00
    outer loop
      vertex   2.453077e+01 -5.335419e+01 -5.490000e+00
      vertex   2.569526e+01 -5.941445e+01 -5.490000e+00
      vertex   2.439000e+01 -5.950000e+01 -5.490000e+00
    endloop
  endfacet
  facet normal -0.000000e+00 0.000000e+00 -1.000000e+00
    outer loop
      vertex   2.453077e+01 -5.335419e+01 -5.490000e+00
      vertex   2.439000e+01 -5.950000e+01 -5.490000e+00
      vertex   2.362380e+01 -5.318465e+01 -5.490000e+00
    endloop
  endfacet
  facet normal -0.000000e+00 -0.000000e+00 -1.000000e+00
    outer loop
      vertex   2.362380e+01 -5.318465e+01 -5.490000e+00
      vertex   2.439000e+01 -5.950000e+01 -5.490000e+00
      vertex   2.276342e+01 -5.285134e+01 -5.490000e+00
    endloop
  endfacet
  facet normal -0.000000e+00 -0.000000e+00 -1.000000e+00
    outer loop
      vertex   2.276342e+01 -5.285134e+01 -5.490000e+00
      vertex   2.439000e+01 -5.950000e+01 -5.490000e+00
      vertex   2.197894e+01 -5.236561e+01 -5.490000e+00
    endloop
  endfacet
  facet normal -0.000000e+00 -0.000000e+00 -1.000000e+00
    outer loop
      vertex   2.197894e+01 -5.236561e+01 -5.490000e+00
      vertex   2.439000e+01 -5.950000e+01 -5.490000e+00
      vertex   2.129707e+01 -5.174400e+01 -5.490000e+00
    endloop
  endfacet
  facet normal -0.000000e+00 -0.000000e+00 -1.000000e+00
    outer loop
      vertex   2.129707e+01 -5.174400e+01 -5.490000e+00
      vertex   2.439000e+01 -5.950000e+01 -5.490000e+00
      vertex   2.074103e+01 -5.100768e+01 -5.490000e+00
    endloop
  endfacet
  facet normal 0.000000e+00 -0.000000e+00 -1.000000e+00
    outer loop
      vertex   2.074103e+01 -5.100768e+01 -5.490000e+00
      vertex   2.439000e+01 -5.950000e+01 -5.490000e+00
      vertex   4.044122e+00 -5.158531e+01 -5.490000e+00
    endloop
  endfacet
  facet normal -0.000000e+00 0.000000e+00 -1.000000e+00
    outer loop
      vertex   2.074103e+01 -5.100768e+01 -5.490000e+00
      vertex   4.044122e+00 -5.158531e+01 -5.490000e+00
      vertex   4.455398e+00 -5.075935e+01 -5.490000e+00
    endloop
  endfacet
  facet normal 0.000000e+00 0.000000e+00 -1.000000e+00
    outer loop
      vertex   -2.439000e+01 -5.950000e+01 -5.490000e+00
      vertex   2.543785e-01 -5.393182e+01 -5.490000e+00
      vertex   2.439000e+01 -5.950000e+01 -5.490000e+00
    endloop
  endfacet
  facet normal 0.000000e+00 0.000000e+00 -1.000000e+00
    outer loop
      vertex   2.439000e+01 -5.950000e+01 -5.490000e+00
      vertex   2.543785e-01 -5.393182e+01 -5.490000e+00
      vertex   1.161352e+00 -5.376227e+01 -5.490000e+00
    endloop
  endfacet
  facet normal 0.000000e+00 0.000000e+00 -1.000000e+00
    outer loop
      vertex   2.439000e+01 -5.950000e+01 -5.490000e+00
      vertex   1.161352e+00 -5.376227e+01 -5.490000e+00
      vertex   2.021729e+00 -5.342896e+01 -5.490000e+00
    endloop
  endfacet
  facet normal 0.000000e+00 0.000000e+00 -1.000000e+00
    outer loop
      vertex   -2.569526e+01 -5.941445e+01 -5.490000e+00
      vertex   -2.465588e+01 -5.371520e+01 -5.490000e+00
      vertex   -2.439000e+01 -5.950000e+01 -5.490000e+00
    endloop
  endfacet
  facet normal 0.000000e+00 0.000000e+00 -1.000000e+00
    outer loop
      vertex   -2.439000e+01 -5.950000e+01 -5.490000e+00
      vertex   -2.465588e+01 -5.371520e+01 -5.490000e+00
      vertex   -2.374891e+01 -5.354566e+01 -5.490000e+00
    endloop
  endfacet
  facet normal 0.000000e+00 0.000000e+00 -1.000000e+00
    outer loop
      vertex   -2.439000e+01 -5.950000e+01 -5.490000e+00
      vertex   -2.374891e+01 -5.354566e+01 -5.490000e+00
      vertex   -2.288853e+01 -5.321235e+01 -5.490000e+00
    endloop
  endfacet
  facet normal -0.000000e+00 0.000000e+00 -1.000000e+00
    outer loop
      vertex   -2.465588e+01 -5.371520e+01 -5.490000e+00
      vertex   -2.569526e+01 -5.941445e+01 -5.490000e+00
      vertex   -2.557857e+01 -5.371520e+01 -5.490000e+00
    endloop
  endfacet
  facet normal 0.000000e+00 0.000000e+00 -1.000000e+00
    outer loop
      vertex   -2.557857e+01 -5.371520e+01 -5.490000e+00
      vertex   -2.569526e+01 -5.941445e+01 -5.490000e+00
      vertex   -2.697819e+01 -5.915926e+01 -5.490000e+00
    endloop
  endfacet
  facet normal -0.000000e+00 0.000000e+00 -1.000000e+00
    outer loop
      vertex   -2.557857e+01 -5.371520e+01 -5.490000e+00
      vertex   -2.697819e+01 -5.915926e+01 -5.490000e+00
      vertex   -2.648554e+01 -5.354566e+01 -5.490000e+00
    endloop
  endfacet
  facet normal -0.000000e+00 0.000000e+00 -1.000000e+00
    outer loop
      vertex   -2.648554e+01 -5.354566e+01 -5.490000e+00
      vertex   -2.697819e+01 -5.915926e+01 -5.490000e+00
      vertex   -2.734592e+01 -5.321235e+01 -5.490000e+00
    endloop
  endfacet
  facet normal 0.000000e+00 -0.000000e+00 -1.000000e+00
    outer loop
      vertex   -2.734592e+01 -5.321235e+01 -5.490000e+00
      vertex   -2.697819e+01 -5.915926e+01 -5.490000e+00
      vertex   -2.821683e+01 -5.873880e+01 -5.490000e+00
    endloop
  endfacet
  facet normal -0.000000e+00 0.000000e+00 -1.000000e+00
    outer loop
      vertex   -2.734592e+01 -5.321235e+01 -5.490000e+00
      vertex   -2.821683e+01 -5.873880e+01 -5.490000e+00
      vertex   -2.813040e+01 -5.272662e+01 -5.490000e+00
    endloop
  endfacet
  facet normal 0.000000e+00 0.000000e+00 -1.000000e+00
    outer loop
      vertex   -2.813040e+01 -5.272662e+01 -5.490000e+00
      vertex   -2.821683e+01 -5.873880e+01 -5.490000e+00
      vertex   -2.939000e+01 -5.816025e+01 -5.490000e+00
    endloop
  endfacet
  facet normal -0.000000e+00 0.000000e+00 -1.000000e+00
    outer loop
      vertex   -2.813040e+01 -5.272662e+01 -5.490000e+00
      vertex   -2.939000e+01 -5.816025e+01 -5.490000e+00
      vertex   -2.881227e+01 -5.210501e+01 -5.490000e+00
    endloop
  endfacet
  facet normal 0.000000e+00 0.000000e+00 -1.000000e+00
    outer loop
      vertex   -2.881227e+01 -5.210501e+01 -5.490000e+00
      vertex   -2.939000e+01 -5.816025e+01 -5.490000e+00
      vertex   -3.047761e+01 -5.743353e+01 -5.490000e+00
    endloop
  endfacet
  facet normal 0.000000e+00 0.000000e+00 -1.000000e+00
    outer loop
      vertex   -2.881227e+01 -5.210501e+01 -5.490000e+00
      vertex   -3.047761e+01 -5.743353e+01 -5.490000e+00
      vertex   -3.146107e+01 -5.657107e+01 -5.490000e+00
    endloop
  endfacet
  facet normal -0.000000e+00 0.000000e+00 -1.000000e+00
    outer loop
      vertex   -2.881227e+01 -5.210501e+01 -5.490000e+00
      vertex   -3.146107e+01 -5.657107e+01 -5.490000e+00
      vertex   -2.936831e+01 -5.136869e+01 -5.490000e+00
    endloop
  endfacet
  facet normal 0.000000e+00 0.000000e+00 -1.000000e+00
    outer loop
      vertex   -2.936831e+01 -5.136869e+01 -5.490000e+00
      vertex   -3.146107e+01 -5.657107e+01 -5.490000e+00
      vertex   -3.232353e+01 -5.558761e+01 -5.490000e+00
    endloop
  endfacet
  facet normal -0.000000e+00 0.000000e+00 -1.000000e+00
    outer loop
      vertex   -2.936831e+01 -5.136869e+01 -5.490000e+00
      vertex   -3.232353e+01 -5.558761e+01 -5.490000e+00
      vertex   -2.977959e+01 -5.054274e+01 -5.490000e+00
    endloop
  endfacet
  facet normal 0.000000e+00 0.000000e+00 -1.000000e+00
    outer loop
      vertex   -2.977959e+01 -5.054274e+01 -5.490000e+00
      vertex   -3.232353e+01 -5.558761e+01 -5.490000e+00
      vertex   -3.305025e+01 -5.450000e+01 -5.490000e+00
    endloop
  endfacet
  facet normal -0.000000e+00 0.000000e+00 -1.000000e+00
    outer loop
      vertex   -2.977959e+01 -5.054274e+01 -5.490000e+00
      vertex   -3.305025e+01 -5.450000e+01 -5.490000e+00
      vertex   -3.003209e+01 -4.965528e+01 -5.490000e+00
    endloop
  endfacet
  facet normal 0.000000e+00 0.000000e+00 -1.000000e+00
    outer loop
      vertex   -3.003209e+01 -4.965528e+01 -5.490000e+00
      vertex   -3.305025e+01 -5.450000e+01 -5.490000e+00
      vertex   -3.362880e+01 -5.332683e+01 -5.490000e+00
    endloop
  endfacet
  facet normal 0.000000e+00 0.000000e+00 -1.000000e+00
    outer loop
      vertex   -3.003209e+01 -4.965528e+01 -5.490000e+00
      vertex   -3.362880e+01 -5.332683e+01 -5.490000e+00
      vertex   -3.404926e+01 -5.208819e+01 -5.490000e+00
    endloop
  endfacet
  facet normal 0.000000e+00 0.000000e+00 -1.000000e+00
    outer loop
      vertex   -3.404926e+01 -5.208819e+01 -5.490000e+00
      vertex   -3.430445e+01 -5.080526e+01 -5.490000e+00
      vertex   -3.003209e+01 -4.965528e+01 -5.490000e+00
    endloop
  endfacet
  facet normal -0.000000e+00 0.000000e+00 -1.000000e+00
    outer loop
      vertex   -3.003209e+01 -4.965528e+01 -5.490000e+00
      vertex   -3.430445e+01 -5.080526e+01 -5.490000e+00
      vertex   -3.011723e+01 -4.873653e+01 -5.490000e+00
    endloop
  endfacet
  facet normal 0.000000e+00 0.000000e+00 -1.000000e+00
    outer loop
      vertex   -3.011723e+01 -4.873653e+01 -5.490000e+00
      vertex   -3.430445e+01 -5.080526e+01 -5.490000e+00
      vertex   -3.439000e+01 -4.950000e+01 -5.490000e+00
    endloop
  endfacet
  facet normal -0.000000e+00 0.000000e+00 -1.000000e+00
    outer loop
      vertex   -3.011723e+01 -4.873653e+01 -5.490000e+00
      vertex   -3.439000e+01 -4.950000e+01 -5.490000e+00
      vertex   -3.003209e+01 -4.781778e+01 -5.490000e+00
    endloop
  endfacet
  facet normal -0.000000e+00 0.000000e+00 -1.000000e+00
    outer loop
      vertex   -3.003209e+01 -4.781778e+01 -5.490000e+00
      vertex   -3.439000e+01 -4.950000e+01 -5.490000e+00
      vertex   -2.977959e+01 -4.693032e+01 -5.490000e+00
    endloop
  endfacet
  facet normal -0.000000e+00 0.000000e+00 -1.000000e+00
    outer loop
      vertex   -2.977959e+01 -4.693032e+01 -5.490000e+00
      vertex   -3.439000e+01 -4.950000e+01 -5.490000e+00
      vertex   -2.936831e+01 -4.610437e+01 -5.490000e+00
    endloop
  endfacet
  facet normal -0.000000e+00 0.000000e+00 -1.000000e+00
    outer loop
      vertex   -2.936831e+01 -4.610437e+01 -5.490000e+00
      vertex   -3.439000e+01 -4.950000e+01 -5.490000e+00
      vertex   -2.881227e+01 -4.536805e+01 -5.490000e+00
    endloop
  endfacet
  facet normal -0.000000e+00 0.000000e+00 -1.000000e+00
    outer loop
      vertex   -2.881227e+01 -4.536805e+01 -5.490000e+00
      vertex   -3.439000e+01 -4.950000e+01 -5.490000e+00
      vertex   -3.439000e+01 3.750000e+01 -5.490000e+00
    endloop
  endfacet
  facet normal 0.000000e+00 0.000000e+00 -1.000000e+00
    outer loop
      vertex   -2.881227e+01 -4.536805e+01 -5.490000e+00
      vertex   -3.439000e+01 3.750000e+01 -5.490000e+00
      vertex   -2.813040e+01 -4.474645e+01 -5.490000e+00
    endloop
  endfacet
  facet normal 0.000000e+00 0.000000e+00 -1.000000e+00
    outer loop
      vertex   -2.813040e+01 -4.474645e+01 -5.490000e+00
      vertex   -3.439000e+01 3.750000e+01 -5.490000e+00
      vertex   -2.734592e+01 -4.426072e+01 -5.490000e+00
    endloop
  endfacet
  facet normal 0.000000e+00 0.000000e+00 -1.000000e+00
    outer loop
      vertex   -2.734592e+01 -4.426072e+01 -5.490000e+00
      vertex   -3.439000e+01 3.750000e+01 -5.490000e+00
      vertex   -2.648554e+01 -4.392740e+01 -5.490000e+00
    endloop
  endfacet
  facet normal 0.000000e+00 0.000000e+00 -1.000000e+00
    outer loop
      vertex   -2.648554e+01 -4.392740e+01 -5.490000e+00
      vertex   -3.439000e+01 3.750000e+01 -5.490000e+00
      vertex   -2.557857e+01 -4.375786e+01 -5.490000e+00
    endloop
  endfacet
  facet normal 0.000000e+00 0.000000e+00 -1.000000e+00
    outer loop
      vertex   -2.557857e+01 -4.375786e+01 -5.490000e+00
      vertex   -3.439000e+01 3.750000e+01 -5.490000e+00
      vertex   -2.465588e+01 -4.375786e+01 -5.490000e+00
    endloop
  endfacet
  facet normal 0.000000e+00 0.000000e+00 -1.000000e+00
    outer loop
      vertex   -2.465588e+01 -4.375786e+01 -5.490000e+00
      vertex   -3.439000e+01 3.750000e+01 -5.490000e+00
      vertex   -1.239000e+01 3.950000e+01 -5.490000e+00
    endloop
  endfacet
  facet normal 0.000000e+00 0.000000e+00 -1.000000e+00
    outer loop
      vertex   -2.465588e+01 -4.375786e+01 -5.490000e+00
      vertex   -1.239000e+01 3.950000e+01 -5.490000e+00
      vertex   -2.374891e+01 -4.392740e+01 -5.490000e+00
    endloop
  endfacet
  facet normal 0.000000e+00 0.000000e+00 -1.000000e+00
    outer loop
      vertex   -2.374891e+01 -4.392740e+01 -5.490000e+00
      vertex   -1.239000e+01 3.950000e+01 -5.490000e+00
      vertex   -2.288853e+01 -4.426072e+01 -5.490000e+00
    endloop
  endfacet
  facet normal 0.000000e+00 0.000000e+00 -1.000000e+00
    outer loop
      vertex   -2.288853e+01 -4.426072e+01 -5.490000e+00
      vertex   -1.239000e+01 3.950000e+01 -5.490000e+00
      vertex   -2.210405e+01 -4.474645e+01 -5.490000e+00
    endloop
  endfacet
  facet normal 0.000000e+00 0.000000e+00 -1.000000e+00
    outer loop
      vertex   -2.210405e+01 -4.474645e+01 -5.490000e+00
      vertex   -1.239000e+01 3.950000e+01 -5.490000e+00
      vertex   -3.220136e+00 -4.496306e+01 -5.490000e+00
    endloop
  endfacet
  facet normal 0.000000e+00 0.000000e+00 -1.000000e+00
    outer loop
      vertex   -2.210405e+01 -4.474645e+01 -5.490000e+00
      vertex   -3.220136e+00 -4.496306e+01 -5.490000e+00
      vertex   -2.142218e+01 -4.536805e+01 -5.490000e+00
    endloop
  endfacet
  facet normal 0.000000e+00 0.000000e+00 -1.000000e+00
    outer loop
      vertex   -2.142218e+01 -4.536805e+01 -5.490000e+00
      vertex   -3.220136e+00 -4.496306e+01 -5.490000e+00
      vertex   -3.902008e+00 -4.558467e+01 -5.490000e+00
    endloop
  endfacet
  facet normal 0.000000e+00 0.000000e+00 -1.000000e+00
    outer loop
      vertex   -2.142218e+01 -4.536805e+01 -5.490000e+00
      vertex   -3.902008e+00 -4.558467e+01 -5.490000e+00
      vertex   -2.086614e+01 -4.610437e+01 -5.490000e+00
    endloop
  endfacet
  facet normal 0.000000e+00 0.000000e+00 -1.000000e+00
    outer loop
      vertex   -2.086614e+01 -4.610437e+01 -5.490000e+00
      vertex   -3.902008e+00 -4.558467e+01 -5.490000e+00
      vertex   -4.458049e+00 -4.632099e+01 -5.490000e+00
    endloop
  endfacet
  facet normal 0.000000e+00 0.000000e+00 -1.000000e+00
    outer loop
      vertex   -2.086614e+01 -4.610437e+01 -5.490000e+00
      vertex   -4.458049e+00 -4.632099e+01 -5.490000e+00
      vertex   -2.045486e+01 -4.693032e+01 -5.490000e+00
    endloop
  endfacet
  facet normal 0.000000e+00 0.000000e+00 -1.000000e+00
    outer loop
      vertex   -2.045486e+01 -4.693032e+01 -5.490000e+00
      vertex   -4.458049e+00 -4.632099e+01 -5.490000e+00
      vertex   -4.869324e+00 -4.714694e+01 -5.490000e+00
    endloop
  endfacet
  facet normal 0.000000e+00 0.000000e+00 -1.000000e+00
    outer loop
      vertex   -2.045486e+01 -4.693032e+01 -5.490000e+00
      vertex   -4.869324e+00 -4.714694e+01 -5.490000e+00
      vertex   -2.020236e+01 -4.781778e+01 -5.490000e+00
    endloop
  endfacet
  facet normal 0.000000e+00 0.000000e+00 -1.000000e+00
    outer loop
      vertex   -2.020236e+01 -4.781778e+01 -5.490000e+00
      vertex   -4.869324e+00 -4.714694e+01 -5.490000e+00
      vertex   -5.121829e+00 -4.803440e+01 -5.490000e+00
    endloop
  endfacet
  facet normal 0.000000e+00 0.000000e+00 -1.000000e+00
    outer loop
      vertex   -2.020236e+01 -4.781778e+01 -5.490000e+00
      vertex   -5.121829e+00 -4.803440e+01 -5.490000e+00
      vertex   -2.011723e+01 -4.873653e+01 -5.490000e+00
    endloop
  endfacet
  facet normal 0.000000e+00 0.000000e+00 -1.000000e+00
    outer loop
      vertex   -2.011723e+01 -4.873653e+01 -5.490000e+00
      vertex   -5.121829e+00 -4.803440e+01 -5.490000e+00
      vertex   -5.206963e+00 -4.895315e+01 -5.490000e+00
    endloop
  endfacet
  facet normal 0.000000e+00 -0.000000e+00 -1.000000e+00
    outer loop
      vertex   -2.011723e+01 -4.873653e+01 -5.490000e+00
      vertex   -5.206963e+00 -4.895315e+01 -5.490000e+00
      vertex   -2.020236e+01 -4.965528e+01 -5.490000e+00
    endloop
  endfacet
  facet normal 0.000000e+00 0.000000e+00 -1.000000e+00
    outer loop
      vertex   -2.020236e+01 -4.965528e+01 -5.490000e+00
      vertex   -5.206963e+00 -4.895315e+01 -5.490000e+00
      vertex   -5.121829e+00 -4.987189e+01 -5.490000e+00
    endloop
  endfacet
  facet normal 0.000000e+00 -0.000000e+00 -1.000000e+00
    outer loop
      vertex   -2.020236e+01 -4.965528e+01 -5.490000e+00
      vertex   -5.121829e+00 -4.987189e+01 -5.490000e+00
      vertex   -2.045486e+01 -5.054274e+01 -5.490000e+00
    endloop
  endfacet
  facet normal 0.000000e+00 0.000000e+00 -1.000000e+00
    outer loop
      vertex   -2.045486e+01 -5.054274e+01 -5.490000e+00
      vertex   -5.121829e+00 -4.987189e+01 -5.490000e+00
      vertex   -4.869324e+00 -5.075935e+01 -5.490000e+00
    endloop
  endfacet
  facet normal 0.000000e+00 -0.000000e+00 -1.000000e+00
    outer loop
      vertex   -2.045486e+01 -5.054274e+01 -5.490000e+00
      vertex   -4.869324e+00 -5.075935e+01 -5.490000e+00
      vertex   -2.086614e+01 -5.136869e+01 -5.490000e+00
    endloop
  endfacet
  facet normal 0.000000e+00 0.000000e+00 -1.000000e+00
    outer loop
      vertex   -2.086614e+01 -5.136869e+01 -5.490000e+00
      vertex   -4.869324e+00 -5.075935e+01 -5.490000e+00
      vertex   -4.458049e+00 -5.158531e+01 -5.490000e+00
    endloop
  endfacet
  facet normal 0.000000e+00 -0.000000e+00 -1.000000e+00
    outer loop
      vertex   -2.086614e+01 -5.136869e+01 -5.490000e+00
      vertex   -4.458049e+00 -5.158531e+01 -5.490000e+00
      vertex   -2.439000e+01 -5.950000e+01 -5.490000e+00
    endloop
  endfacet
  facet normal 0.000000e+00 0.000000e+00 -1.000000e+00
    outer loop
      vertex   -2.439000e+01 -5.950000e+01 -5.490000e+00
      vertex   -4.458049e+00 -5.158531e+01 -5.490000e+00
      vertex   -3.902008e+00 -5.232162e+01 -5.490000e+00
    endloop
  endfacet
  facet normal 0.000000e+00 0.000000e+00 -1.000000e+00
    outer loop
      vertex   -2.439000e+01 -5.950000e+01 -5.490000e+00
      vertex   -3.902008e+00 -5.232162e+01 -5.490000e+00
      vertex   -3.220136e+00 -5.294323e+01 -5.490000e+00
    endloop
  endfacet
  facet normal 0.000000e+00 -0.000000e+00 -1.000000e+00
    outer loop
      vertex   -3.432185e+01 3.801764e+01 -5.490000e+00
      vertex   -3.412205e+01 3.850000e+01 -5.490000e+00
      vertex   -3.439000e+01 3.750000e+01 -5.490000e+00
    endloop
  endfacet
  facet normal 0.000000e+00 0.000000e+00 -1.000000e+00
    outer loop
      vertex   -3.439000e+01 3.750000e+01 -5.490000e+00
      vertex   -3.412205e+01 3.850000e+01 -5.490000e+00
      vertex   -3.380421e+01 3.891421e+01 -5.490000e+00
    endloop
  endfacet
  facet normal 0.000000e+00 0.000000e+00 -1.000000e+00
    outer loop
      vertex   -3.439000e+01 3.750000e+01 -5.490000e+00
      vertex   -3.380421e+01 3.891421e+01 -5.490000e+00
      vertex   -3.339000e+01 3.923205e+01 -5.490000e+00
    endloop
  endfacet
  facet normal 0.000000e+00 -0.000000e+00 -1.000000e+00
    outer loop
      vertex   -3.339000e+01 3.923205e+01 -5.490000e+00
      vertex   -3.290764e+01 3.943185e+01 -5.490000e+00
      vertex   -3.439000e+01 3.750000e+01 -5.490000e+00
    endloop
  endfacet
  facet normal 0.000000e+00 0.000000e+00 -1.000000e+00
    outer loop
      vertex   -3.439000e+01 3.750000e+01 -5.490000e+00
      vertex   -3.290764e+01 3.943185e+01 -5.490000e+00
      vertex   -3.239000e+01 3.950000e+01 -5.490000e+00
    endloop
  endfacet
  facet normal 0.000000e+00 0.000000e+00 -1.000000e+00
    outer loop
      vertex   -3.439000e+01 3.750000e+01 -5.490000e+00
      vertex   -3.239000e+01 3.950000e+01 -5.490000e+00
      vertex   -1.239000e+01 3.950000e+01 -5.490000e+00
    endloop
  endfacet
  facet normal 0.000000e+00 -0.000000e+00 -1.000000e+00
    outer loop
      vertex   -2.288853e+01 -5.321235e+01 -5.490000e+00
      vertex   -2.210405e+01 -5.272662e+01 -5.490000e+00
      vertex   -2.439000e+01 -5.950000e+01 -5.490000e+00
    endloop
  endfacet
  facet normal 0.000000e+00 0.000000e+00 -1.000000e+00
    outer loop
      vertex   -2.439000e+01 -5.950000e+01 -5.490000e+00
      vertex   -2.210405e+01 -5.272662e+01 -5.490000e+00
      vertex   -2.142218e+01 -5.210501e+01 -5.490000e+00
    endloop
  endfacet
  facet normal 0.000000e+00 0.000000e+00 -1.000000e+00
    outer loop
      vertex   -2.439000e+01 -5.950000e+01 -5.490000e+00
      vertex   -2.142218e+01 -5.210501e+01 -5.490000e+00
      vertex   -2.086614e+01 -5.136869e+01 -5.490000e+00
    endloop
  endfacet
  facet normal 0.000000e+00 0.000000e+00 -1.000000e+00
    outer loop
      vertex   2.007725e+01 -4.929427e+01 -5.490000e+00
      vertex   4.793037e+00 -4.895315e+01 -5.490000e+00
      vertex   1.999212e+01 -4.837552e+01 -5.490000e+00
    endloop
  endfacet
  facet normal -0.000000e+00 0.000000e+00 -1.000000e+00
    outer loop
      vertex   1.999212e+01 -4.837552e+01 -5.490000e+00
      vertex   4.793037e+00 -4.895315e+01 -5.490000e+00
      vertex   4.707902e+00 -4.803440e+01 -5.490000e+00
    endloop
  endfacet
  facet normal 0.000000e+00 0.000000e+00 -1.000000e+00
    outer loop
      vertex   1.999212e+01 -4.837552e+01 -5.490000e+00
      vertex   4.707902e+00 -4.803440e+01 -5.490000e+00
      vertex   2.007725e+01 -4.745677e+01 -5.490000e+00
    endloop
  endfacet
  facet normal -0.000000e+00 0.000000e+00 -1.000000e+00
    outer loop
      vertex   2.007725e+01 -4.745677e+01 -5.490000e+00
      vertex   4.707902e+00 -4.803440e+01 -5.490000e+00
      vertex   4.455398e+00 -4.714694e+01 -5.490000e+00
    endloop
  endfacet
  facet normal 0.000000e+00 0.000000e+00 -1.000000e+00
    outer loop
      vertex   2.007725e+01 -4.745677e+01 -5.490000e+00
      vertex   4.455398e+00 -4.714694e+01 -5.490000e+00
      vertex   2.032975e+01 -4.656931e+01 -5.490000e+00
    endloop
  endfacet
  facet normal -0.000000e+00 0.000000e+00 -1.000000e+00
    outer loop
      vertex   2.032975e+01 -4.656931e+01 -5.490000e+00
      vertex   4.455398e+00 -4.714694e+01 -5.490000e+00
      vertex   4.044122e+00 -4.632099e+01 -5.490000e+00
    endloop
  endfacet
  facet normal 0.000000e+00 0.000000e+00 -1.000000e+00
    outer loop
      vertex   2.032975e+01 -4.656931e+01 -5.490000e+00
      vertex   4.044122e+00 -4.632099e+01 -5.490000e+00
      vertex   2.074103e+01 -4.574336e+01 -5.490000e+00
    endloop
  endfacet
  facet normal -0.000000e+00 0.000000e+00 -1.000000e+00
    outer loop
      vertex   2.074103e+01 -4.574336e+01 -5.490000e+00
      vertex   4.044122e+00 -4.632099e+01 -5.490000e+00
      vertex   3.488081e+00 -4.558467e+01 -5.490000e+00
    endloop
  endfacet
  facet normal 0.000000e+00 0.000000e+00 -1.000000e+00
    outer loop
      vertex   2.074103e+01 -4.574336e+01 -5.490000e+00
      vertex   3.488081e+00 -4.558467e+01 -5.490000e+00
      vertex   2.129707e+01 -4.500704e+01 -5.490000e+00
    endloop
  endfacet
  facet normal -0.000000e+00 0.000000e+00 -1.000000e+00
    outer loop
      vertex   2.129707e+01 -4.500704e+01 -5.490000e+00
      vertex   3.488081e+00 -4.558467e+01 -5.490000e+00
      vertex   2.806210e+00 -4.496306e+01 -5.490000e+00
    endloop
  endfacet
  facet normal 0.000000e+00 0.000000e+00 -1.000000e+00
    outer loop
      vertex   2.129707e+01 -4.500704e+01 -5.490000e+00
      vertex   2.806210e+00 -4.496306e+01 -5.490000e+00
      vertex   2.197894e+01 -4.438543e+01 -5.490000e+00
    endloop
  endfacet
  facet normal -0.000000e+00 0.000000e+00 -1.000000e+00
    outer loop
      vertex   2.197894e+01 -4.438543e+01 -5.490000e+00
      vertex   2.806210e+00 -4.496306e+01 -5.490000e+00
      vertex   1.239000e+01 3.950000e+01 -5.490000e+00
    endloop
  endfacet
  facet normal 0.000000e+00 0.000000e+00 -1.000000e+00
    outer loop
      vertex   2.197894e+01 -4.438543e+01 -5.490000e+00
      vertex   1.239000e+01 3.950000e+01 -5.490000e+00
      vertex   2.276342e+01 -4.389970e+01 -5.490000e+00
    endloop
  endfacet
  facet normal 0.000000e+00 0.000000e+00 -1.000000e+00
    outer loop
      vertex   2.276342e+01 -4.389970e+01 -5.490000e+00
      vertex   1.239000e+01 3.950000e+01 -5.490000e+00
      vertex   2.362380e+01 -4.356639e+01 -5.490000e+00
    endloop
  endfacet
  facet normal 0.000000e+00 -0.000000e+00 -1.000000e+00
    outer loop
      vertex   4.793037e+00 -4.895315e+01 -5.490000e+00
      vertex   2.007725e+01 -4.929427e+01 -5.490000e+00
      vertex   4.707902e+00 -4.987189e+01 -5.490000e+00
    endloop
  endfacet
  facet normal 0.000000e+00 0.000000e+00 -1.000000e+00
    outer loop
      vertex   4.707902e+00 -4.987189e+01 -5.490000e+00
      vertex   2.007725e+01 -4.929427e+01 -5.490000e+00
      vertex   2.032975e+01 -5.018173e+01 -5.490000e+00
    endloop
  endfacet
  facet normal 0.000000e+00 -0.000000e+00 -1.000000e+00
    outer loop
      vertex   4.707902e+00 -4.987189e+01 -5.490000e+00
      vertex   2.032975e+01 -5.018173e+01 -5.490000e+00
      vertex   4.455398e+00 -5.075935e+01 -5.490000e+00
    endloop
  endfacet
  facet normal 0.000000e+00 0.000000e+00 -1.000000e+00
    outer loop
      vertex   4.455398e+00 -5.075935e+01 -5.490000e+00
      vertex   2.032975e+01 -5.018173e+01 -5.490000e+00
      vertex   2.074103e+01 -5.100768e+01 -5.490000e+00
    endloop
  endfacet
  facet normal 0.000000e+00 0.000000e+00 -1.000000e+00
    outer loop
      vertex   2.990698e+01 -4.745677e+01 -5.490000e+00
      vertex   2.965448e+01 -4.656931e+01 -5.490000e+00
      vertex   3.439000e+01 -4.950000e+01 -5.490000e+00
    endloop
  endfacet
  facet normal 0.000000e+00 0.000000e+00 -1.000000e+00
    outer loop
      vertex   3.439000e+01 -4.950000e+01 -5.490000e+00
      vertex   2.965448e+01 -4.656931e+01 -5.490000e+00
      vertex   2.924320e+01 -4.574336e+01 -5.490000e+00
    endloop
  endfacet
  facet normal 0.000000e+00 0.000000e+00 -1.000000e+00
    outer loop
      vertex   3.439000e+01 -4.950000e+01 -5.490000e+00
      vertex   2.924320e+01 -4.574336e+01 -5.490000e+00
      vertex   2.868716e+01 -4.500704e+01 -5.490000e+00
    endloop
  endfacet
  facet normal 0.000000e+00 0.000000e+00 -1.000000e+00
    outer loop
      vertex   2.722081e+01 -4.389970e+01 -5.490000e+00
      vertex   2.636043e+01 -4.356639e+01 -5.490000e+00
      vertex   3.439000e+01 3.750000e+01 -5.490000e+00
    endloop
  endfacet
  facet normal 0.000000e+00 0.000000e+00 -1.000000e+00
    outer loop
      vertex   3.439000e+01 3.750000e+01 -5.490000e+00
      vertex   2.636043e+01 -4.356639e+01 -5.490000e+00
      vertex   2.545346e+01 -4.339685e+01 -5.490000e+00
    endloop
  endfacet
  facet normal 0.000000e+00 0.000000e+00 -1.000000e+00
    outer loop
      vertex   3.439000e+01 3.750000e+01 -5.490000e+00
      vertex   2.545346e+01 -4.339685e+01 -5.490000e+00
      vertex   2.453077e+01 -4.339685e+01 -5.490000e+00
    endloop
  endfacet
  facet normal 0.000000e+00 -0.000000e+00 -1.000000e+00
    outer loop
      vertex   -3.220136e+00 -5.294323e+01 -5.490000e+00
      vertex   -2.435655e+00 -5.342896e+01 -5.490000e+00
      vertex   -2.439000e+01 -5.950000e+01 -5.490000e+00
    endloop
  endfacet
  facet normal 0.000000e+00 0.000000e+00 -1.000000e+00
    outer loop
      vertex   -2.439000e+01 -5.950000e+01 -5.490000e+00
      vertex   -2.435655e+00 -5.342896e+01 -5.490000e+00
      vertex   -1.575278e+00 -5.376227e+01 -5.490000e+00
    endloop
  endfacet
  facet normal 0.000000e+00 0.000000e+00 -1.000000e+00
    outer loop
      vertex   -2.439000e+01 -5.950000e+01 -5.490000e+00
      vertex   -1.575278e+00 -5.376227e+01 -5.490000e+00
      vertex   -6.683051e-01 -5.393182e+01 -5.490000e+00
    endloop
  endfacet
  facet normal 0.000000e+00 -0.000000e+00 -1.000000e+00
    outer loop
      vertex   -6.683051e-01 -5.393182e+01 -5.490000e+00
      vertex   2.543785e-01 -5.393182e+01 -5.490000e+00
      vertex   -2.439000e+01 -5.950000e+01 -5.490000e+00
    endloop
  endfacet
  facet normal 0.000000e+00 0.000000e+00 -1.000000e+00
    outer loop
      vertex   2.021729e+00 -5.342896e+01 -5.490000e+00
      vertex   2.806210e+00 -5.294323e+01 -5.490000e+00
      vertex   2.439000e+01 -5.950000e+01 -5.490000e+00
    endloop
  endfacet
  facet normal 0.000000e+00 0.000000e+00 -1.000000e+00
    outer loop
      vertex   2.439000e+01 -5.950000e+01 -5.490000e+00
      vertex   2.806210e+00 -5.294323e+01 -5.490000e+00
      vertex   3.488081e+00 -5.232162e+01 -5.490000e+00
    endloop
  endfacet
  facet normal 0.000000e+00 0.000000e+00 -1.000000e+00
    outer loop
      vertex   2.439000e+01 -5.950000e+01 -5.490000e+00
      vertex   3.488081e+00 -5.232162e+01 -5.490000e+00
      vertex   4.044122e+00 -5.158531e+01 -5.490000e+00
    endloop
  endfacet
  facet normal 0.000000e+00 0.000000e+00 -1.000000e+00
    outer loop
      vertex   2.806210e+00 -4.496306e+01 -5.490000e+00
      vertex   2.021729e+00 -4.447733e+01 -5.490000e+00
      vertex   1.239000e+01 3.950000e+01 -5.490000e+00
    endloop
  endfacet
  facet normal 0.000000e+00 0.000000e+00 -1.000000e+00
    outer loop
      vertex   1.239000e+01 3.950000e+01 -5.490000e+00
      vertex   2.021729e+00 -4.447733e+01 -5.490000e+00
      vertex   1.161352e+00 -4.414402e+01 -5.490000e+00
    endloop
  endfacet
  facet normal 0.000000e+00 0.000000e+00 -1.000000e+00
    outer loop
      vertex   1.239000e+01 3.950000e+01 -5.490000e+00
      vertex   1.161352e+00 -4.414402e+01 -5.490000e+00
      vertex   2.543785e-01 -4.397447e+01 -5.490000e+00
    endloop
  endfacet
  facet normal -0.000000e+00 0.000000e+00 -1.000000e+00
    outer loop
      vertex   -1.575278e+00 -4.414402e+01 -5.490000e+00
      vertex   -2.435655e+00 -4.447733e+01 -5.490000e+00
      vertex   -1.239000e+01 3.950000e+01 -5.490000e+00
    endloop
  endfacet
  facet normal 0.000000e+00 0.000000e+00 -1.000000e+00
    outer loop
      vertex   -1.239000e+01 3.950000e+01 -5.490000e+00
      vertex   -2.435655e+00 -4.447733e+01 -5.490000e+00
      vertex   -3.220136e+00 -4.496306e+01 -5.490000e+00
    endloop
  endfacet
  facet normal -9.951847e-01 9.801714e-02 0.000000e+00
    outer loop
      vertex   -1.239000e+01 5.550000e+01 -5.490000e+00
      vertex   -1.239000e+01 5.550000e+01 5.100000e-01
      vertex   -1.231314e+01 5.628036e+01 -5.490000e+00
    endloop
  endfacet
  facet normal -9.951847e-01 9.801714e-02 2.946339e-16
    outer loop
      vertex   -1.231314e+01 5.628036e+01 -5.490000e+00
      vertex   -1.239000e+01 5.550000e+01 5.100000e-01
      vertex   -1.231314e+01 5.628036e+01 5.100000e-01
    endloop
  endfacet
  facet normal -9.569403e-01 2.902847e-01 2.833113e-16
    outer loop
      vertex   -1.231314e+01 5.628036e+01 -5.490000e+00
      vertex   -1.231314e+01 5.628036e+01 5.100000e-01
      vertex   -1.208552e+01 5.703073e+01 -5.490000e+00
    endloop
  endfacet
  facet normal -9.569403e-01 2.902847e-01 -2.833113e-16
    outer loop
      vertex   -1.208552e+01 5.703073e+01 -5.490000e+00
      vertex   -1.231314e+01 5.628036e+01 5.100000e-01
      vertex   -1.208552e+01 5.703073e+01 5.100000e-01
    endloop
  endfacet
  facet normal -8.819213e-01 4.713967e-01 -2.611011e-16
    outer loop
      vertex   -1.208552e+01 5.703073e+01 -5.490000e+00
      vertex   -1.208552e+01 5.703073e+01 5.100000e-01
      vertex   -1.171588e+01 5.772228e+01 -5.490000e+00
    endloop
  endfacet
  facet normal -8.819213e-01 4.713967e-01 -5.222023e-16
    outer loop
      vertex   -1.171588e+01 5.772228e+01 -5.490000e+00
      vertex   -1.208552e+01 5.703073e+01 5.100000e-01
      vertex   -1.171588e+01 5.772228e+01 5.100000e-01
    endloop
  endfacet
  facet normal -7.730105e-01 6.343933e-01 -4.577141e-16
    outer loop
      vertex   -1.171588e+01 5.772228e+01 -5.490000e+00
      vertex   -1.171588e+01 5.772228e+01 5.100000e-01
      vertex   -1.121843e+01 5.832843e+01 -5.490000e+00
    endloop
  endfacet
  facet normal -7.730105e-01 6.343933e-01 -4.577141e-16
    outer loop
      vertex   -1.121843e+01 5.832843e+01 -5.490000e+00
      vertex   -1.171588e+01 5.772228e+01 5.100000e-01
      vertex   -1.121843e+01 5.832843e+01 5.100000e-01
    endloop
  endfacet
  facet normal -6.343933e-01 7.730105e-01 -3.756363e-16
    outer loop
      vertex   -1.121843e+01 5.832843e+01 -5.490000e+00
      vertex   -1.121843e+01 5.832843e+01 5.100000e-01
      vertex   -1.061228e+01 5.882588e+01 -5.490000e+00
    endloop
  endfacet
  facet normal -6.343933e-01 7.730105e-01 7.276101e-16
    outer loop
      vertex   -1.061228e+01 5.882588e+01 -5.490000e+00
      vertex   -1.121843e+01 5.832843e+01 5.100000e-01
      vertex   -1.061228e+01 5.882588e+01 5.100000e-01
    endloop
  endfacet
  facet normal -4.713967e-01 8.819213e-01 9.048431e-16
    outer loop
      vertex   -1.061228e+01 5.882588e+01 -5.490000e+00
      vertex   -1.061228e+01 5.882588e+01 5.100000e-01
      vertex   -9.920734e+00 5.919552e+01 -5.490000e+00
    endloop
  endfacet
  facet normal -4.713967e-01 8.819213e-01 -4.186844e-16
    outer loop
      vertex   -9.920734e+00 5.919552e+01 -5.490000e+00
      vertex   -1.061228e+01 5.882588e+01 5.100000e-01
      vertex   -9.920734e+00 5.919552e+01 5.100000e-01
    endloop
  endfacet
  facet normal -2.902847e-01 9.569403e-01 -2.578246e-16
    outer loop
      vertex   -9.920734e+00 5.919552e+01 -5.490000e+00
      vertex   -9.920734e+00 5.919552e+01 5.100000e-01
      vertex   -9.170361e+00 5.942314e+01 -5.490000e+00
    endloop
  endfacet
  facet normal -2.902847e-01 9.569403e-01 1.047303e-15
    outer loop
      vertex   -9.170361e+00 5.942314e+01 -5.490000e+00
      vertex   -9.920734e+00 5.919552e+01 5.100000e-01
      vertex   -9.170361e+00 5.942314e+01 5.100000e-01
    endloop
  endfacet
  facet normal -9.801714e-02 9.951847e-01 1.149517e-15
    outer loop
      vertex   -9.170361e+00 5.942314e+01 -5.490000e+00
      vertex   -9.170361e+00 5.942314e+01 5.100000e-01
      vertex   -8.390000e+00 5.950000e+01 -5.490000e+00
    endloop
  endfacet
  facet normal -9.801714e-02 9.951847e-01 -5.803781e-17
    outer loop
      vertex   -8.390000e+00 5.950000e+01 -5.490000e+00
      vertex   -9.170361e+00 5.942314e+01 5.100000e-01
      vertex   -8.390000e+00 5.950000e+01 5.100000e-01
    endloop
  endfacet
  facet normal 0.000000e+00 1.000000e+00 -0.000000e+00
    outer loop
      vertex   -8.390000e+00 5.950000e+01 -5.490000e+00
      vertex   -8.390000e+00 5.950000e+01 5.100000e-01
      vertex   8.390000e+00 5.950000e+01 -5.490000e+00
    endloop
  endfacet
  facet normal 0.000000e+00 1.000000e+00 -0.000000e+00
    outer loop
      vertex   8.390000e+00 5.950000e+01 -5.490000e+00
      vertex   -8.390000e+00 5.950000e+01 5.100000e-01
      vertex   8.390000e+00 5.950000e+01 5.100000e-01
    endloop
  endfacet
  facet normal 9.801714e-02 9.951847e-01 -2.901890e-17
    outer loop
      vertex   8.390000e+00 5.950000e+01 -5.490000e+00
      vertex   8.390000e+00 5.950000e+01 5.100000e-01
      vertex   9.170361e+00 5.942314e+01 -5.490000e+00
    endloop
  endfacet
  facet normal 9.801714e-02 9.951847e-01 -0.000000e+00
    outer loop
      vertex   9.170361e+00 5.942314e+01 -5.490000e+00
      vertex   8.390000e+00 5.950000e+01 5.100000e-01
      vertex   9.170361e+00 5.942314e+01 5.100000e-01
    endloop
  endfacet
  facet normal 2.902847e-01 9.569403e-01 -0.000000e+00
    outer loop
      vertex   9.170361e+00 5.942314e+01 -5.490000e+00
      vertex   9.170361e+00 5.942314e+01 5.100000e-01
      vertex   9.920734e+00 5.919552e+01 -5.490000e+00
    endloop
  endfacet
  facet normal 2.902847e-01 9.569403e-01 -8.594153e-17
    outer loop
      vertex   9.920734e+00 5.919552e+01 -5.490000e+00
      vertex   9.170361e+00 5.942314e+01 5.100000e-01
      vertex   9.920734e+00 5.919552e+01 5.100000e-01
    endloop
  endfacet
  facet normal 4.713967e-01 8.819213e-01 -1.395615e-16
    outer loop
      vertex   9.920734e+00 5.919552e+01 -5.490000e+00
      vertex   9.920734e+00 5.919552e+01 5.100000e-01
      vertex   1.061228e+01 5.882588e+01 -5.490000e+00
    endloop
  endfacet
  facet normal 4.713967e-01 8.819213e-01 9.048431e-16
    outer loop
      vertex   1.061228e+01 5.882588e+01 -5.490000e+00
      vertex   9.920734e+00 5.919552e+01 5.100000e-01
      vertex   1.061228e+01 5.882588e+01 5.100000e-01
    endloop
  endfacet
  facet normal 6.343933e-01 7.730105e-01 7.276101e-16
    outer loop
      vertex   1.061228e+01 5.882588e+01 -5.490000e+00
      vertex   1.061228e+01 5.882588e+01 5.100000e-01
      vertex   1.121843e+01 5.832843e+01 -5.490000e+00
    endloop
  endfacet
  facet normal 6.343933e-01 7.730105e-01 -1.878181e-16
    outer loop
      vertex   1.121843e+01 5.832843e+01 -5.490000e+00
      vertex   1.061228e+01 5.882588e+01 5.100000e-01
      vertex   1.121843e+01 5.832843e+01 5.100000e-01
    endloop
  endfacet
  facet normal 7.730105e-01 6.343933e-01 -2.288571e-16
    outer loop
      vertex   1.121843e+01 5.832843e+01 -5.490000e+00
      vertex   1.121843e+01 5.832843e+01 5.100000e-01
      vertex   1.171588e+01 5.772228e+01 -5.490000e+00
    endloop
  endfacet
  facet normal 7.730105e-01 6.343933e-01 -2.288571e-16
    outer loop
      vertex   1.171588e+01 5.772228e+01 -5.490000e+00
      vertex   1.121843e+01 5.832843e+01 5.100000e-01
      vertex   1.171588e+01 5.772228e+01 5.100000e-01
    endloop
  endfacet
  facet normal 8.819213e-01 4.713967e-01 -2.611011e-16
    outer loop
      vertex   1.171588e+01 5.772228e+01 -5.490000e+00
      vertex   1.171588e+01 5.772228e+01 5.100000e-01
      vertex   1.208552e+01 5.703073e+01 -5.490000e+00
    endloop
  endfacet
  facet normal 8.819213e-01 4.713967e-01 -0.000000e+00
    outer loop
      vertex   1.208552e+01 5.703073e+01 -5.490000e+00
      vertex   1.171588e+01 5.772228e+01 5.100000e-01
      vertex   1.208552e+01 5.703073e+01 5.100000e-01
    endloop
  endfacet
  facet normal 9.569403e-01 2.902847e-01 -0.000000e+00
    outer loop
      vertex   1.208552e+01 5.703073e+01 -5.490000e+00
      vertex   1.208552e+01 5.703073e+01 5.100000e-01
      vertex   1.231314e+01 5.628036e+01 -5.490000e+00
    endloop
  endfacet
  facet normal 9.569403e-01 2.902847e-01 -0.000000e+00
    outer loop
      vertex   1.231314e+01 5.628036e+01 -5.490000e+00
      vertex   1.208552e+01 5.703073e+01 5.100000e-01
      vertex   1.231314e+01 5.628036e+01 5.100000e-01
    endloop
  endfacet
  facet normal 9.951847e-01 9.801714e-02 -0.000000e+00
    outer loop
      vertex   1.231314e+01 5.628036e+01 -5.490000e+00
      vertex   1.231314e+01 5.628036e+01 5.100000e-01
      vertex   1.239000e+01 5.550000e+01 -5.490000e+00
    endloop
  endfacet
  facet normal 9.951847e-01 9.801714e-02 -0.000000e+00
    outer loop
      vertex   1.239000e+01 5.550000e+01 -5.490000e+00
      vertex   1.231314e+01 5.628036e+01 5.100000e-01
      vertex   1.239000e+01 5.550000e+01 5.100000e-01
    endloop
  endfacet
  facet normal 9.957342e-01 -9.226836e-02 0.000000e+00
    outer loop
      vertex   -5.069190e+00 5.016458e+01 -5.490000e+00
      vertex   -5.069190e+00 5.016458e+01 5.100000e-01
      vertex   -5.154324e+00 4.924584e+01 -5.490000e+00
    endloop
  endfacet
  facet normal 9.957342e-01 -9.226836e-02 0.000000e+00
    outer loop
      vertex   -5.154324e+00 4.924584e+01 -5.490000e+00
      vertex   -5.069190e+00 5.016458e+01 5.100000e-01
      vertex   -5.154324e+00 4.924584e+01 5.100000e-01
    endloop
  endfacet
  facet normal 9.957342e-01 9.226836e-02 -0.000000e+00
    outer loop
      vertex   -5.154324e+00 4.924584e+01 -5.490000e+00
      vertex   -5.154324e+00 4.924584e+01 5.100000e-01
      vertex   -5.069190e+00 4.832709e+01 -5.490000e+00
    endloop
  endfacet
  facet normal 9.957342e-01 9.226836e-02 -0.000000e+00
    outer loop
      vertex   -5.069190e+00 4.832709e+01 -5.490000e+00
      vertex   -5.154324e+00 4.924584e+01 5.100000e-01
      vertex   -5.069190e+00 4.832709e+01 5.100000e-01
    endloop
  endfacet
  facet normal 9.618256e-01 2.736630e-01 -0.000000e+00
    outer loop
      vertex   -5.069190e+00 4.832709e+01 -5.490000e+00
      vertex   -5.069190e+00 4.832709e+01 5.100000e-01
      vertex   -4.816685e+00 4.743963e+01 -5.490000e+00
    endloop
  endfacet
  facet normal 9.618256e-01 2.736630e-01 -0.000000e+00
    outer loop
      vertex   -4.816685e+00 4.743963e+01 -5.490000e+00
      vertex   -5.069190e+00 4.832709e+01 5.100000e-01
      vertex   -4.816685e+00 4.743963e+01 5.100000e-01
    endloop
  endfacet
  facet normal 8.951633e-01 4.457384e-01 -0.000000e+00
    outer loop
      vertex   -4.816685e+00 4.743963e+01 -5.490000e+00
      vertex   -4.816685e+00 4.743963e+01 5.100000e-01
      vertex   -4.405410e+00 4.661367e+01 -5.490000e+00
    endloop
  endfacet
  facet normal 8.951633e-01 4.457384e-01 1.325108e-16
    outer loop
      vertex   -4.405410e+00 4.661367e+01 -5.490000e+00
      vertex   -4.816685e+00 4.743963e+01 5.100000e-01
      vertex   -4.405410e+00 4.661367e+01 5.100000e-01
    endloop
  endfacet
  facet normal 7.980172e-01 6.026346e-01 1.181303e-16
    outer loop
      vertex   -4.405410e+00 4.661367e+01 -5.490000e+00
      vertex   -4.405410e+00 4.661367e+01 5.100000e-01
      vertex   -3.849369e+00 4.587736e+01 -5.490000e+00
    endloop
  endfacet
  facet normal 7.980172e-01 6.026346e-01 -0.000000e+00
    outer loop
      vertex   -3.849369e+00 4.587736e+01 -5.490000e+00
      vertex   -4.405410e+00 4.661367e+01 5.100000e-01
      vertex   -3.849369e+00 4.587736e+01 5.100000e-01
    endloop
  endfacet
  facet normal 6.736956e-01 7.390089e-01 -0.000000e+00
    outer loop
      vertex   -3.849369e+00 4.587736e+01 -5.490000e+00
      vertex   -3.849369e+00 4.587736e+01 5.100000e-01
      vertex   -3.167497e+00 4.525575e+01 -5.490000e+00
    endloop
  endfacet
  facet normal 6.736956e-01 7.390089e-01 -0.000000e+00
    outer loop
      vertex   -3.167497e+00 4.525575e+01 -5.490000e+00
      vertex   -3.849369e+00 4.587736e+01 5.100000e-01
      vertex   -3.167497e+00 4.525575e+01 5.100000e-01
    endloop
  endfacet
  facet normal 5.264322e-01 8.502171e-01 -0.000000e+00
    outer loop
      vertex   -3.167497e+00 4.525575e+01 -5.490000e+00
      vertex   -3.167497e+00 4.525575e+01 5.100000e-01
      vertex   -2.383016e+00 4.477002e+01 -5.490000e+00
    endloop
  endfacet
  facet normal 5.264322e-01 8.502171e-01 -0.000000e+00
    outer loop
      vertex   -2.383016e+00 4.477002e+01 -5.490000e+00
      vertex   -3.167497e+00 4.525575e+01 5.100000e-01
      vertex   -2.383016e+00 4.477002e+01 5.100000e-01
    endloop
  endfacet
  facet normal 3.612417e-01 9.324722e-01 -0.000000e+00
    outer loop
      vertex   -2.383016e+00 4.477002e+01 -5.490000e+00
      vertex   -2.383016e+00 4.477002e+01 5.100000e-01
      vertex   -1.522639e+00 4.443671e+01 -5.490000e+00
    endloop
  endfacet
  facet normal 3.612417e-01 9.324722e-01 6.684314e-17
    outer loop
      vertex   -1.522639e+00 4.443671e+01 -5.490000e+00
      vertex   -2.383016e+00 4.477002e+01 5.100000e-01
      vertex   -1.522639e+00 4.443671e+01 5.100000e-01
    endloop
  endfacet
  facet normal 1.837495e-01 9.829731e-01 3.400049e-17
    outer loop
      vertex   -1.522639e+00 4.443671e+01 -5.490000e+00
      vertex   -1.522639e+00 4.443671e+01 5.100000e-01
      vertex   -6.156659e-01 4.426716e+01 -5.490000e+00
    endloop
  endfacet
  facet normal 1.837495e-01 9.829731e-01 -0.000000e+00
    outer loop
      vertex   -6.156659e-01 4.426716e+01 -5.490000e+00
      vertex   -1.522639e+00 4.443671e+01 5.100000e-01
      vertex   -6.156659e-01 4.426716e+01 5.100000e-01
    endloop
  endfacet
  facet normal 0.000000e+00 1.000000e+00 0.000000e+00
    outer loop
      vertex   -6.156659e-01 4.426716e+01 -5.490000e+00
      vertex   -6.156659e-01 4.426716e+01 5.100000e-01
      vertex   3.070177e-01 4.426716e+01 -5.490000e+00
    endloop
  endfacet
  facet normal 0.000000e+00 1.000000e+00 -0.000000e+00
    outer loop
      vertex   3.070177e-01 4.426716e+01 -5.490000e+00
      vertex   -6.156659e-01 4.426716e+01 5.100000e-01
      vertex   3.070177e-01 4.426716e+01 5.100000e-01
    endloop
  endfacet
  facet normal -1.837495e-01 9.829731e-01 0.000000e+00
    outer loop
      vertex   3.070177e-01 4.426716e+01 -5.490000e+00
      vertex   3.070177e-01 4.426716e+01 5.100000e-01
      vertex   1.213991e+00 4.443671e+01 -5.490000e+00
    endloop
  endfacet
  facet normal -1.837495e-01 9.829731e-01 -3.400049e-17
    outer loop
      vertex   1.213991e+00 4.443671e+01 -5.490000e+00
      vertex   3.070177e-01 4.426716e+01 5.100000e-01
      vertex   1.213991e+00 4.443671e+01 5.100000e-01
    endloop
  endfacet
  facet normal -3.612417e-01 9.324722e-01 -6.684314e-17
    outer loop
      vertex   1.213991e+00 4.443671e+01 -5.490000e+00
      vertex   1.213991e+00 4.443671e+01 5.100000e-01
      vertex   2.074368e+00 4.477002e+01 -5.490000e+00
    endloop
  endfacet
  facet normal -3.612417e-01 9.324722e-01 0.000000e+00
    outer loop
      vertex   2.074368e+00 4.477002e+01 -5.490000e+00
      vertex   1.213991e+00 4.443671e+01 5.100000e-01
      vertex   2.074368e+00 4.477002e+01 5.100000e-01
    endloop
  endfacet
  facet normal -5.264322e-01 8.502171e-01 0.000000e+00
    outer loop
      vertex   2.074368e+00 4.477002e+01 -5.490000e+00
      vertex   2.074368e+00 4.477002e+01 5.100000e-01
      vertex   2.858849e+00 4.525575e+01 -5.490000e+00
    endloop
  endfacet
  facet normal -5.264322e-01 8.502171e-01 0.000000e+00
    outer loop
      vertex   2.858849e+00 4.525575e+01 -5.490000e+00
      vertex   2.074368e+00 4.477002e+01 5.100000e-01
      vertex   2.858849e+00 4.525575e+01 5.100000e-01
    endloop
  endfacet
  facet normal -6.736956e-01 7.390089e-01 0.000000e+00
    outer loop
      vertex   2.858849e+00 4.525575e+01 -5.490000e+00
      vertex   2.858849e+00 4.525575e+01 5.100000e-01
      vertex   3.540721e+00 4.587736e+01 -5.490000e+00
    endloop
  endfacet
  facet normal -6.736956e-01 7.390089e-01 4.986349e-17
    outer loop
      vertex   3.540721e+00 4.587736e+01 -5.490000e+00
      vertex   2.858849e+00 4.525575e+01 5.100000e-01
      vertex   3.540721e+00 4.587736e+01 5.100000e-01
    endloop
  endfacet
  facet normal -7.980172e-01 6.026346e-01 5.906514e-17
    outer loop
      vertex   3.540721e+00 4.587736e+01 -5.490000e+00
      vertex   3.540721e+00 4.587736e+01 5.100000e-01
      vertex   4.096762e+00 4.661367e+01 -5.490000e+00
    endloop
  endfacet
  facet normal -7.980172e-01 6.026346e-01 -1.181303e-16
    outer loop
      vertex   4.096762e+00 4.661367e+01 -5.490000e+00
      vertex   3.540721e+00 4.587736e+01 5.100000e-01
      vertex   4.096762e+00 4.661367e+01 5.100000e-01
    endloop
  endfacet
  facet normal -8.951633e-01 4.457384e-01 -1.325108e-16
    outer loop
      vertex   4.096762e+00 4.661367e+01 -5.490000e+00
      vertex   4.096762e+00 4.661367e+01 5.100000e-01
      vertex   4.508037e+00 4.743963e+01 -5.490000e+00
    endloop
  endfacet
  facet normal -8.951633e-01 4.457384e-01 0.000000e+00
    outer loop
      vertex   4.508037e+00 4.743963e+01 -5.490000e+00
      vertex   4.096762e+00 4.661367e+01 5.100000e-01
      vertex   4.508037e+00 4.743963e+01 5.100000e-01
    endloop
  endfacet
  facet normal -9.618256e-01 2.736630e-01 0.000000e+00
    outer loop
      vertex   4.508037e+00 4.743963e+01 -5.490000e+00
      vertex   4.508037e+00 4.743963e+01 5.100000e-01
      vertex   4.760541e+00 4.832709e+01 -5.490000e+00
    endloop
  endfacet
  facet normal -9.618256e-01 2.736630e-01 0.000000e+00
    outer loop
      vertex   4.760541e+00 4.832709e+01 -5.490000e+00
      vertex   4.508037e+00 4.743963e+01 5.100000e-01
      vertex   4.760541e+00 4.832709e+01 5.100000e-01
    endloop
  endfacet
  facet normal -9.957342e-01 9.226836e-02 0.000000e+00
    outer loop
      vertex   4.760541e+00 4.832709e+01 -5.490000e+00
      vertex   4.760541e+00 4.832709e+01 5.100000e-01
      vertex   4.845676e+00 4.924584e+01 -5.490000e+00
    endloop
  endfacet
  facet normal -9.957342e-01 9.226836e-02 0.000000e+00
    outer loop
      vertex   4.845676e+00 4.924584e+01 -5.490000e+00
      vertex   4.760541e+00 4.832709e+01 5.100000e-01
      vertex   4.845676e+00 4.924584e+01 5.100000e-01
    endloop
  endfacet
  facet normal -9.957342e-01 -9.226836e-02 0.000000e+00
    outer loop
      vertex   4.845676e+00 4.924584e+01 -5.490000e+00
      vertex   4.845676e+00 4.924584e+01 5.100000e-01
      vertex   4.760541e+00 5.016458e+01 -5.490000e+00
    endloop
  endfacet
  facet normal -9.957342e-01 -9.226836e-02 0.000000e+00
    outer loop
      vertex   4.760541e+00 5.016458e+01 -5.490000e+00
      vertex   4.845676e+00 4.924584e+01 5.100000e-01
      vertex   4.760541e+00 5.016458e+01 5.100000e-01
    endloop
  endfacet
  facet normal -9.618256e-01 -2.736630e-01 0.000000e+00
    outer loop
      vertex   4.760541e+00 5.016458e+01 -5.490000e+00
      vertex   4.760541e+00 5.016458e+01 5.100000e-01
      vertex   4.508037e+00 5.105204e+01 -5.490000e+00
    endloop
  endfacet
  facet normal -9.618256e-01 -2.736630e-01 1.423788e-16
    outer loop
      vertex   4.508037e+00 5.105204e+01 -5.490000e+00
      vertex   4.760541e+00 5.016458e+01 5.100000e-01
      vertex   4.508037e+00 5.105204e+01 5.100000e-01
    endloop
  endfacet
  facet normal -8.951633e-01 -4.457384e-01 1.325108e-16
    outer loop
      vertex   4.508037e+00 5.105204e+01 -5.490000e+00
      vertex   4.508037e+00 5.105204e+01 5.100000e-01
      vertex   4.096762e+00 5.187800e+01 -5.490000e+00
    endloop
  endfacet
  facet normal -8.951633e-01 -4.457384e-01 -2.650216e-16
    outer loop
      vertex   4.096762e+00 5.187800e+01 -5.490000e+00
      vertex   4.508037e+00 5.105204e+01 5.100000e-01
      vertex   4.096762e+00 5.187800e+01 5.100000e-01
    endloop
  endfacet
  facet normal -7.980172e-01 -6.026346e-01 -2.362606e-16
    outer loop
      vertex   4.096762e+00 5.187800e+01 -5.490000e+00
      vertex   4.096762e+00 5.187800e+01 5.100000e-01
      vertex   3.540721e+00 5.261431e+01 -5.490000e+00
    endloop
  endfacet
  facet normal -7.980172e-01 -6.026346e-01 1.181303e-16
    outer loop
      vertex   3.540721e+00 5.261431e+01 -5.490000e+00
      vertex   4.096762e+00 5.187800e+01 5.100000e-01
      vertex   3.540721e+00 5.261431e+01 5.100000e-01
    endloop
  endfacet
  facet normal -6.736956e-01 -7.390089e-01 9.972699e-17
    outer loop
      vertex   3.540721e+00 5.261431e+01 -5.490000e+00
      vertex   3.540721e+00 5.261431e+01 5.100000e-01
      vertex   2.858849e+00 5.323592e+01 -5.490000e+00
    endloop
  endfacet
  facet normal -6.736956e-01 -7.390089e-01 -1.495905e-16
    outer loop
      vertex   2.858849e+00 5.323592e+01 -5.490000e+00
      vertex   3.540721e+00 5.261431e+01 5.100000e-01
      vertex   2.858849e+00 5.323592e+01 5.100000e-01
    endloop
  endfacet
  facet normal -5.264322e-01 -8.502171e-01 -1.168914e-16
    outer loop
      vertex   2.858849e+00 5.323592e+01 -5.490000e+00
      vertex   2.858849e+00 5.323592e+01 5.100000e-01
      vertex   2.074368e+00 5.372165e+01 -5.490000e+00
    endloop
  endfacet
  facet normal -5.264322e-01 -8.502171e-01 2.727467e-16
    outer loop
      vertex   2.074368e+00 5.372165e+01 -5.490000e+00
      vertex   2.858849e+00 5.323592e+01 5.100000e-01
      vertex   2.074368e+00 5.372165e+01 5.100000e-01
    endloop
  endfacet
  facet normal -3.612417e-01 -9.324722e-01 1.871608e-16
    outer loop
      vertex   2.074368e+00 5.372165e+01 -5.490000e+00
      vertex   2.074368e+00 5.372165e+01 5.100000e-01
      vertex   1.213991e+00 5.405496e+01 -5.490000e+00
    endloop
  endfacet
  facet normal -3.612417e-01 -9.324722e-01 -6.684314e-17
    outer loop
      vertex   1.213991e+00 5.405496e+01 -5.490000e+00
      vertex   2.074368e+00 5.372165e+01 5.100000e-01
      vertex   1.213991e+00 5.405496e+01 5.100000e-01
    endloop
  endfacet
  facet normal -1.837495e-01 -9.829731e-01 -3.400049e-17
    outer loop
      vertex   1.213991e+00 5.405496e+01 -5.490000e+00
      vertex   1.213991e+00 5.405496e+01 5.100000e-01
      vertex   3.070177e-01 5.422451e+01 -5.490000e+00
    endloop
  endfacet
  facet normal -1.837495e-01 -9.829731e-01 -3.910056e-17
    outer loop
      vertex   3.070177e-01 5.422451e+01 -5.490000e+00
      vertex   1.213991e+00 5.405496e+01 5.100000e-01
      vertex   3.070177e-01 5.422451e+01 5.100000e-01
    endloop
  endfacet
  facet normal 0.000000e+00 -1.000000e+00 0.000000e+00
    outer loop
      vertex   3.070177e-01 5.422451e+01 -5.490000e+00
      vertex   3.070177e-01 5.422451e+01 5.100000e-01
      vertex   -6.156659e-01 5.422451e+01 -5.490000e+00
    endloop
  endfacet
  facet normal 0.000000e+00 -1.000000e+00 0.000000e+00
    outer loop
      vertex   -6.156659e-01 5.422451e+01 -5.490000e+00
      vertex   3.070177e-01 5.422451e+01 5.100000e-01
      vertex   -6.156659e-01 5.422451e+01 5.100000e-01
    endloop
  endfacet
  facet normal 1.837495e-01 -9.829731e-01 3.740054e-17
    outer loop
      vertex   -6.156659e-01 5.422451e+01 -5.490000e+00
      vertex   -6.156659e-01 5.422451e+01 5.100000e-01
      vertex   -1.522639e+00 5.405496e+01 -5.490000e+00
    endloop
  endfacet
  facet normal 1.837495e-01 -9.829731e-01 3.400049e-17
    outer loop
      vertex   -1.522639e+00 5.405496e+01 -5.490000e+00
      vertex   -6.156659e-01 5.422451e+01 5.100000e-01
      vertex   -1.522639e+00 5.405496e+01 5.100000e-01
    endloop
  endfacet
  facet normal 3.612417e-01 -9.324722e-01 6.684314e-17
    outer loop
      vertex   -1.522639e+00 5.405496e+01 -5.490000e+00
      vertex   -1.522639e+00 5.405496e+01 5.100000e-01
      vertex   -2.383016e+00 5.372165e+01 -5.490000e+00
    endloop
  endfacet
  facet normal 3.612417e-01 -9.324722e-01 -1.604235e-16
    outer loop
      vertex   -2.383016e+00 5.372165e+01 -5.490000e+00
      vertex   -1.522639e+00 5.405496e+01 5.100000e-01
      vertex   -2.383016e+00 5.372165e+01 5.100000e-01
    endloop
  endfacet
  facet normal 5.264322e-01 -8.502171e-01 -2.337828e-16
    outer loop
      vertex   -2.383016e+00 5.372165e+01 -5.490000e+00
      vertex   -2.383016e+00 5.372165e+01 5.100000e-01
      vertex   -3.167497e+00 5.323592e+01 -5.490000e+00
    endloop
  endfacet
  facet normal 5.264322e-01 -8.502171e-01 1.168914e-16
    outer loop
      vertex   -3.167497e+00 5.323592e+01 -5.490000e+00
      vertex   -2.383016e+00 5.372165e+01 5.100000e-01
      vertex   -3.167497e+00 5.323592e+01 5.100000e-01
    endloop
  endfacet
  facet normal 6.736956e-01 -7.390089e-01 1.495905e-16
    outer loop
      vertex   -3.167497e+00 5.323592e+01 -5.490000e+00
      vertex   -3.167497e+00 5.323592e+01 5.100000e-01
      vertex   -3.849369e+00 5.261431e+01 -5.490000e+00
    endloop
  endfacet
  facet normal 6.736956e-01 -7.390089e-01 -1.495905e-16
    outer loop
      vertex   -3.849369e+00 5.261431e+01 -5.490000e+00
      vertex   -3.167497e+00 5.323592e+01 5.100000e-01
      vertex   -3.849369e+00 5.261431e+01 5.100000e-01
    endloop
  endfacet
  facet normal 7.980172e-01 -6.026346e-01 -1.771954e-16
    outer loop
      vertex   -3.849369e+00 5.261431e+01 -5.490000e+00
      vertex   -3.849369e+00 5.261431e+01 5.100000e-01
      vertex   -4.405410e+00 5.187800e+01 -5.490000e+00
    endloop
  endfacet
  facet normal 7.980172e-01 -6.026346e-01 1.181303e-16
    outer loop
      vertex   -4.405410e+00 5.187800e+01 -5.490000e+00
      vertex   -3.849369e+00 5.261431e+01 5.100000e-01
      vertex   -4.405410e+00 5.187800e+01 5.100000e-01
    endloop
  endfacet
  facet normal 8.951633e-01 -4.457384e-01 1.325108e-16
    outer loop
      vertex   -4.405410e+00 5.187800e+01 -5.490000e+00
      vertex   -4.405410e+00 5.187800e+01 5.100000e-01
      vertex   -4.816685e+00 5.105204e+01 -5.490000e+00
    endloop
  endfacet
  facet normal 8.951633e-01 -4.457384e-01 -1.325108e-16
    outer loop
      vertex   -4.816685e+00 5.105204e+01 -5.490000e+00
      vertex   -4.405410e+00 5.187800e+01 5.100000e-01
      vertex   -4.816685e+00 5.105204e+01 5.100000e-01
    endloop
  endfacet
  facet normal 9.618256e-01 -2.736630e-01 -1.423788e-16
    outer loop
      vertex   -4.816685e+00 5.105204e+01 -5.490000e+00
      vertex   -4.816685e+00 5.105204e+01 5.100000e-01
      vertex   -5.069190e+00 5.016458e+01 -5.490000e+00
    endloop
  endfacet
  facet normal 9.618256e-01 -2.736630e-01 0.000000e+00
    outer loop
      vertex   -5.069190e+00 5.016458e+01 -5.490000e+00
      vertex   -4.816685e+00 5.105204e+01 5.100000e-01
      vertex   -5.069190e+00 5.016458e+01 5.100000e-01
    endloop
  endfacet
  facet normal 0.000000e+00 1.000000e+00 0.000000e+00
    outer loop
      vertex   -3.239000e+01 3.950000e+01 -5.490000e+00
      vertex   -3.239000e+01 3.950000e+01 5.100000e-01
      vertex   -1.239000e+01 3.950000e+01 -5.490000e+00
    endloop
  endfacet
  facet normal 0.000000e+00 1.000000e+00 -0.000000e+00
    outer loop
      vertex   -1.239000e+01 3.950000e+01 -5.490000e+00
      vertex   -3.239000e+01 3.950000e+01 5.100000e-01
      vertex   -1.239000e+01 3.950000e+01 5.100000e-01
    endloop
  endfacet
  facet normal -1.000000e+00 -0.000000e+00 -0.000000e+00
    outer loop
      vertex   -1.239000e+01 5.550000e+01 5.100000e-01
      vertex   -1.239000e+01 5.550000e+01 -5.490000e+00
      vertex   -1.239000e+01 3.950000e+01 5.100000e-01
    endloop
  endfacet
  facet normal -1.000000e+00 0.000000e+00 0.000000e+00
    outer loop
      vertex   -1.239000e+01 3.950000e+01 5.100000e-01
      vertex   -1.239000e+01 5.550000e+01 -5.490000e+00
      vertex   -1.239000e+01 3.950000e+01 -5.490000e+00
    endloop
  endfacet
  facet normal 0.000000e+00 1.000000e+00 0.000000e+00
    outer loop
      vertex   3.239000e+01 3.950000e+01 5.100000e-01
      vertex   3.239000e+01 3.950000e+01 -5.490000e+00
      vertex   1.239000e+01 3.950000e+01 5.100000e-01
    endloop
  endfacet
  facet normal 0.000000e+00 1.000000e+00 0.000000e+00
    outer loop
      vertex   1.239000e+01 3.950000e+01 5.100000e-01
      vertex   3.239000e+01 3.950000e+01 -5.490000e+00
      vertex   1.239000e+01 3.950000e+01 -5.490000e+00
    endloop
  endfacet
  facet normal 1.000000e+00 0.000000e+00 -0.000000e+00
    outer loop
      vertex   1.239000e+01 5.550000e+01 -5.490000e+00
      vertex   1.239000e+01 5.550000e+01 5.100000e-01
      vertex   1.239000e+01 3.950000e+01 -5.490000e+00
    endloop
  endfacet
  facet normal 1.000000e+00 2.220446e-16 -5.921189e-16
    outer loop
      vertex   1.239000e+01 3.950000e+01 -5.490000e+00
      vertex   1.239000e+01 5.550000e+01 5.100000e-01
      vertex   1.239000e+01 3.950000e+01 5.100000e-01
    endloop
  endfacet
  facet normal -9.914449e-01 1.305262e-01 1.545741e-16
    outer loop
      vertex   -3.439000e+01 3.750000e+01 -5.490000e+00
      vertex   -3.439000e+01 3.750000e+01 5.100000e-01
      vertex   -3.432185e+01 3.801764e+01 -5.490000e+00
    endloop
  endfacet
  facet normal -9.914449e-01 1.305262e-01 1.545741e-16
    outer loop
      vertex   -3.432185e+01 3.801764e+01 -5.490000e+00
      vertex   -3.439000e+01 3.750000e+01 5.100000e-01
      vertex   -3.432185e+01 3.801764e+01 5.100000e-01
    endloop
  endfacet
  facet normal -9.238795e-01 3.826834e-01 4.531882e-16
    outer loop
      vertex   -3.432185e+01 3.801764e+01 -5.490000e+00
      vertex   -3.432185e+01 3.801764e+01 5.100000e-01
      vertex   -3.412205e+01 3.850000e+01 -5.490000e+00
    endloop
  endfacet
  facet normal -9.238795e-01 3.826834e-01 0.000000e+00
    outer loop
      vertex   -3.412205e+01 3.850000e+01 -5.490000e+00
      vertex   -3.432185e+01 3.801764e+01 5.100000e-01
      vertex   -3.412205e+01 3.850000e+01 5.100000e-01
    endloop
  endfacet
  facet normal -7.933533e-01 6.087614e-01 0.000000e+00
    outer loop
      vertex   -3.412205e+01 3.850000e+01 -5.490000e+00
      vertex   -3.412205e+01 3.850000e+01 5.100000e-01
      vertex   -3.380421e+01 3.891421e+01 -5.490000e+00
    endloop
  endfacet
  facet normal -7.933533e-01 6.087614e-01 0.000000e+00
    outer loop
      vertex   -3.380421e+01 3.891421e+01 -5.490000e+00
      vertex   -3.412205e+01 3.850000e+01 5.100000e-01
      vertex   -3.380421e+01 3.891421e+01 5.100000e-01
    endloop
  endfacet
  facet normal -6.087614e-01 7.933533e-01 0.000000e+00
    outer loop
      vertex   -3.380421e+01 3.891421e+01 -5.490000e+00
      vertex   -3.380421e+01 3.891421e+01 5.100000e-01
      vertex   -3.339000e+01 3.923205e+01 -5.490000e+00
    endloop
  endfacet
  facet normal -6.087614e-01 7.933533e-01 -7.209184e-16
    outer loop
      vertex   -3.339000e+01 3.923205e+01 -5.490000e+00
      vertex   -3.380421e+01 3.891421e+01 5.100000e-01
      vertex   -3.339000e+01 3.923205e+01 5.100000e-01
    endloop
  endfacet
  facet normal -3.826834e-01 9.238795e-01 -4.531882e-16
    outer loop
      vertex   -3.339000e+01 3.923205e+01 -5.490000e+00
      vertex   -3.339000e+01 3.923205e+01 5.100000e-01
      vertex   -3.290764e+01 3.943185e+01 -5.490000e+00
    endloop
  endfacet
  facet normal -3.826834e-01 9.238795e-01 0.000000e+00
    outer loop
      vertex   -3.290764e+01 3.943185e+01 -5.490000e+00
      vertex   -3.339000e+01 3.923205e+01 5.100000e-01
      vertex   -3.290764e+01 3.943185e+01 5.100000e-01
    endloop
  endfacet
  facet normal -1.305262e-01 9.914449e-01 0.000000e+00
    outer loop
      vertex   -3.290764e+01 3.943185e+01 -5.490000e+00
      vertex   -3.290764e+01 3.943185e+01 5.100000e-01
      vertex   -3.239000e+01 3.950000e+01 -5.490000e+00
    endloop
  endfacet
  facet normal -1.305262e-01 9.914449e-01 0.000000e+00
    outer loop
      vertex   -3.239000e+01 3.950000e+01 -5.490000e+00
      vertex   -3.290764e+01 3.943185e+01 5.100000e-01
      vertex   -3.239000e+01 3.950000e+01 5.100000e-01
    endloop
  endfacet
  facet normal -0.000000e+00 0.000000e+00 1.000000e+00
    outer loop
      vertex   -9.170361e+00 5.942314e+01 5.100000e-01
      vertex   -5.069190e+00 5.016458e+01 5.100000e-01
      vertex   -8.390000e+00 5.950000e+01 5.100000e-01
    endloop
  endfacet
  facet normal 0.000000e+00 0.000000e+00 1.000000e+00
    outer loop
      vertex   -8.390000e+00 5.950000e+01 5.100000e-01
      vertex   -5.069190e+00 5.016458e+01 5.100000e-01
      vertex   -4.816685e+00 5.105204e+01 5.100000e-01
    endloop
  endfacet
  facet normal 0.000000e+00 0.000000e+00 1.000000e+00
    outer loop
      vertex   -8.390000e+00 5.950000e+01 5.100000e-01
      vertex   -4.816685e+00 5.105204e+01 5.100000e-01
      vertex   -4.405410e+00 5.187800e+01 5.100000e-01
    endloop
  endfacet
  facet normal 0.000000e+00 0.000000e+00 1.000000e+00
    outer loop
      vertex   -5.069190e+00 5.016458e+01 5.100000e-01
      vertex   -9.170361e+00 5.942314e+01 5.100000e-01
      vertex   -1.239000e+01 5.550000e+01 5.100000e-01
    endloop
  endfacet
  facet normal 0.000000e+00 0.000000e+00 1.000000e+00
    outer loop
      vertex   -1.239000e+01 5.550000e+01 5.100000e-01
      vertex   -9.170361e+00 5.942314e+01 5.100000e-01
      vertex   -9.920734e+00 5.919552e+01 5.100000e-01
    endloop
  endfacet
  facet normal 0.000000e+00 0.000000e+00 1.000000e+00
    outer loop
      vertex   -1.239000e+01 5.550000e+01 5.100000e-01
      vertex   -9.920734e+00 5.919552e+01 5.100000e-01
      vertex   -1.061228e+01 5.882588e+01 5.100000e-01
    endloop
  endfacet
  facet normal 0.000000e+00 0.000000e+00 1.000000e+00
    outer loop
      vertex   -1.061228e+01 5.882588e+01 5.100000e-01
      vertex   -1.121843e+01 5.832843e+01 5.100000e-01
      vertex   -1.239000e+01 5.550000e+01 5.100000e-01
    endloop
  endfacet
  facet normal 0.000000e+00 0.000000e+00 1.000000e+00
    outer loop
      vertex   -1.239000e+01 5.550000e+01 5.100000e-01
      vertex   -1.121843e+01 5.832843e+01 5.100000e-01
      vertex   -1.171588e+01 5.772228e+01 5.100000e-01
    endloop
  endfacet
  facet normal 0.000000e+00 0.000000e+00 1.000000e+00
    outer loop
      vertex   -1.239000e+01 5.550000e+01 5.100000e-01
      vertex   -1.171588e+01 5.772228e+01 5.100000e-01
      vertex   -1.208552e+01 5.703073e+01 5.100000e-01
    endloop
  endfacet
  facet normal 0.000000e+00 0.000000e+00 1.000000e+00
    outer loop
      vertex   -1.208552e+01 5.703073e+01 5.100000e-01
      vertex   -1.231314e+01 5.628036e+01 5.100000e-01
      vertex   -1.239000e+01 5.550000e+01 5.100000e-01
    endloop
  endfacet
  facet normal 0.000000e+00 0.000000e+00 1.000000e+00
    outer loop
      vertex   -5.069190e+00 5.016458e+01 5.100000e-01
      vertex   -1.239000e+01 5.550000e+01 5.100000e-01
      vertex   -5.154324e+00 4.924584e+01 5.100000e-01
    endloop
  endfacet
  facet normal 0.000000e+00 0.000000e+00 1.000000e+00
    outer loop
      vertex   -5.154324e+00 4.924584e+01 5.100000e-01
      vertex   -1.239000e+01 5.550000e+01 5.100000e-01
      vertex   -1.239000e+01 3.950000e+01 5.100000e-01
    endloop
  endfacet
  facet normal 0.000000e+00 0.000000e+00 1.000000e+00
    outer loop
      vertex   -5.154324e+00 4.924584e+01 5.100000e-01
      vertex   -1.239000e+01 3.950000e+01 5.100000e-01
      vertex   -5.069190e+00 4.832709e+01 5.100000e-01
    endloop
  endfacet
  facet normal 0.000000e+00 0.000000e+00 1.000000e+00
    outer loop
      vertex   -5.069190e+00 4.832709e+01 5.100000e-01
      vertex   -1.239000e+01 3.950000e+01 5.100000e-01
      vertex   -4.816685e+00 4.743963e+01 5.100000e-01
    endloop
  endfacet
  facet normal 0.000000e+00 0.000000e+00 1.000000e+00
    outer loop
      vertex   -4.816685e+00 4.743963e+01 5.100000e-01
      vertex   -1.239000e+01 3.950000e+01 5.100000e-01
      vertex   -4.405410e+00 4.661367e+01 5.100000e-01
    endloop
  endfacet
  facet normal 0.000000e+00 0.000000e+00 1.000000e+00
    outer loop
      vertex   -4.405410e+00 4.661367e+01 5.100000e-01
      vertex   -1.239000e+01 3.950000e+01 5.100000e-01
      vertex   -3.849369e+00 4.587736e+01 5.100000e-01
    endloop
  endfacet
  facet normal 0.000000e+00 0.000000e+00 1.000000e+00
    outer loop
      vertex   -3.849369e+00 4.587736e+01 5.100000e-01
      vertex   -1.239000e+01 3.950000e+01 5.100000e-01
      vertex   -3.167497e+00 4.525575e+01 5.100000e-01
    endloop
  endfacet
  facet normal 0.000000e+00 0.000000e+00 1.000000e+00
    outer loop
      vertex   -3.167497e+00 4.525575e+01 5.100000e-01
      vertex   -1.239000e+01 3.950000e+01 5.100000e-01
      vertex   -2.383016e+00 4.477002e+01 5.100000e-01
    endloop
  endfacet
  facet normal 0.000000e+00 0.000000e+00 1.000000e+00
    outer loop
      vertex   -2.383016e+00 4.477002e+01 5.100000e-01
      vertex   -1.239000e+01 3.950000e+01 5.100000e-01
      vertex   -1.522639e+00 4.443671e+01 5.100000e-01
    endloop
  endfacet
  facet normal 0.000000e+00 0.000000e+00 1.000000e+00
    outer loop
      vertex   -1.522639e+00 4.443671e+01 5.100000e-01
      vertex   -1.239000e+01 3.950000e+01 5.100000e-01
      vertex   -6.156659e-01 4.426716e+01 5.100000e-01
    endloop
  endfacet
  facet normal -0.000000e+00 0.000000e+00 1.000000e+00
    outer loop
      vertex   -6.156659e-01 4.426716e+01 5.100000e-01
      vertex   -1.239000e+01 3.950000e+01 5.100000e-01
      vertex   3.070177e-01 4.426716e+01 5.100000e-01
    endloop
  endfacet
  facet normal 0.000000e+00 0.000000e+00 1.000000e+00
    outer loop
      vertex   3.070177e-01 4.426716e+01 5.100000e-01
      vertex   -1.239000e+01 3.950000e+01 5.100000e-01
      vertex   1.239000e+01 3.950000e+01 5.100000e-01
    endloop
  endfacet
  facet normal -0.000000e+00 0.000000e+00 1.000000e+00
    outer loop
      vertex   3.070177e-01 4.426716e+01 5.100000e-01
      vertex   1.239000e+01 3.950000e+01 5.100000e-01
      vertex   1.213991e+00 4.443671e+01 5.100000e-01
    endloop
  endfacet
  facet normal -0.000000e+00 0.000000e+00 1.000000e+00
    outer loop
      vertex   1.213991e+00 4.443671e+01 5.100000e-01
      vertex   1.239000e+01 3.950000e+01 5.100000e-01
      vertex   2.074368e+00 4.477002e+01 5.100000e-01
    endloop
  endfacet
  facet normal -0.000000e+00 0.000000e+00 1.000000e+00
    outer loop
      vertex   2.074368e+00 4.477002e+01 5.100000e-01
      vertex   1.239000e+01 3.950000e+01 5.100000e-01
      vertex   2.858849e+00 4.525575e+01 5.100000e-01
    endloop
  endfacet
  facet normal -0.000000e+00 0.000000e+00 1.000000e+00
    outer loop
      vertex   2.858849e+00 4.525575e+01 5.100000e-01
      vertex   1.239000e+01 3.950000e+01 5.100000e-01
      vertex   3.540721e+00 4.587736e+01 5.100000e-01
    endloop
  endfacet
  facet normal -0.000000e+00 0.000000e+00 1.000000e+00
    outer loop
      vertex   3.540721e+00 4.587736e+01 5.100000e-01
      vertex   1.239000e+01 3.950000e+01 5.100000e-01
      vertex   4.096762e+00 4.661367e+01 5.100000e-01
    endloop
  endfacet
  facet normal -0.000000e+00 0.000000e+00 1.000000e+00
    outer loop
      vertex   4.096762e+00 4.661367e+01 5.100000e-01
      vertex   1.239000e+01 3.950000e+01 5.100000e-01
      vertex   4.508037e+00 4.743963e+01 5.100000e-01
    endloop
  endfacet
  facet normal -0.000000e+00 0.000000e+00 1.000000e+00
    outer loop
      vertex   4.508037e+00 4.743963e+01 5.100000e-01
      vertex   1.239000e+01 3.950000e+01 5.100000e-01
      vertex   4.760541e+00 4.832709e+01 5.100000e-01
    endloop
  endfacet
  facet normal -0.000000e+00 0.000000e+00 1.000000e+00
    outer loop
      vertex   4.760541e+00 4.832709e+01 5.100000e-01
      vertex   1.239000e+01 3.950000e+01 5.100000e-01
      vertex   4.845676e+00 4.924584e+01 5.100000e-01
    endloop
  endfacet
  facet normal -0.000000e+00 0.000000e+00 1.000000e+00
    outer loop
      vertex   4.845676e+00 4.924584e+01 5.100000e-01
      vertex   1.239000e+01 3.950000e+01 5.100000e-01
      vertex   1.239000e+01 5.550000e+01 5.100000e-01
    endloop
  endfacet
  facet normal 0.000000e+00 -0.000000e+00 1.000000e+00
    outer loop
      vertex   4.845676e+00 4.924584e+01 5.100000e-01
      vertex   1.239000e+01 5.550000e+01 5.100000e-01
      vertex   4.760541e+00 5.016458e+01 5.100000e-01
    endloop
  endfacet
  facet normal 0.000000e+00 0.000000e+00 1.000000e+00
    outer loop
      vertex   4.760541e+00 5.016458e+01 5.100000e-01
      vertex   1.239000e+01 5.550000e+01 5.100000e-01
      vertex   9.170361e+00 5.942314e+01 5.100000e-01
    endloop
  endfacet
  facet normal 0.000000e+00 0.000000e+00 1.000000e+00
    outer loop
      vertex   4.760541e+00 5.016458e+01 5.100000e-01
      vertex   9.170361e+00 5.942314e+01 5.100000e-01
      vertex   8.390000e+00 5.950000e+01 5.100000e-01
    endloop
  endfacet
  facet normal -0.000000e+00 0.000000e+00 1.000000e+00
    outer loop
      vertex   -3.239000e+01 3.950000e+01 5.100000e-01
      vertex   -3.239000e+01 3.750000e+01 5.100000e-01
      vertex   -1.239000e+01 3.950000e+01 5.100000e-01
    endloop
  endfacet
  facet normal 0.000000e+00 0.000000e+00 1.000000e+00
    outer loop
      vertex   -1.239000e+01 3.950000e+01 5.100000e-01
      vertex   -3.239000e+01 3.750000e+01 5.100000e-01
      vertex   3.239000e+01 3.750000e+01 5.100000e-01
    endloop
  endfacet
  facet normal -0.000000e+00 0.000000e+00 1.000000e+00
    outer loop
      vertex   -1.239000e+01 3.950000e+01 5.100000e-01
      vertex   3.239000e+01 3.750000e+01 5.100000e-01
      vertex   1.239000e+01 3.950000e+01 5.100000e-01
    endloop
  endfacet
  facet normal -0.000000e+00 0.000000e+00 1.000000e+00
    outer loop
      vertex   1.239000e+01 3.950000e+01 5.100000e-01
      vertex   3.239000e+01 3.750000e+01 5.100000e-01
      vertex   3.239000e+01 3.950000e+01 5.100000e-01
    endloop
  endfacet
  facet normal 0.000000e+00 0.000000e+00 1.000000e+00
    outer loop
      vertex   3.239000e+01 3.950000e+01 5.100000e-01
      vertex   3.239000e+01 3.750000e+01 5.100000e-01
      vertex   3.290764e+01 3.943185e+01 5.100000e-01
    endloop
  endfacet
  facet normal 0.000000e+00 0.000000e+00 1.000000e+00
    outer loop
      vertex   3.290764e+01 3.943185e+01 5.100000e-01
      vertex   3.239000e+01 3.750000e+01 5.100000e-01
      vertex   3.339000e+01 3.923205e+01 5.100000e-01
    endloop
  endfacet
  facet normal 0.000000e+00 0.000000e+00 1.000000e+00
    outer loop
      vertex   3.339000e+01 3.923205e+01 5.100000e-01
      vertex   3.239000e+01 3.750000e+01 5.100000e-01
      vertex   3.380421e+01 3.891421e+01 5.100000e-01
    endloop
  endfacet
  facet normal 0.000000e+00 0.000000e+00 1.000000e+00
    outer loop
      vertex   3.380421e+01 3.891421e+01 5.100000e-01
      vertex   3.239000e+01 3.750000e+01 5.100000e-01
      vertex   3.412205e+01 3.850000e+01 5.100000e-01
    endloop
  endfacet
  facet normal 0.000000e+00 0.000000e+00 1.000000e+00
    outer loop
      vertex   3.412205e+01 3.850000e+01 5.100000e-01
      vertex   3.239000e+01 3.750000e+01 5.100000e-01
      vertex   3.432185e+01 3.801764e+01 5.100000e-01
    endloop
  endfacet
  facet normal 0.000000e+00 0.000000e+00 1.000000e+00
    outer loop
      vertex   3.432185e+01 3.801764e+01 5.100000e-01
      vertex   3.239000e+01 3.750000e+01 5.100000e-01
      vertex   3.439000e+01 3.750000e+01 5.100000e-01
    endloop
  endfacet
  facet normal 0.000000e+00 0.000000e+00 1.000000e+00
    outer loop
      vertex   3.439000e+01 3.750000e+01 5.100000e-01
      vertex   3.239000e+01 3.750000e+01 5.100000e-01
      vertex   3.239000e+01 -3.750000e+01 5.100000e-01
    endloop
  endfacet
  facet normal 0.000000e+00 0.000000e+00 1.000000e+00
    outer loop
      vertex   3.439000e+01 3.750000e+01 5.100000e-01
      vertex   3.239000e+01 -3.750000e+01 5.100000e-01
      vertex   3.439000e+01 -4.950000e+01 5.100000e-01
    endloop
  endfacet
  facet normal 0.000000e+00 0.000000e+00 1.000000e+00
    outer loop
      vertex   3.439000e+01 -4.950000e+01 5.100000e-01
      vertex   3.239000e+01 -3.750000e+01 5.100000e-01
      vertex   2.965448e+01 -4.656931e+01 5.100000e-01
    endloop
  endfacet
  facet normal 0.000000e+00 0.000000e+00 1.000000e+00
    outer loop
      vertex   3.439000e+01 -4.950000e+01 5.100000e-01
      vertex   2.965448e+01 -4.656931e+01 5.100000e-01
      vertex   2.990698e+01 -4.745677e+01 5.100000e-01
    endloop
  endfacet
  facet normal 0.000000e+00 0.000000e+00 1.000000e+00
    outer loop
      vertex   -3.239000e+01 3.950000e+01 5.100000e-01
      vertex   -3.290764e+01 3.943185e+01 5.100000e-01
      vertex   -3.239000e+01 3.750000e+01 5.100000e-01
    endloop
  endfacet
  facet normal 0.000000e+00 0.000000e+00 1.000000e+00
    outer loop
      vertex   -3.239000e+01 3.750000e+01 5.100000e-01
      vertex   -3.290764e+01 3.943185e+01 5.100000e-01
      vertex   -3.339000e+01 3.923205e+01 5.100000e-01
    endloop
  endfacet
  facet normal 0.000000e+00 0.000000e+00 1.000000e+00
    outer loop
      vertex   -3.239000e+01 3.750000e+01 5.100000e-01
      vertex   -3.339000e+01 3.923205e+01 5.100000e-01
      vertex   -3.380421e+01 3.891421e+01 5.100000e-01
    endloop
  endfacet
  facet normal 0.000000e+00 0.000000e+00 1.000000e+00
    outer loop
      vertex   -3.380421e+01 3.891421e+01 5.100000e-01
      vertex   -3.412205e+01 3.850000e+01 5.100000e-01
      vertex   -3.239000e+01 3.750000e+01 5.100000e-01
    endloop
  endfacet
  facet normal 0.000000e+00 0.000000e+00 1.000000e+00
    outer loop
      vertex   -3.239000e+01 3.750000e+01 5.100000e-01
      vertex   -3.412205e+01 3.850000e+01 5.100000e-01
      vertex   -3.432185e+01 3.801764e+01 5.100000e-01
    endloop
  endfacet
  facet normal 0.000000e+00 0.000000e+00 1.000000e+00
    outer loop
      vertex   -3.239000e+01 3.750000e+01 5.100000e-01
      vertex   -3.432185e+01 3.801764e+01 5.100000e-01
      vertex   -3.439000e+01 3.750000e+01 5.100000e-01
    endloop
  endfacet
  facet normal 0.000000e+00 0.000000e+00 1.000000e+00
    outer loop
      vertex   -3.239000e+01 3.750000e+01 5.100000e-01
      vertex   -3.439000e+01 3.750000e+01 5.100000e-01
      vertex   -3.239000e+01 -3.750000e+01 5.100000e-01
    endloop
  endfacet
  facet normal 0.000000e+00 0.000000e+00 1.000000e+00
    outer loop
      vertex   -3.239000e+01 -3.750000e+01 5.100000e-01
      vertex   -3.439000e+01 3.750000e+01 5.100000e-01
      vertex   -3.439000e+01 -4.950000e+01 5.100000e-01
    endloop
  endfacet
  facet normal 0.000000e+00 0.000000e+00 1.000000e+00
    outer loop
      vertex   -3.239000e+01 -3.750000e+01 5.100000e-01
      vertex   -3.439000e+01 -4.950000e+01 5.100000e-01
      vertex   -2.977959e+01 -4.693032e+01 5.100000e-01
    endloop
  endfacet
  facet normal 0.000000e+00 0.000000e+00 1.000000e+00
    outer loop
      vertex   -2.977959e+01 -4.693032e+01 5.100000e-01
      vertex   -3.439000e+01 -4.950000e+01 5.100000e-01
      vertex   -3.003209e+01 -4.781778e+01 5.100000e-01
    endloop
  endfacet
  facet normal 0.000000e+00 0.000000e+00 1.000000e+00
    outer loop
      vertex   -3.003209e+01 -4.781778e+01 5.100000e-01
      vertex   -3.439000e+01 -4.950000e+01 5.100000e-01
      vertex   -3.011723e+01 -4.873653e+01 5.100000e-01
    endloop
  endfacet
  facet normal 0.000000e+00 0.000000e+00 1.000000e+00
    outer loop
      vertex   -3.011723e+01 -4.873653e+01 5.100000e-01
      vertex   -3.439000e+01 -4.950000e+01 5.100000e-01
      vertex   -3.430445e+01 -5.080526e+01 5.100000e-01
    endloop
  endfacet
  facet normal 0.000000e+00 0.000000e+00 1.000000e+00
    outer loop
      vertex   -3.011723e+01 -4.873653e+01 5.100000e-01
      vertex   -3.430445e+01 -5.080526e+01 5.100000e-01
      vertex   -3.003209e+01 -4.965528e+01 5.100000e-01
    endloop
  endfacet
  facet normal 0.000000e+00 0.000000e+00 1.000000e+00
    outer loop
      vertex   -3.003209e+01 -4.965528e+01 5.100000e-01
      vertex   -3.430445e+01 -5.080526e+01 5.100000e-01
      vertex   -3.404926e+01 -5.208819e+01 5.100000e-01
    endloop
  endfacet
  facet normal 0.000000e+00 0.000000e+00 1.000000e+00
    outer loop
      vertex   -3.003209e+01 -4.965528e+01 5.100000e-01
      vertex   -3.404926e+01 -5.208819e+01 5.100000e-01
      vertex   -3.362880e+01 -5.332683e+01 5.100000e-01
    endloop
  endfacet
  facet normal -0.000000e+00 0.000000e+00 1.000000e+00
    outer loop
      vertex   -3.362880e+01 -5.332683e+01 5.100000e-01
      vertex   -3.305025e+01 -5.450000e+01 5.100000e-01
      vertex   -3.003209e+01 -4.965528e+01 5.100000e-01
    endloop
  endfacet
  facet normal 0.000000e+00 0.000000e+00 1.000000e+00
    outer loop
      vertex   -3.003209e+01 -4.965528e+01 5.100000e-01
      vertex   -3.305025e+01 -5.450000e+01 5.100000e-01
      vertex   -2.977959e+01 -5.054274e+01 5.100000e-01
    endloop
  endfacet
  facet normal 0.000000e+00 0.000000e+00 1.000000e+00
    outer loop
      vertex   -2.977959e+01 -5.054274e+01 5.100000e-01
      vertex   -3.305025e+01 -5.450000e+01 5.100000e-01
      vertex   -3.232353e+01 -5.558761e+01 5.100000e-01
    endloop
  endfacet
  facet normal 0.000000e+00 0.000000e+00 1.000000e+00
    outer loop
      vertex   -2.977959e+01 -5.054274e+01 5.100000e-01
      vertex   -3.232353e+01 -5.558761e+01 5.100000e-01
      vertex   -2.936831e+01 -5.136869e+01 5.100000e-01
    endloop
  endfacet
  facet normal 0.000000e+00 0.000000e+00 1.000000e+00
    outer loop
      vertex   -2.936831e+01 -5.136869e+01 5.100000e-01
      vertex   -3.232353e+01 -5.558761e+01 5.100000e-01
      vertex   -3.146107e+01 -5.657107e+01 5.100000e-01
    endloop
  endfacet
  facet normal 0.000000e+00 0.000000e+00 1.000000e+00
    outer loop
      vertex   -2.936831e+01 -5.136869e+01 5.100000e-01
      vertex   -3.146107e+01 -5.657107e+01 5.100000e-01
      vertex   -2.881227e+01 -5.210501e+01 5.100000e-01
    endloop
  endfacet
  facet normal 0.000000e+00 0.000000e+00 1.000000e+00
    outer loop
      vertex   -2.881227e+01 -5.210501e+01 5.100000e-01
      vertex   -3.146107e+01 -5.657107e+01 5.100000e-01
      vertex   -3.047761e+01 -5.743353e+01 5.100000e-01
    endloop
  endfacet
  facet normal 0.000000e+00 0.000000e+00 1.000000e+00
    outer loop
      vertex   -2.881227e+01 -5.210501e+01 5.100000e-01
      vertex   -3.047761e+01 -5.743353e+01 5.100000e-01
      vertex   -2.939000e+01 -5.816025e+01 5.100000e-01
    endloop
  endfacet
  facet normal 0.000000e+00 0.000000e+00 1.000000e+00
    outer loop
      vertex   -2.881227e+01 -5.210501e+01 5.100000e-01
      vertex   -2.939000e+01 -5.816025e+01 5.100000e-01
      vertex   -2.813040e+01 -5.272662e+01 5.100000e-01
    endloop
  endfacet
  facet normal 0.000000e+00 0.000000e+00 1.000000e+00
    outer loop
      vertex   -2.813040e+01 -5.272662e+01 5.100000e-01
      vertex   -2.939000e+01 -5.816025e+01 5.100000e-01
      vertex   -2.821683e+01 -5.873880e+01 5.100000e-01
    endloop
  endfacet
  facet normal 0.000000e+00 0.000000e+00 1.000000e+00
    outer loop
      vertex   -2.813040e+01 -5.272662e+01 5.100000e-01
      vertex   -2.821683e+01 -5.873880e+01 5.100000e-01
      vertex   -2.734592e+01 -5.321235e+01 5.100000e-01
    endloop
  endfacet
  facet normal 0.000000e+00 0.000000e+00 1.000000e+00
    outer loop
      vertex   -2.734592e+01 -5.321235e+01 5.100000e-01
      vertex   -2.821683e+01 -5.873880e+01 5.100000e-01
      vertex   -2.697819e+01 -5.915926e+01 5.100000e-01
    endloop
  endfacet
  facet normal 0.000000e+00 0.000000e+00 1.000000e+00
    outer loop
      vertex   -2.734592e+01 -5.321235e+01 5.100000e-01
      vertex   -2.697819e+01 -5.915926e+01 5.100000e-01
      vertex   -2.648554e+01 -5.354566e+01 5.100000e-01
    endloop
  endfacet
  facet normal 0.000000e+00 0.000000e+00 1.000000e+00
    outer loop
      vertex   -2.648554e+01 -5.354566e+01 5.100000e-01
      vertex   -2.697819e+01 -5.915926e+01 5.100000e-01
      vertex   -2.557857e+01 -5.371520e+01 5.100000e-01
    endloop
  endfacet
  facet normal 0.000000e+00 0.000000e+00 1.000000e+00
    outer loop
      vertex   -2.557857e+01 -5.371520e+01 5.100000e-01
      vertex   -2.697819e+01 -5.915926e+01 5.100000e-01
      vertex   -2.569526e+01 -5.941445e+01 5.100000e-01
    endloop
  endfacet
  facet normal -0.000000e+00 0.000000e+00 1.000000e+00
    outer loop
      vertex   -2.557857e+01 -5.371520e+01 5.100000e-01
      vertex   -2.569526e+01 -5.941445e+01 5.100000e-01
      vertex   -2.465588e+01 -5.371520e+01 5.100000e-01
    endloop
  endfacet
  facet normal 0.000000e+00 0.000000e+00 1.000000e+00
    outer loop
      vertex   -2.465588e+01 -5.371520e+01 5.100000e-01
      vertex   -2.569526e+01 -5.941445e+01 5.100000e-01
      vertex   -2.439000e+01 -5.950000e+01 5.100000e-01
    endloop
  endfacet
  facet normal -0.000000e+00 0.000000e+00 1.000000e+00
    outer loop
      vertex   -2.465588e+01 -5.371520e+01 5.100000e-01
      vertex   -2.439000e+01 -5.950000e+01 5.100000e-01
      vertex   -2.374891e+01 -5.354566e+01 5.100000e-01
    endloop
  endfacet
  facet normal -0.000000e+00 0.000000e+00 1.000000e+00
    outer loop
      vertex   -2.374891e+01 -5.354566e+01 5.100000e-01
      vertex   -2.439000e+01 -5.950000e+01 5.100000e-01
      vertex   -2.288853e+01 -5.321235e+01 5.100000e-01
    endloop
  endfacet
  facet normal -0.000000e+00 0.000000e+00 1.000000e+00
    outer loop
      vertex   -2.288853e+01 -5.321235e+01 5.100000e-01
      vertex   -2.439000e+01 -5.950000e+01 5.100000e-01
      vertex   -2.210405e+01 -5.272662e+01 5.100000e-01
    endloop
  endfacet
  facet normal -0.000000e+00 0.000000e+00 1.000000e+00
    outer loop
      vertex   -2.210405e+01 -5.272662e+01 5.100000e-01
      vertex   -2.439000e+01 -5.950000e+01 5.100000e-01
      vertex   -2.142218e+01 -5.210501e+01 5.100000e-01
    endloop
  endfacet
  facet normal -0.000000e+00 0.000000e+00 1.000000e+00
    outer loop
      vertex   -2.142218e+01 -5.210501e+01 5.100000e-01
      vertex   -2.439000e+01 -5.950000e+01 5.100000e-01
      vertex   -2.086614e+01 -5.136869e+01 5.100000e-01
    endloop
  endfacet
  facet normal 0.000000e+00 0.000000e+00 1.000000e+00
    outer loop
      vertex   -2.086614e+01 -5.136869e+01 5.100000e-01
      vertex   -2.439000e+01 -5.950000e+01 5.100000e-01
      vertex   -4.458049e+00 -5.158531e+01 5.100000e-01
    endloop
  endfacet
  facet normal -0.000000e+00 0.000000e+00 1.000000e+00
    outer loop
      vertex   -2.086614e+01 -5.136869e+01 5.100000e-01
      vertex   -4.458049e+00 -5.158531e+01 5.100000e-01
      vertex   -4.869324e+00 -5.075935e+01 5.100000e-01
    endloop
  endfacet
  facet normal 0.000000e+00 0.000000e+00 1.000000e+00
    outer loop
      vertex   2.439000e+01 -5.950000e+01 5.100000e-01
      vertex   2.543785e-01 -5.393182e+01 5.100000e-01
      vertex   -2.439000e+01 -5.950000e+01 5.100000e-01
    endloop
  endfacet
  facet normal 0.000000e+00 0.000000e+00 1.000000e+00
    outer loop
      vertex   -2.439000e+01 -5.950000e+01 5.100000e-01
      vertex   2.543785e-01 -5.393182e+01 5.100000e-01
      vertex   -6.683051e-01 -5.393182e+01 5.100000e-01
    endloop
  endfacet
  facet normal 0.000000e+00 0.000000e+00 1.000000e+00
    outer loop
      vertex   -2.439000e+01 -5.950000e+01 5.100000e-01
      vertex   -6.683051e-01 -5.393182e+01 5.100000e-01
      vertex   -1.575278e+00 -5.376227e+01 5.100000e-01
    endloop
  endfacet
  facet normal 0.000000e+00 0.000000e+00 1.000000e+00
    outer loop
      vertex   2.569526e+01 -5.941445e+01 5.100000e-01
      vertex   2.453077e+01 -5.335419e+01 5.100000e-01
      vertex   2.439000e+01 -5.950000e+01 5.100000e-01
    endloop
  endfacet
  facet normal 0.000000e+00 -0.000000e+00 1.000000e+00
    outer loop
      vertex   2.439000e+01 -5.950000e+01 5.100000e-01
      vertex   2.453077e+01 -5.335419e+01 5.100000e-01
      vertex   2.362380e+01 -5.318465e+01 5.100000e-01
    endloop
  endfacet
  facet normal 0.000000e+00 0.000000e+00 1.000000e+00
    outer loop
      vertex   2.439000e+01 -5.950000e+01 5.100000e-01
      vertex   2.362380e+01 -5.318465e+01 5.100000e-01
      vertex   2.276342e+01 -5.285134e+01 5.100000e-01
    endloop
  endfacet
  facet normal 0.000000e+00 0.000000e+00 1.000000e+00
    outer loop
      vertex   2.697819e+01 -5.915926e+01 5.100000e-01
      vertex   2.636043e+01 -5.318465e+01 5.100000e-01
      vertex   2.569526e+01 -5.941445e+01 5.100000e-01
    endloop
  endfacet
  facet normal 0.000000e+00 -0.000000e+00 1.000000e+00
    outer loop
      vertex   2.569526e+01 -5.941445e+01 5.100000e-01
      vertex   2.636043e+01 -5.318465e+01 5.100000e-01
      vertex   2.545346e+01 -5.335419e+01 5.100000e-01
    endloop
  endfacet
  facet normal 0.000000e+00 0.000000e+00 1.000000e+00
    outer loop
      vertex   2.569526e+01 -5.941445e+01 5.100000e-01
      vertex   2.545346e+01 -5.335419e+01 5.100000e-01
      vertex   2.453077e+01 -5.335419e+01 5.100000e-01
    endloop
  endfacet
  facet normal -0.000000e+00 0.000000e+00 1.000000e+00
    outer loop
      vertex   2.636043e+01 -5.318465e+01 5.100000e-01
      vertex   2.697819e+01 -5.915926e+01 5.100000e-01
      vertex   2.722081e+01 -5.285134e+01 5.100000e-01
    endloop
  endfacet
  facet normal 0.000000e+00 0.000000e+00 1.000000e+00
    outer loop
      vertex   2.722081e+01 -5.285134e+01 5.100000e-01
      vertex   2.697819e+01 -5.915926e+01 5.100000e-01
      vertex   2.821683e+01 -5.873880e+01 5.100000e-01
    endloop
  endfacet
  facet normal -0.000000e+00 0.000000e+00 1.000000e+00
    outer loop
      vertex   2.722081e+01 -5.285134e+01 5.100000e-01
      vertex   2.821683e+01 -5.873880e+01 5.100000e-01
      vertex   2.800529e+01 -5.236561e+01 5.100000e-01
    endloop
  endfacet
  facet normal 0.000000e+00 0.000000e+00 1.000000e+00
    outer loop
      vertex   2.800529e+01 -5.236561e+01 5.100000e-01
      vertex   2.821683e+01 -5.873880e+01 5.100000e-01
      vertex   2.939000e+01 -5.816025e+01 5.100000e-01
    endloop
  endfacet
  facet normal -0.000000e+00 0.000000e+00 1.000000e+00
    outer loop
      vertex   2.800529e+01 -5.236561e+01 5.100000e-01
      vertex   2.939000e+01 -5.816025e+01 5.100000e-01
      vertex   2.868716e+01 -5.174400e+01 5.100000e-01
    endloop
  endfacet
  facet normal 0.000000e+00 0.000000e+00 1.000000e+00
    outer loop
      vertex   2.868716e+01 -5.174400e+01 5.100000e-01
      vertex   2.939000e+01 -5.816025e+01 5.100000e-01
      vertex   3.047761e+01 -5.743353e+01 5.100000e-01
    endloop
  endfacet
  facet normal 0.000000e+00 0.000000e+00 1.000000e+00
    outer loop
      vertex   2.868716e+01 -5.174400e+01 5.100000e-01
      vertex   3.047761e+01 -5.743353e+01 5.100000e-01
      vertex   3.146107e+01 -5.657107e+01 5.100000e-01
    endloop
  endfacet
  facet normal -0.000000e+00 0.000000e+00 1.000000e+00
    outer loop
      vertex   2.868716e+01 -5.174400e+01 5.100000e-01
      vertex   3.146107e+01 -5.657107e+01 5.100000e-01
      vertex   2.924320e+01 -5.100768e+01 5.100000e-01
    endloop
  endfacet
  facet normal 0.000000e+00 0.000000e+00 1.000000e+00
    outer loop
      vertex   2.924320e+01 -5.100768e+01 5.100000e-01
      vertex   3.146107e+01 -5.657107e+01 5.100000e-01
      vertex   3.232353e+01 -5.558761e+01 5.100000e-01
    endloop
  endfacet
  facet normal -0.000000e+00 0.000000e+00 1.000000e+00
    outer loop
      vertex   2.924320e+01 -5.100768e+01 5.100000e-01
      vertex   3.232353e+01 -5.558761e+01 5.100000e-01
      vertex   2.965448e+01 -5.018173e+01 5.100000e-01
    endloop
  endfacet
  facet normal 0.000000e+00 0.000000e+00 1.000000e+00
    outer loop
      vertex   2.965448e+01 -5.018173e+01 5.100000e-01
      vertex   3.232353e+01 -5.558761e+01 5.100000e-01
      vertex   3.305025e+01 -5.450000e+01 5.100000e-01
    endloop
  endfacet
  facet normal 0.000000e+00 0.000000e+00 1.000000e+00
    outer loop
      vertex   2.965448e+01 -5.018173e+01 5.100000e-01
      vertex   3.305025e+01 -5.450000e+01 5.100000e-01
      vertex   3.362880e+01 -5.332683e+01 5.100000e-01
    endloop
  endfacet
  facet normal -0.000000e+00 0.000000e+00 1.000000e+00
    outer loop
      vertex   2.965448e+01 -5.018173e+01 5.100000e-01
      vertex   3.362880e+01 -5.332683e+01 5.100000e-01
      vertex   2.990698e+01 -4.929427e+01 5.100000e-01
    endloop
  endfacet
  facet normal 0.000000e+00 0.000000e+00 1.000000e+00
    outer loop
      vertex   2.990698e+01 -4.929427e+01 5.100000e-01
      vertex   3.362880e+01 -5.332683e+01 5.100000e-01
      vertex   3.404926e+01 -5.208819e+01 5.100000e-01
    endloop
  endfacet
  facet normal 0.000000e+00 0.000000e+00 1.000000e+00
    outer loop
      vertex   2.990698e+01 -4.929427e+01 5.100000e-01
      vertex   3.404926e+01 -5.208819e+01 5.100000e-01
      vertex   3.430445e+01 -5.080526e+01 5.100000e-01
    endloop
  endfacet
  facet normal 0.000000e+00 -0.000000e+00 1.000000e+00
    outer loop
      vertex   3.430445e+01 -5.080526e+01 5.100000e-01
      vertex   3.439000e+01 -4.950000e+01 5.100000e-01
      vertex   2.990698e+01 -4.929427e+01 5.100000e-01
    endloop
  endfacet
  facet normal -0.000000e+00 0.000000e+00 1.000000e+00
    outer loop
      vertex   2.990698e+01 -4.929427e+01 5.100000e-01
      vertex   3.439000e+01 -4.950000e+01 5.100000e-01
      vertex   2.999212e+01 -4.837552e+01 5.100000e-01
    endloop
  endfacet
  facet normal -0.000000e+00 -0.000000e+00 1.000000e+00
    outer loop
      vertex   2.999212e+01 -4.837552e+01 5.100000e-01
      vertex   3.439000e+01 -4.950000e+01 5.100000e-01
      vertex   2.990698e+01 -4.745677e+01 5.100000e-01
    endloop
  endfacet
  facet normal 0.000000e+00 0.000000e+00 1.000000e+00
    outer loop
      vertex   1.231314e+01 5.628036e+01 5.100000e-01
      vertex   1.208552e+01 5.703073e+01 5.100000e-01
      vertex   1.239000e+01 5.550000e+01 5.100000e-01
    endloop
  endfacet
  facet normal 0.000000e+00 0.000000e+00 1.000000e+00
    outer loop
      vertex   1.239000e+01 5.550000e+01 5.100000e-01
      vertex   1.208552e+01 5.703073e+01 5.100000e-01
      vertex   1.171588e+01 5.772228e+01 5.100000e-01
    endloop
  endfacet
  facet normal 0.000000e+00 0.000000e+00 1.000000e+00
    outer loop
      vertex   1.239000e+01 5.550000e+01 5.100000e-01
      vertex   1.171588e+01 5.772228e+01 5.100000e-01
      vertex   1.121843e+01 5.832843e+01 5.100000e-01
    endloop
  endfacet
  facet normal 0.000000e+00 0.000000e+00 1.000000e+00
    outer loop
      vertex   1.121843e+01 5.832843e+01 5.100000e-01
      vertex   1.061228e+01 5.882588e+01 5.100000e-01
      vertex   1.239000e+01 5.550000e+01 5.100000e-01
    endloop
  endfacet
  facet normal 0.000000e+00 0.000000e+00 1.000000e+00
    outer loop
      vertex   1.239000e+01 5.550000e+01 5.100000e-01
      vertex   1.061228e+01 5.882588e+01 5.100000e-01
      vertex   9.920734e+00 5.919552e+01 5.100000e-01
    endloop
  endfacet
  facet normal 0.000000e+00 0.000000e+00 1.000000e+00
    outer loop
      vertex   1.239000e+01 5.550000e+01 5.100000e-01
      vertex   9.920734e+00 5.919552e+01 5.100000e-01
      vertex   9.170361e+00 5.942314e+01 5.100000e-01
    endloop
  endfacet
  facet normal -0.000000e+00 0.000000e+00 1.000000e+00
    outer loop
      vertex   -8.390000e+00 5.950000e+01 5.100000e-01
      vertex   3.070177e-01 5.422451e+01 5.100000e-01
      vertex   8.390000e+00 5.950000e+01 5.100000e-01
    endloop
  endfacet
  facet normal 0.000000e+00 0.000000e+00 1.000000e+00
    outer loop
      vertex   8.390000e+00 5.950000e+01 5.100000e-01
      vertex   3.070177e-01 5.422451e+01 5.100000e-01
      vertex   1.213991e+00 5.405496e+01 5.100000e-01
    endloop
  endfacet
  facet normal 0.000000e+00 0.000000e+00 1.000000e+00
    outer loop
      vertex   8.390000e+00 5.950000e+01 5.100000e-01
      vertex   1.213991e+00 5.405496e+01 5.100000e-01
      vertex   2.074368e+00 5.372165e+01 5.100000e-01
    endloop
  endfacet
  facet normal 0.000000e+00 -0.000000e+00 1.000000e+00
    outer loop
      vertex   -4.405410e+00 5.187800e+01 5.100000e-01
      vertex   -3.849369e+00 5.261431e+01 5.100000e-01
      vertex   -8.390000e+00 5.950000e+01 5.100000e-01
    endloop
  endfacet
  facet normal 0.000000e+00 0.000000e+00 1.000000e+00
    outer loop
      vertex   -8.390000e+00 5.950000e+01 5.100000e-01
      vertex   -3.849369e+00 5.261431e+01 5.100000e-01
      vertex   -3.167497e+00 5.323592e+01 5.100000e-01
    endloop
  endfacet
  facet normal 0.000000e+00 0.000000e+00 1.000000e+00
    outer loop
      vertex   -8.390000e+00 5.950000e+01 5.100000e-01
      vertex   -3.167497e+00 5.323592e+01 5.100000e-01
      vertex   -2.383016e+00 5.372165e+01 5.100000e-01
    endloop
  endfacet
  facet normal 0.000000e+00 -0.000000e+00 1.000000e+00
    outer loop
      vertex   -2.383016e+00 5.372165e+01 5.100000e-01
      vertex   -1.522639e+00 5.405496e+01 5.100000e-01
      vertex   -8.390000e+00 5.950000e+01 5.100000e-01
    endloop
  endfacet
  facet normal 0.000000e+00 0.000000e+00 1.000000e+00
    outer loop
      vertex   -8.390000e+00 5.950000e+01 5.100000e-01
      vertex   -1.522639e+00 5.405496e+01 5.100000e-01
      vertex   -6.156659e-01 5.422451e+01 5.100000e-01
    endloop
  endfacet
  facet normal 0.000000e+00 0.000000e+00 1.000000e+00
    outer loop
      vertex   -8.390000e+00 5.950000e+01 5.100000e-01
      vertex   -6.156659e-01 5.422451e+01 5.100000e-01
      vertex   3.070177e-01 5.422451e+01 5.100000e-01
    endloop
  endfacet
  facet normal -0.000000e+00 0.000000e+00 1.000000e+00
    outer loop
      vertex   2.074368e+00 5.372165e+01 5.100000e-01
      vertex   2.858849e+00 5.323592e+01 5.100000e-01
      vertex   8.390000e+00 5.950000e+01 5.100000e-01
    endloop
  endfacet
  facet normal 0.000000e+00 0.000000e+00 1.000000e+00
    outer loop
      vertex   8.390000e+00 5.950000e+01 5.100000e-01
      vertex   2.858849e+00 5.323592e+01 5.100000e-01
      vertex   3.540721e+00 5.261431e+01 5.100000e-01
    endloop
  endfacet
  facet normal 0.000000e+00 0.000000e+00 1.000000e+00
    outer loop
      vertex   8.390000e+00 5.950000e+01 5.100000e-01
      vertex   3.540721e+00 5.261431e+01 5.100000e-01
      vertex   4.096762e+00 5.187800e+01 5.100000e-01
    endloop
  endfacet
  facet normal -0.000000e+00 0.000000e+00 1.000000e+00
    outer loop
      vertex   4.096762e+00 5.187800e+01 5.100000e-01
      vertex   4.508037e+00 5.105204e+01 5.100000e-01
      vertex   8.390000e+00 5.950000e+01 5.100000e-01
    endloop
  endfacet
  facet normal 0.000000e+00 0.000000e+00 1.000000e+00
    outer loop
      vertex   8.390000e+00 5.950000e+01 5.100000e-01
      vertex   4.508037e+00 5.105204e+01 5.100000e-01
      vertex   4.760541e+00 5.016458e+01 5.100000e-01
    endloop
  endfacet
  facet normal 0.000000e+00 0.000000e+00 1.000000e+00
    outer loop
      vertex   -2.020236e+01 -4.965528e+01 5.100000e-01
      vertex   -5.206963e+00 -4.895315e+01 5.100000e-01
      vertex   -2.011723e+01 -4.873653e+01 5.100000e-01
    endloop
  endfacet
  facet normal -0.000000e+00 0.000000e+00 1.000000e+00
    outer loop
      vertex   -2.011723e+01 -4.873653e+01 5.100000e-01
      vertex   -5.206963e+00 -4.895315e+01 5.100000e-01
      vertex   -5.121829e+00 -4.803440e+01 5.100000e-01
    endloop
  endfacet
  facet normal 0.000000e+00 -0.000000e+00 1.000000e+00
    outer loop
      vertex   -2.011723e+01 -4.873653e+01 5.100000e-01
      vertex   -5.121829e+00 -4.803440e+01 5.100000e-01
      vertex   -2.020236e+01 -4.781778e+01 5.100000e-01
    endloop
  endfacet
  facet normal -0.000000e+00 0.000000e+00 1.000000e+00
    outer loop
      vertex   -2.020236e+01 -4.781778e+01 5.100000e-01
      vertex   -5.121829e+00 -4.803440e+01 5.100000e-01
      vertex   -4.869324e+00 -4.714694e+01 5.100000e-01
    endloop
  endfacet
  facet normal 0.000000e+00 -0.000000e+00 1.000000e+00
    outer loop
      vertex   -2.020236e+01 -4.781778e+01 5.100000e-01
      vertex   -4.869324e+00 -4.714694e+01 5.100000e-01
      vertex   -2.045486e+01 -4.693032e+01 5.100000e-01
    endloop
  endfacet
  facet normal -0.000000e+00 0.000000e+00 1.000000e+00
    outer loop
      vertex   -2.045486e+01 -4.693032e+01 5.100000e-01
      vertex   -4.869324e+00 -4.714694e+01 5.100000e-01
      vertex   -4.458049e+00 -4.632099e+01 5.100000e-01
    endloop
  endfacet
  facet normal 0.000000e+00 -0.000000e+00 1.000000e+00
    outer loop
      vertex   -2.045486e+01 -4.693032e+01 5.100000e-01
      vertex   -4.458049e+00 -4.632099e+01 5.100000e-01
      vertex   -2.086614e+01 -4.610437e+01 5.100000e-01
    endloop
  endfacet
  facet normal -0.000000e+00 0.000000e+00 1.000000e+00
    outer loop
      vertex   -2.086614e+01 -4.610437e+01 5.100000e-01
      vertex   -4.458049e+00 -4.632099e+01 5.100000e-01
      vertex   -3.902008e+00 -4.558467e+01 5.100000e-01
    endloop
  endfacet
  facet normal 0.000000e+00 -0.000000e+00 1.000000e+00
    outer loop
      vertex   -2.086614e+01 -4.610437e+01 5.100000e-01
      vertex   -3.902008e+00 -4.558467e+01 5.100000e-01
      vertex   -2.142218e+01 -4.536805e+01 5.100000e-01
    endloop
  endfacet
  facet normal -0.000000e+00 0.000000e+00 1.000000e+00
    outer loop
      vertex   -2.142218e+01 -4.536805e+01 5.100000e-01
      vertex   -3.902008e+00 -4.558467e+01 5.100000e-01
      vertex   -3.220136e+00 -4.496306e+01 5.100000e-01
    endloop
  endfacet
  facet normal 0.000000e+00 -0.000000e+00 1.000000e+00
    outer loop
      vertex   -2.142218e+01 -4.536805e+01 5.100000e-01
      vertex   -3.220136e+00 -4.496306e+01 5.100000e-01
      vertex   -2.210405e+01 -4.474645e+01 5.100000e-01
    endloop
  endfacet
  facet normal -0.000000e+00 0.000000e+00 1.000000e+00
    outer loop
      vertex   -2.210405e+01 -4.474645e+01 5.100000e-01
      vertex   -3.220136e+00 -4.496306e+01 5.100000e-01
      vertex   -2.435655e+00 -4.447733e+01 5.100000e-01
    endloop
  endfacet
  facet normal 0.000000e+00 -0.000000e+00 1.000000e+00
    outer loop
      vertex   -2.210405e+01 -4.474645e+01 5.100000e-01
      vertex   -2.435655e+00 -4.447733e+01 5.100000e-01
      vertex   -2.288853e+01 -4.426072e+01 5.100000e-01
    endloop
  endfacet
  facet normal -0.000000e+00 -0.000000e+00 1.000000e+00
    outer loop
      vertex   -2.288853e+01 -4.426072e+01 5.100000e-01
      vertex   -2.435655e+00 -4.447733e+01 5.100000e-01
      vertex   -3.239000e+01 -3.750000e+01 5.100000e-01
    endloop
  endfacet
  facet normal 0.000000e+00 0.000000e+00 1.000000e+00
    outer loop
      vertex   -2.288853e+01 -4.426072e+01 5.100000e-01
      vertex   -3.239000e+01 -3.750000e+01 5.100000e-01
      vertex   -2.374891e+01 -4.392740e+01 5.100000e-01
    endloop
  endfacet
  facet normal 0.000000e+00 0.000000e+00 1.000000e+00
    outer loop
      vertex   -2.374891e+01 -4.392740e+01 5.100000e-01
      vertex   -3.239000e+01 -3.750000e+01 5.100000e-01
      vertex   -2.465588e+01 -4.375786e+01 5.100000e-01
    endloop
  endfacet
  facet normal 0.000000e+00 0.000000e+00 1.000000e+00
    outer loop
      vertex   -2.465588e+01 -4.375786e+01 5.100000e-01
      vertex   -3.239000e+01 -3.750000e+01 5.100000e-01
      vertex   -2.557857e+01 -4.375786e+01 5.100000e-01
    endloop
  endfacet
  facet normal 0.000000e+00 0.000000e+00 1.000000e+00
    outer loop
      vertex   -2.557857e+01 -4.375786e+01 5.100000e-01
      vertex   -3.239000e+01 -3.750000e+01 5.100000e-01
      vertex   -2.648554e+01 -4.392740e+01 5.100000e-01
    endloop
  endfacet
  facet normal 0.000000e+00 0.000000e+00 1.000000e+00
    outer loop
      vertex   -2.648554e+01 -4.392740e+01 5.100000e-01
      vertex   -3.239000e+01 -3.750000e+01 5.100000e-01
      vertex   -2.734592e+01 -4.426072e+01 5.100000e-01
    endloop
  endfacet
  facet normal 0.000000e+00 0.000000e+00 1.000000e+00
    outer loop
      vertex   -2.734592e+01 -4.426072e+01 5.100000e-01
      vertex   -3.239000e+01 -3.750000e+01 5.100000e-01
      vertex   -2.813040e+01 -4.474645e+01 5.100000e-01
    endloop
  endfacet
  facet normal 0.000000e+00 0.000000e+00 1.000000e+00
    outer loop
      vertex   -2.813040e+01 -4.474645e+01 5.100000e-01
      vertex   -3.239000e+01 -3.750000e+01 5.100000e-01
      vertex   -2.881227e+01 -4.536805e+01 5.100000e-01
    endloop
  endfacet
  facet normal 0.000000e+00 0.000000e+00 1.000000e+00
    outer loop
      vertex   -2.881227e+01 -4.536805e+01 5.100000e-01
      vertex   -3.239000e+01 -3.750000e+01 5.100000e-01
      vertex   -2.936831e+01 -4.610437e+01 5.100000e-01
    endloop
  endfacet
  facet normal 0.000000e+00 0.000000e+00 1.000000e+00
    outer loop
      vertex   -2.936831e+01 -4.610437e+01 5.100000e-01
      vertex   -3.239000e+01 -3.750000e+01 5.100000e-01
      vertex   -2.977959e+01 -4.693032e+01 5.100000e-01
    endloop
  endfacet
  facet normal 0.000000e+00 0.000000e+00 1.000000e+00
    outer loop
      vertex   -5.206963e+00 -4.895315e+01 5.100000e-01
      vertex   -2.020236e+01 -4.965528e+01 5.100000e-01
      vertex   -5.121829e+00 -4.987189e+01 5.100000e-01
    endloop
  endfacet
  facet normal 0.000000e+00 0.000000e+00 1.000000e+00
    outer loop
      vertex   -5.121829e+00 -4.987189e+01 5.100000e-01
      vertex   -2.020236e+01 -4.965528e+01 5.100000e-01
      vertex   -2.045486e+01 -5.054274e+01 5.100000e-01
    endloop
  endfacet
  facet normal 0.000000e+00 0.000000e+00 1.000000e+00
    outer loop
      vertex   -5.121829e+00 -4.987189e+01 5.100000e-01
      vertex   -2.045486e+01 -5.054274e+01 5.100000e-01
      vertex   -4.869324e+00 -5.075935e+01 5.100000e-01
    endloop
  endfacet
  facet normal 0.000000e+00 0.000000e+00 1.000000e+00
    outer loop
      vertex   -4.869324e+00 -5.075935e+01 5.100000e-01
      vertex   -2.045486e+01 -5.054274e+01 5.100000e-01
      vertex   -2.086614e+01 -5.136869e+01 5.100000e-01
    endloop
  endfacet
  facet normal 0.000000e+00 0.000000e+00 1.000000e+00
    outer loop
      vertex   2.276342e+01 -5.285134e+01 5.100000e-01
      vertex   2.197894e+01 -5.236561e+01 5.100000e-01
      vertex   2.439000e+01 -5.950000e+01 5.100000e-01
    endloop
  endfacet
  facet normal 0.000000e+00 0.000000e+00 1.000000e+00
    outer loop
      vertex   2.439000e+01 -5.950000e+01 5.100000e-01
      vertex   2.197894e+01 -5.236561e+01 5.100000e-01
      vertex   2.129707e+01 -5.174400e+01 5.100000e-01
    endloop
  endfacet
  facet normal 0.000000e+00 0.000000e+00 1.000000e+00
    outer loop
      vertex   2.439000e+01 -5.950000e+01 5.100000e-01
      vertex   2.129707e+01 -5.174400e+01 5.100000e-01
      vertex   2.074103e+01 -5.100768e+01 5.100000e-01
    endloop
  endfacet
  facet normal 0.000000e+00 0.000000e+00 1.000000e+00
    outer loop
      vertex   2.032975e+01 -5.018173e+01 5.100000e-01
      vertex   4.455398e+00 -5.075935e+01 5.100000e-01
      vertex   2.074103e+01 -5.100768e+01 5.100000e-01
    endloop
  endfacet
  facet normal 0.000000e+00 0.000000e+00 1.000000e+00
    outer loop
      vertex   2.074103e+01 -5.100768e+01 5.100000e-01
      vertex   4.455398e+00 -5.075935e+01 5.100000e-01
      vertex   4.044122e+00 -5.158531e+01 5.100000e-01
    endloop
  endfacet
  facet normal 0.000000e+00 0.000000e+00 1.000000e+00
    outer loop
      vertex   2.074103e+01 -5.100768e+01 5.100000e-01
      vertex   4.044122e+00 -5.158531e+01 5.100000e-01
      vertex   2.439000e+01 -5.950000e+01 5.100000e-01
    endloop
  endfacet
  facet normal 0.000000e+00 0.000000e+00 1.000000e+00
    outer loop
      vertex   2.439000e+01 -5.950000e+01 5.100000e-01
      vertex   4.044122e+00 -5.158531e+01 5.100000e-01
      vertex   3.488081e+00 -5.232162e+01 5.100000e-01
    endloop
  endfacet
  facet normal 0.000000e+00 0.000000e+00 1.000000e+00
    outer loop
      vertex   2.439000e+01 -5.950000e+01 5.100000e-01
      vertex   3.488081e+00 -5.232162e+01 5.100000e-01
      vertex   2.806210e+00 -5.294323e+01 5.100000e-01
    endloop
  endfacet
  facet normal 0.000000e+00 0.000000e+00 1.000000e+00
    outer loop
      vertex   4.455398e+00 -5.075935e+01 5.100000e-01
      vertex   2.032975e+01 -5.018173e+01 5.100000e-01
      vertex   4.707902e+00 -4.987189e+01 5.100000e-01
    endloop
  endfacet
  facet normal -0.000000e+00 0.000000e+00 1.000000e+00
    outer loop
      vertex   4.707902e+00 -4.987189e+01 5.100000e-01
      vertex   2.032975e+01 -5.018173e+01 5.100000e-01
      vertex   2.007725e+01 -4.929427e+01 5.100000e-01
    endloop
  endfacet
  facet normal 0.000000e+00 0.000000e+00 1.000000e+00
    outer loop
      vertex   4.707902e+00 -4.987189e+01 5.100000e-01
      vertex   2.007725e+01 -4.929427e+01 5.100000e-01
      vertex   4.793037e+00 -4.895315e+01 5.100000e-01
    endloop
  endfacet
  facet normal -0.000000e+00 0.000000e+00 1.000000e+00
    outer loop
      vertex   4.793037e+00 -4.895315e+01 5.100000e-01
      vertex   2.007725e+01 -4.929427e+01 5.100000e-01
      vertex   1.999212e+01 -4.837552e+01 5.100000e-01
    endloop
  endfacet
  facet normal 0.000000e+00 -0.000000e+00 1.000000e+00
    outer loop
      vertex   4.793037e+00 -4.895315e+01 5.100000e-01
      vertex   1.999212e+01 -4.837552e+01 5.100000e-01
      vertex   4.707902e+00 -4.803440e+01 5.100000e-01
    endloop
  endfacet
  facet normal -0.000000e+00 0.000000e+00 1.000000e+00
    outer loop
      vertex   4.707902e+00 -4.803440e+01 5.100000e-01
      vertex   1.999212e+01 -4.837552e+01 5.100000e-01
      vertex   2.007725e+01 -4.745677e+01 5.100000e-01
    endloop
  endfacet
  facet normal 0.000000e+00 -0.000000e+00 1.000000e+00
    outer loop
      vertex   4.707902e+00 -4.803440e+01 5.100000e-01
      vertex   2.007725e+01 -4.745677e+01 5.100000e-01
      vertex   4.455398e+00 -4.714694e+01 5.100000e-01
    endloop
  endfacet
  facet normal -0.000000e+00 0.000000e+00 1.000000e+00
    outer loop
      vertex   4.455398e+00 -4.714694e+01 5.100000e-01
      vertex   2.007725e+01 -4.745677e+01 5.100000e-01
      vertex   2.032975e+01 -4.656931e+01 5.100000e-01
    endloop
  endfacet
  facet normal 0.000000e+00 -0.000000e+00 1.000000e+00
    outer loop
      vertex   4.455398e+00 -4.714694e+01 5.100000e-01
      vertex   2.032975e+01 -4.656931e+01 5.100000e-01
      vertex   4.044122e+00 -4.632099e+01 5.100000e-01
    endloop
  endfacet
  facet normal -0.000000e+00 0.000000e+00 1.000000e+00
    outer loop
      vertex   4.044122e+00 -4.632099e+01 5.100000e-01
      vertex   2.032975e+01 -4.656931e+01 5.100000e-01
      vertex   2.074103e+01 -4.574336e+01 5.100000e-01
    endloop
  endfacet
  facet normal 0.000000e+00 -0.000000e+00 1.000000e+00
    outer loop
      vertex   4.044122e+00 -4.632099e+01 5.100000e-01
      vertex   2.074103e+01 -4.574336e+01 5.100000e-01
      vertex   3.488081e+00 -4.558467e+01 5.100000e-01
    endloop
  endfacet
  facet normal -0.000000e+00 0.000000e+00 1.000000e+00
    outer loop
      vertex   3.488081e+00 -4.558467e+01 5.100000e-01
      vertex   2.074103e+01 -4.574336e+01 5.100000e-01
      vertex   2.129707e+01 -4.500704e+01 5.100000e-01
    endloop
  endfacet
  facet normal 0.000000e+00 -0.000000e+00 1.000000e+00
    outer loop
      vertex   3.488081e+00 -4.558467e+01 5.100000e-01
      vertex   2.129707e+01 -4.500704e+01 5.100000e-01
      vertex   2.806210e+00 -4.496306e+01 5.100000e-01
    endloop
  endfacet
  facet normal -0.000000e+00 0.000000e+00 1.000000e+00
    outer loop
      vertex   2.806210e+00 -4.496306e+01 5.100000e-01
      vertex   2.129707e+01 -4.500704e+01 5.100000e-01
      vertex   2.197894e+01 -4.438543e+01 5.100000e-01
    endloop
  endfacet
  facet normal 0.000000e+00 -0.000000e+00 1.000000e+00
    outer loop
      vertex   2.806210e+00 -4.496306e+01 5.100000e-01
      vertex   2.197894e+01 -4.438543e+01 5.100000e-01
      vertex   2.021729e+00 -4.447733e+01 5.100000e-01
    endloop
  endfacet
  facet normal 0.000000e+00 0.000000e+00 1.000000e+00
    outer loop
      vertex   2.021729e+00 -4.447733e+01 5.100000e-01
      vertex   2.197894e+01 -4.438543e+01 5.100000e-01
      vertex   2.276342e+01 -4.389970e+01 5.100000e-01
    endloop
  endfacet
  facet normal 0.000000e+00 0.000000e+00 1.000000e+00
    outer loop
      vertex   2.021729e+00 -4.447733e+01 5.100000e-01
      vertex   2.276342e+01 -4.389970e+01 5.100000e-01
      vertex   3.239000e+01 -3.750000e+01 5.100000e-01
    endloop
  endfacet
  facet normal 0.000000e+00 0.000000e+00 1.000000e+00
    outer loop
      vertex   3.239000e+01 -3.750000e+01 5.100000e-01
      vertex   2.276342e+01 -4.389970e+01 5.100000e-01
      vertex   2.362380e+01 -4.356639e+01 5.100000e-01
    endloop
  endfacet
  facet normal 0.000000e+00 0.000000e+00 1.000000e+00
    outer loop
      vertex   3.239000e+01 -3.750000e+01 5.100000e-01
      vertex   2.362380e+01 -4.356639e+01 5.100000e-01
      vertex   2.453077e+01 -4.339685e+01 5.100000e-01
    endloop
  endfacet
  facet normal 0.000000e+00 0.000000e+00 1.000000e+00
    outer loop
      vertex   2.453077e+01 -4.339685e+01 5.100000e-01
      vertex   2.545346e+01 -4.339685e+01 5.100000e-01
      vertex   3.239000e+01 -3.750000e+01 5.100000e-01
    endloop
  endfacet
  facet normal 0.000000e+00 0.000000e+00 1.000000e+00
    outer loop
      vertex   3.239000e+01 -3.750000e+01 5.100000e-01
      vertex   2.545346e+01 -4.339685e+01 5.100000e-01
      vertex   2.636043e+01 -4.356639e+01 5.100000e-01
    endloop
  endfacet
  facet normal 0.000000e+00 0.000000e+00 1.000000e+00
    outer loop
      vertex   3.239000e+01 -3.750000e+01 5.100000e-01
      vertex   2.636043e+01 -4.356639e+01 5.100000e-01
      vertex   2.722081e+01 -4.389970e+01 5.100000e-01
    endloop
  endfacet
  facet normal -0.000000e+00 0.000000e+00 1.000000e+00
    outer loop
      vertex   2.722081e+01 -4.389970e+01 5.100000e-01
      vertex   2.800529e+01 -4.438543e+01 5.100000e-01
      vertex   3.239000e+01 -3.750000e+01 5.100000e-01
    endloop
  endfacet
  facet normal 0.000000e+00 0.000000e+00 1.000000e+00
    outer loop
      vertex   3.239000e+01 -3.750000e+01 5.100000e-01
      vertex   2.800529e+01 -4.438543e+01 5.100000e-01
      vertex   2.868716e+01 -4.500704e+01 5.100000e-01
    endloop
  endfacet
  facet normal 0.000000e+00 0.000000e+00 1.000000e+00
    outer loop
      vertex   3.239000e+01 -3.750000e+01 5.100000e-01
      vertex   2.868716e+01 -4.500704e+01 5.100000e-01
      vertex   2.924320e+01 -4.574336e+01 5.100000e-01
    endloop
  endfacet
  facet normal -0.000000e+00 0.000000e+00 1.000000e+00
    outer loop
      vertex   2.924320e+01 -4.574336e+01 5.100000e-01
      vertex   2.965448e+01 -4.656931e+01 5.100000e-01
      vertex   3.239000e+01 -3.750000e+01 5.100000e-01
    endloop
  endfacet
  facet normal 0.000000e+00 0.000000e+00 1.000000e+00
    outer loop
      vertex   2.806210e+00 -5.294323e+01 5.100000e-01
      vertex   2.021729e+00 -5.342896e+01 5.100000e-01
      vertex   2.439000e+01 -5.950000e+01 5.100000e-01
    endloop
  endfacet
  facet normal 0.000000e+00 0.000000e+00 1.000000e+00
    outer loop
      vertex   2.439000e+01 -5.950000e+01 5.100000e-01
      vertex   2.021729e+00 -5.342896e+01 5.100000e-01
      vertex   1.161352e+00 -5.376227e+01 5.100000e-01
    endloop
  endfacet
  facet normal 0.000000e+00 0.000000e+00 1.000000e+00
    outer loop
      vertex   2.439000e+01 -5.950000e+01 5.100000e-01
      vertex   1.161352e+00 -5.376227e+01 5.100000e-01
      vertex   2.543785e-01 -5.393182e+01 5.100000e-01
    endloop
  endfacet
  facet normal 0.000000e+00 0.000000e+00 1.000000e+00
    outer loop
      vertex   -1.575278e+00 -5.376227e+01 5.100000e-01
      vertex   -2.435655e+00 -5.342896e+01 5.100000e-01
      vertex   -2.439000e+01 -5.950000e+01 5.100000e-01
    endloop
  endfacet
  facet normal 0.000000e+00 0.000000e+00 1.000000e+00
    outer loop
      vertex   -2.439000e+01 -5.950000e+01 5.100000e-01
      vertex   -2.435655e+00 -5.342896e+01 5.100000e-01
      vertex   -3.220136e+00 -5.294323e+01 5.100000e-01
    endloop
  endfacet
  facet normal 0.000000e+00 0.000000e+00 1.000000e+00
    outer loop
      vertex   -2.439000e+01 -5.950000e+01 5.100000e-01
      vertex   -3.220136e+00 -5.294323e+01 5.100000e-01
      vertex   -3.902008e+00 -5.232162e+01 5.100000e-01
    endloop
  endfacet
  facet normal 0.000000e+00 0.000000e+00 1.000000e+00
    outer loop
      vertex   -3.902008e+00 -5.232162e+01 5.100000e-01
      vertex   -4.458049e+00 -5.158531e+01 5.100000e-01
      vertex   -2.439000e+01 -5.950000e+01 5.100000e-01
    endloop
  endfacet
  facet normal 0.000000e+00 -0.000000e+00 1.000000e+00
    outer loop
      vertex   -2.435655e+00 -4.447733e+01 5.100000e-01
      vertex   -1.575278e+00 -4.414402e+01 5.100000e-01
      vertex   -3.239000e+01 -3.750000e+01 5.100000e-01
    endloop
  endfacet
  facet normal 0.000000e+00 0.000000e+00 1.000000e+00
    outer loop
      vertex   -3.239000e+01 -3.750000e+01 5.100000e-01
      vertex   -1.575278e+00 -4.414402e+01 5.100000e-01
      vertex   -6.683051e-01 -4.397447e+01 5.100000e-01
    endloop
  endfacet
  facet normal 0.000000e+00 0.000000e+00 1.000000e+00
    outer loop
      vertex   -3.239000e+01 -3.750000e+01 5.100000e-01
      vertex   -6.683051e-01 -4.397447e+01 5.100000e-01
      vertex   2.543785e-01 -4.397447e+01 5.100000e-01
    endloop
  endfacet
  facet normal -0.000000e+00 0.000000e+00 1.000000e+00
    outer loop
      vertex   -3.239000e+01 -3.750000e+01 5.100000e-01
      vertex   2.543785e-01 -4.397447e+01 5.100000e-01
      vertex   3.239000e+01 -3.750000e+01 5.100000e-01
    endloop
  endfacet
  facet normal 0.000000e+00 0.000000e+00 1.000000e+00
    outer loop
      vertex   3.239000e+01 -3.750000e+01 5.100000e-01
      vertex   2.543785e-01 -4.397447e+01 5.100000e-01
      vertex   1.161352e+00 -4.414402e+01 5.100000e-01
    endloop
  endfacet
  facet normal 0.000000e+00 0.000000e+00 1.000000e+00
    outer loop
      vertex   3.239000e+01 -3.750000e+01 5.100000e-01
      vertex   1.161352e+00 -4.414402e+01 5.100000e-01
      vertex   2.021729e+00 -4.447733e+01 5.100000e-01
    endloop
  endfacet
  facet normal 1.305262e-01 9.914449e-01 -1.545741e-16
    outer loop
      vertex   3.239000e+01 3.950000e+01 -5.490000e+00
      vertex   3.239000e+01 3.950000e+01 5.100000e-01
      vertex   3.290764e+01 3.943185e+01 -5.490000e+00
    endloop
  endfacet
  facet normal 1.305262e-01 9.914449e-01 -1.174107e-15
    outer loop
      vertex   3.290764e+01 3.943185e+01 -5.490000e+00
      vertex   3.239000e+01 3.950000e+01 5.100000e-01
      vertex   3.290764e+01 3.943185e+01 5.100000e-01
    endloop
  endfacet
  facet normal 3.826834e-01 9.238795e-01 -1.094093e-15
    outer loop
      vertex   3.290764e+01 3.943185e+01 -5.490000e+00
      vertex   3.290764e+01 3.943185e+01 5.100000e-01
      vertex   3.339000e+01 3.923205e+01 -5.490000e+00
    endloop
  endfacet
  facet normal 3.826834e-01 9.238795e-01 -4.531882e-16
    outer loop
      vertex   3.339000e+01 3.923205e+01 -5.490000e+00
      vertex   3.290764e+01 3.943185e+01 5.100000e-01
      vertex   3.339000e+01 3.923205e+01 5.100000e-01
    endloop
  endfacet
  facet normal 6.087614e-01 7.933533e-01 -7.209184e-16
    outer loop
      vertex   3.339000e+01 3.923205e+01 -5.490000e+00
      vertex   3.339000e+01 3.923205e+01 5.100000e-01
      vertex   3.380421e+01 3.891421e+01 -5.490000e+00
    endloop
  endfacet
  facet normal 6.087614e-01 7.933533e-01 -0.000000e+00
    outer loop
      vertex   3.380421e+01 3.891421e+01 -5.490000e+00
      vertex   3.339000e+01 3.923205e+01 5.100000e-01
      vertex   3.380421e+01 3.891421e+01 5.100000e-01
    endloop
  endfacet
  facet normal 7.933533e-01 6.087614e-01 -0.000000e+00
    outer loop
      vertex   3.380421e+01 3.891421e+01 -5.490000e+00
      vertex   3.380421e+01 3.891421e+01 5.100000e-01
      vertex   3.412205e+01 3.850000e+01 -5.490000e+00
    endloop
  endfacet
  facet normal 7.933533e-01 6.087614e-01 -0.000000e+00
    outer loop
      vertex   3.412205e+01 3.850000e+01 -5.490000e+00
      vertex   3.380421e+01 3.891421e+01 5.100000e-01
      vertex   3.412205e+01 3.850000e+01 5.100000e-01
    endloop
  endfacet
  facet normal 9.238795e-01 3.826834e-01 -0.000000e+00
    outer loop
      vertex   3.412205e+01 3.850000e+01 -5.490000e+00
      vertex   3.412205e+01 3.850000e+01 5.100000e-01
      vertex   3.432185e+01 3.801764e+01 -5.490000e+00
    endloop
  endfacet
  facet normal 9.238795e-01 3.826834e-01 -0.000000e+00
    outer loop
      vertex   3.432185e+01 3.801764e+01 -5.490000e+00
      vertex   3.412205e+01 3.850000e+01 5.100000e-01
      vertex   3.432185e+01 3.801764e+01 5.100000e-01
    endloop
  endfacet
  facet normal 9.914449e-01 1.305262e-01 -0.000000e+00
    outer loop
      vertex   3.432185e+01 3.801764e+01 -5.490000e+00
      vertex   3.432185e+01 3.801764e+01 5.100000e-01
      vertex   3.439000e+01 3.750000e+01 -5.490000e+00
    endloop
  endfacet
  facet normal 9.914449e-01 1.305262e-01 -0.000000e+00
    outer loop
      vertex   3.439000e+01 3.750000e+01 -5.490000e+00
      vertex   3.432185e+01 3.801764e+01 5.100000e-01
      vertex   3.439000e+01 3.750000e+01 5.100000e-01
    endloop
  endfacet
  facet normal 1.000000e+00 0.000000e+00 0.000000e+00
    outer loop
      vertex   3.439000e+01 3.750000e+01 5.100000e-01
      vertex   3.439000e+01 -4.950000e+01 5.100000e-01
      vertex   3.439000e+01 3.750000e+01 -5.490000e+00
    endloop
  endfacet
  facet normal 1.000000e+00 0.000000e+00 0.000000e+00
    outer loop
      vertex   3.439000e+01 3.750000e+01 -5.490000e+00
      vertex   3.439000e+01 -4.950000e+01 5.100000e-01
      vertex   3.439000e+01 -4.950000e+01 -5.490000e+00
    endloop
  endfacet
  facet normal 9.978589e-01 -6.540313e-02 7.745286e-17
    outer loop
      vertex   3.439000e+01 -4.950000e+01 -5.490000e+00
      vertex   3.439000e+01 -4.950000e+01 5.100000e-01
      vertex   3.430445e+01 -5.080526e+01 -5.490000e+00
    endloop
  endfacet
  facet normal 9.978589e-01 -6.540313e-02 0.000000e+00
    outer loop
      vertex   3.430445e+01 -5.080526e+01 -5.490000e+00
      vertex   3.439000e+01 -4.950000e+01 5.100000e-01
      vertex   3.430445e+01 -5.080526e+01 5.100000e-01
    endloop
  endfacet
  facet normal 9.807853e-01 -1.950903e-01 0.000000e+00
    outer loop
      vertex   3.430445e+01 -5.080526e+01 -5.490000e+00
      vertex   3.430445e+01 -5.080526e+01 5.100000e-01
      vertex   3.404926e+01 -5.208819e+01 -5.490000e+00
    endloop
  endfacet
  facet normal 9.807853e-01 -1.950903e-01 0.000000e+00
    outer loop
      vertex   3.404926e+01 -5.208819e+01 -5.490000e+00
      vertex   3.430445e+01 -5.080526e+01 5.100000e-01
      vertex   3.404926e+01 -5.208819e+01 5.100000e-01
    endloop
  endfacet
  facet normal 9.469301e-01 -3.214395e-01 0.000000e+00
    outer loop
      vertex   3.404926e+01 -5.208819e+01 -5.490000e+00
      vertex   3.404926e+01 -5.208819e+01 5.100000e-01
      vertex   3.362880e+01 -5.332683e+01 -5.490000e+00
    endloop
  endfacet
  facet normal 9.469301e-01 -3.214395e-01 0.000000e+00
    outer loop
      vertex   3.362880e+01 -5.332683e+01 -5.490000e+00
      vertex   3.404926e+01 -5.208819e+01 5.100000e-01
      vertex   3.362880e+01 -5.332683e+01 5.100000e-01
    endloop
  endfacet
  facet normal 8.968727e-01 -4.422887e-01 0.000000e+00
    outer loop
      vertex   3.362880e+01 -5.332683e+01 -5.490000e+00
      vertex   3.362880e+01 -5.332683e+01 5.100000e-01
      vertex   3.305025e+01 -5.450000e+01 -5.490000e+00
    endloop
  endfacet
  facet normal 8.968727e-01 -4.422887e-01 0.000000e+00
    outer loop
      vertex   3.305025e+01 -5.450000e+01 -5.490000e+00
      vertex   3.362880e+01 -5.332683e+01 5.100000e-01
      vertex   3.305025e+01 -5.450000e+01 5.100000e-01
    endloop
  endfacet
  facet normal 8.314696e-01 -5.555702e-01 0.000000e+00
    outer loop
      vertex   3.305025e+01 -5.450000e+01 -5.490000e+00
      vertex   3.305025e+01 -5.450000e+01 5.100000e-01
      vertex   3.232353e+01 -5.558761e+01 -5.490000e+00
    endloop
  endfacet
  facet normal 8.314696e-01 -5.555702e-01 0.000000e+00
    outer loop
      vertex   3.232353e+01 -5.558761e+01 -5.490000e+00
      vertex   3.305025e+01 -5.450000e+01 5.100000e-01
      vertex   3.232353e+01 -5.558761e+01 5.100000e-01
    endloop
  endfacet
  facet normal 7.518398e-01 -6.593458e-01 0.000000e+00
    outer loop
      vertex   3.232353e+01 -5.558761e+01 -5.490000e+00
      vertex   3.232353e+01 -5.558761e+01 5.100000e-01
      vertex   3.146107e+01 -5.657107e+01 -5.490000e+00
    endloop
  endfacet
  facet normal 7.518398e-01 -6.593458e-01 0.000000e+00
    outer loop
      vertex   3.146107e+01 -5.657107e+01 -5.490000e+00
      vertex   3.232353e+01 -5.558761e+01 5.100000e-01
      vertex   3.146107e+01 -5.657107e+01 5.100000e-01
    endloop
  endfacet
  facet normal 6.593458e-01 -7.518398e-01 0.000000e+00
    outer loop
      vertex   3.146107e+01 -5.657107e+01 -5.490000e+00
      vertex   3.146107e+01 -5.657107e+01 5.100000e-01
      vertex   3.047761e+01 -5.743353e+01 -5.490000e+00
    endloop
  endfacet
  facet normal 6.593458e-01 -7.518398e-01 0.000000e+00
    outer loop
      vertex   3.047761e+01 -5.743353e+01 -5.490000e+00
      vertex   3.146107e+01 -5.657107e+01 5.100000e-01
      vertex   3.047761e+01 -5.743353e+01 5.100000e-01
    endloop
  endfacet
  facet normal 5.555702e-01 -8.314696e-01 0.000000e+00
    outer loop
      vertex   3.047761e+01 -5.743353e+01 -5.490000e+00
      vertex   3.047761e+01 -5.743353e+01 5.100000e-01
      vertex   2.939000e+01 -5.816025e+01 -5.490000e+00
    endloop
  endfacet
  facet normal 5.555702e-01 -8.314696e-01 0.000000e+00
    outer loop
      vertex   2.939000e+01 -5.816025e+01 -5.490000e+00
      vertex   3.047761e+01 -5.743353e+01 5.100000e-01
      vertex   2.939000e+01 -5.816025e+01 5.100000e-01
    endloop
  endfacet
  facet normal 4.422887e-01 -8.968727e-01 0.000000e+00
    outer loop
      vertex   2.939000e+01 -5.816025e+01 -5.490000e+00
      vertex   2.939000e+01 -5.816025e+01 5.100000e-01
      vertex   2.821683e+01 -5.873880e+01 -5.490000e+00
    endloop
  endfacet
  facet normal 4.422887e-01 -8.968727e-01 0.000000e+00
    outer loop
      vertex   2.821683e+01 -5.873880e+01 -5.490000e+00
      vertex   2.939000e+01 -5.816025e+01 5.100000e-01
      vertex   2.821683e+01 -5.873880e+01 5.100000e-01
    endloop
  endfacet
  facet normal 3.214395e-01 -9.469301e-01 0.000000e+00
    outer loop
      vertex   2.821683e+01 -5.873880e+01 -5.490000e+00
      vertex   2.821683e+01 -5.873880e+01 5.100000e-01
      vertex   2.697819e+01 -5.915926e+01 -5.490000e+00
    endloop
  endfacet
  facet normal 3.214395e-01 -9.469301e-01 0.000000e+00
    outer loop
      vertex   2.697819e+01 -5.915926e+01 -5.490000e+00
      vertex   2.821683e+01 -5.873880e+01 5.100000e-01
      vertex   2.697819e+01 -5.915926e+01 5.100000e-01
    endloop
  endfacet
  facet normal 1.950903e-01 -9.807853e-01 0.000000e+00
    outer loop
      vertex   2.697819e+01 -5.915926e+01 -5.490000e+00
      vertex   2.697819e+01 -5.915926e+01 5.100000e-01
      vertex   2.569526e+01 -5.941445e+01 -5.490000e+00
    endloop
  endfacet
  facet normal 1.950903e-01 -9.807853e-01 0.000000e+00
    outer loop
      vertex   2.569526e+01 -5.941445e+01 -5.490000e+00
      vertex   2.697819e+01 -5.915926e+01 5.100000e-01
      vertex   2.569526e+01 -5.941445e+01 5.100000e-01
    endloop
  endfacet
  facet normal 6.540313e-02 -9.978589e-01 0.000000e+00
    outer loop
      vertex   2.569526e+01 -5.941445e+01 -5.490000e+00
      vertex   2.569526e+01 -5.941445e+01 5.100000e-01
      vertex   2.439000e+01 -5.950000e+01 -5.490000e+00
    endloop
  endfacet
  facet normal 6.540313e-02 -9.978589e-01 1.181702e-15
    outer loop
      vertex   2.439000e+01 -5.950000e+01 -5.490000e+00
      vertex   2.569526e+01 -5.941445e+01 5.100000e-01
      vertex   2.439000e+01 -5.950000e+01 5.100000e-01
    endloop
  endfacet
  facet normal 0.000000e+00 -1.000000e+00 1.184238e-15
    outer loop
      vertex   2.439000e+01 -5.950000e+01 -5.490000e+00
      vertex   2.439000e+01 -5.950000e+01 5.100000e-01
      vertex   -2.439000e+01 -5.950000e+01 -5.490000e+00
    endloop
  endfacet
  facet normal 0.000000e+00 -1.000000e+00 1.184238e-15
    outer loop
      vertex   -2.439000e+01 -5.950000e+01 -5.490000e+00
      vertex   2.439000e+01 -5.950000e+01 5.100000e-01
      vertex   -2.439000e+01 -5.950000e+01 5.100000e-01
    endloop
  endfacet
  facet normal -6.540313e-02 -9.978589e-01 1.142976e-15
    outer loop
      vertex   -2.439000e+01 -5.950000e+01 -5.490000e+00
      vertex   -2.439000e+01 -5.950000e+01 5.100000e-01
      vertex   -2.569526e+01 -5.941445e+01 -5.490000e+00
    endloop
  endfacet
  facet normal -6.540313e-02 -9.978589e-01 -3.872643e-17
    outer loop
      vertex   -2.569526e+01 -5.941445e+01 -5.490000e+00
      vertex   -2.439000e+01 -5.950000e+01 5.100000e-01
      vertex   -2.569526e+01 -5.941445e+01 5.100000e-01
    endloop
  endfacet
  facet normal -1.950903e-01 -9.807853e-01 -1.155167e-16
    outer loop
      vertex   -2.569526e+01 -5.941445e+01 -5.490000e+00
      vertex   -2.569526e+01 -5.941445e+01 5.100000e-01
      vertex   -2.697819e+01 -5.915926e+01 -5.490000e+00
    endloop
  endfacet
  facet normal -1.950903e-01 -9.807853e-01 8.149331e-16
    outer loop
      vertex   -2.697819e+01 -5.915926e+01 -5.490000e+00
      vertex   -2.569526e+01 -5.941445e+01 5.100000e-01
      vertex   -2.697819e+01 -5.915926e+01 5.100000e-01
    endloop
  endfacet
  facet normal -3.214395e-01 -9.469301e-01 5.503993e-16
    outer loop
      vertex   -2.697819e+01 -5.915926e+01 -5.490000e+00
      vertex   -2.697819e+01 -5.915926e+01 5.100000e-01
      vertex   -2.821683e+01 -5.873880e+01 -5.490000e+00
    endloop
  endfacet
  facet normal -3.214395e-01 -9.469301e-01 -1.121391e-15
    outer loop
      vertex   -2.821683e+01 -5.873880e+01 -5.490000e+00
      vertex   -2.697819e+01 -5.915926e+01 5.100000e-01
      vertex   -2.821683e+01 -5.873880e+01 5.100000e-01
    endloop
  endfacet
  facet normal -4.422887e-01 -8.968727e-01 -1.062111e-15
    outer loop
      vertex   -2.821683e+01 -5.873880e+01 -5.490000e+00
      vertex   -2.821683e+01 -5.873880e+01 5.100000e-01
      vertex   -2.939000e+01 -5.816025e+01 -5.490000e+00
    endloop
  endfacet
  facet normal -4.422887e-01 -8.968727e-01 1.062111e-15
    outer loop
      vertex   -2.939000e+01 -5.816025e+01 -5.490000e+00
      vertex   -2.821683e+01 -5.873880e+01 5.100000e-01
      vertex   -2.939000e+01 -5.816025e+01 5.100000e-01
    endloop
  endfacet
  facet normal -5.555702e-01 -8.314696e-01 9.846578e-16
    outer loop
      vertex   -2.939000e+01 -5.816025e+01 -5.490000e+00
      vertex   -2.939000e+01 -5.816025e+01 5.100000e-01
      vertex   -3.047761e+01 -5.743353e+01 -5.490000e+00
    endloop
  endfacet
  facet normal -5.555702e-01 -8.314696e-01 9.846578e-16
    outer loop
      vertex   -3.047761e+01 -5.743353e+01 -5.490000e+00
      vertex   -2.939000e+01 -5.816025e+01 5.100000e-01
      vertex   -3.047761e+01 -5.743353e+01 5.100000e-01
    endloop
  endfacet
  facet normal -6.593458e-01 -7.518398e-01 8.903572e-16
    outer loop
      vertex   -3.047761e+01 -5.743353e+01 -5.490000e+00
      vertex   -3.047761e+01 -5.743353e+01 5.100000e-01
      vertex   -3.146107e+01 -5.657107e+01 -5.490000e+00
    endloop
  endfacet
  facet normal -6.593458e-01 -7.518398e-01 0.000000e+00
    outer loop
      vertex   -3.146107e+01 -5.657107e+01 -5.490000e+00
      vertex   -3.047761e+01 -5.743353e+01 5.100000e-01
      vertex   -3.146107e+01 -5.657107e+01 5.100000e-01
    endloop
  endfacet
  facet normal -7.518398e-01 -6.593458e-01 0.000000e+00
    outer loop
      vertex   -3.146107e+01 -5.657107e+01 -5.490000e+00
      vertex   -3.146107e+01 -5.657107e+01 5.100000e-01
      vertex   -3.232353e+01 -5.558761e+01 -5.490000e+00
    endloop
  endfacet
  facet normal -7.518398e-01 -6.593458e-01 7.808223e-16
    outer loop
      vertex   -3.232353e+01 -5.558761e+01 -5.490000e+00
      vertex   -3.146107e+01 -5.657107e+01 5.100000e-01
      vertex   -3.232353e+01 -5.558761e+01 5.100000e-01
    endloop
  endfacet
  facet normal -8.314696e-01 -5.555702e-01 6.579273e-16
    outer loop
      vertex   -3.232353e+01 -5.558761e+01 -5.490000e+00
      vertex   -3.232353e+01 -5.558761e+01 5.100000e-01
      vertex   -3.305025e+01 -5.450000e+01 -5.490000e+00
    endloop
  endfacet
  facet normal -8.314696e-01 -5.555702e-01 3.311968e-16
    outer loop
      vertex   -3.305025e+01 -5.450000e+01 -5.490000e+00
      vertex   -3.232353e+01 -5.558761e+01 5.100000e-01
      vertex   -3.305025e+01 -5.450000e+01 5.100000e-01
    endloop
  endfacet
  facet normal -8.968727e-01 -4.422887e-01 -1.456063e-17
    outer loop
      vertex   -3.305025e+01 -5.450000e+01 -5.490000e+00
      vertex   -3.305025e+01 -5.450000e+01 5.100000e-01
      vertex   -3.362880e+01 -5.332683e+01 -5.490000e+00
    endloop
  endfacet
  facet normal -8.968727e-01 -4.422887e-01 0.000000e+00
    outer loop
      vertex   -3.362880e+01 -5.332683e+01 -5.490000e+00
      vertex   -3.305025e+01 -5.450000e+01 5.100000e-01
      vertex   -3.362880e+01 -5.332683e+01 5.100000e-01
    endloop
  endfacet
  facet normal -9.469301e-01 -3.214395e-01 0.000000e+00
    outer loop
      vertex   -3.362880e+01 -5.332683e+01 -5.490000e+00
      vertex   -3.362880e+01 -5.332683e+01 5.100000e-01
      vertex   -3.404926e+01 -5.208819e+01 -5.490000e+00
    endloop
  endfacet
  facet normal -9.469301e-01 -3.214395e-01 -1.121391e-15
    outer loop
      vertex   -3.404926e+01 -5.208819e+01 -5.490000e+00
      vertex   -3.362880e+01 -5.332683e+01 5.100000e-01
      vertex   -3.404926e+01 -5.208819e+01 5.100000e-01
    endloop
  endfacet
  facet normal -9.807853e-01 -1.950903e-01 -1.161483e-15
    outer loop
      vertex   -3.404926e+01 -5.208819e+01 -5.490000e+00
      vertex   -3.404926e+01 -5.208819e+01 5.100000e-01
      vertex   -3.430445e+01 -5.080526e+01 -5.490000e+00
    endloop
  endfacet
  facet normal -9.807853e-01 -1.950903e-01 2.310334e-16
    outer loop
      vertex   -3.430445e+01 -5.080526e+01 -5.490000e+00
      vertex   -3.404926e+01 -5.208819e+01 5.100000e-01
      vertex   -3.430445e+01 -5.080526e+01 5.100000e-01
    endloop
  endfacet
  facet normal -9.978589e-01 -6.540313e-02 7.745286e-17
    outer loop
      vertex   -3.430445e+01 -5.080526e+01 -5.490000e+00
      vertex   -3.430445e+01 -5.080526e+01 5.100000e-01
      vertex   -3.439000e+01 -4.950000e+01 -5.490000e+00
    endloop
  endfacet
  facet normal -9.978589e-01 -6.540313e-02 7.745286e-17
    outer loop
      vertex   -3.439000e+01 -4.950000e+01 -5.490000e+00
      vertex   -3.430445e+01 -5.080526e+01 5.100000e-01
      vertex   -3.439000e+01 -4.950000e+01 5.100000e-01
    endloop
  endfacet
  facet normal 9.957342e-01 -9.226836e-02 0.000000e+00
    outer loop
      vertex   -3.003209e+01 -4.781778e+01 -5.490000e+00
      vertex   -3.003209e+01 -4.781778e+01 5.100000e-01
      vertex   -3.011723e+01 -4.873653e+01 -5.490000e+00
    endloop
  endfacet
  facet normal 9.957342e-01 -9.226836e-02 2.185354e-16
    outer loop
      vertex   -3.011723e+01 -4.873653e+01 -5.490000e+00
      vertex   -3.003209e+01 -4.781778e+01 5.100000e-01
      vertex   -3.011723e+01 -4.873653e+01 5.100000e-01
    endloop
  endfacet
  facet normal 9.957342e-01 9.226836e-02 -2.185354e-16
    outer loop
      vertex   -3.011723e+01 -4.873653e+01 -5.490000e+00
      vertex   -3.011723e+01 -4.873653e+01 5.100000e-01
      vertex   -3.003209e+01 -4.965528e+01 -5.490000e+00
    endloop
  endfacet
  facet normal 9.957342e-01 9.226836e-02 -0.000000e+00
    outer loop
      vertex   -3.003209e+01 -4.965528e+01 -5.490000e+00
      vertex   -3.011723e+01 -4.873653e+01 5.100000e-01
      vertex   -3.003209e+01 -4.965528e+01 5.100000e-01
    endloop
  endfacet
  facet normal 9.618256e-01 2.736630e-01 -0.000000e+00
    outer loop
      vertex   -3.003209e+01 -4.965528e+01 -5.490000e+00
      vertex   -3.003209e+01 -4.965528e+01 5.100000e-01
      vertex   -2.977959e+01 -5.054274e+01 -5.490000e+00
    endloop
  endfacet
  facet normal 9.618256e-01 2.736630e-01 -0.000000e+00
    outer loop
      vertex   -2.977959e+01 -5.054274e+01 -5.490000e+00
      vertex   -3.003209e+01 -4.965528e+01 5.100000e-01
      vertex   -2.977959e+01 -5.054274e+01 5.100000e-01
    endloop
  endfacet
  facet normal 8.951633e-01 4.457384e-01 -0.000000e+00
    outer loop
      vertex   -2.977959e+01 -5.054274e+01 -5.490000e+00
      vertex   -2.977959e+01 -5.054274e+01 5.100000e-01
      vertex   -2.936831e+01 -5.136869e+01 -5.490000e+00
    endloop
  endfacet
  facet normal 8.951633e-01 4.457384e-01 -0.000000e+00
    outer loop
      vertex   -2.936831e+01 -5.136869e+01 -5.490000e+00
      vertex   -2.977959e+01 -5.054274e+01 5.100000e-01
      vertex   -2.936831e+01 -5.136869e+01 5.100000e-01
    endloop
  endfacet
  facet normal 7.980172e-01 6.026346e-01 -0.000000e+00
    outer loop
      vertex   -2.936831e+01 -5.136869e+01 -5.490000e+00
      vertex   -2.936831e+01 -5.136869e+01 5.100000e-01
      vertex   -2.881227e+01 -5.210501e+01 -5.490000e+00
    endloop
  endfacet
  facet normal 7.980172e-01 6.026346e-01 -0.000000e+00
    outer loop
      vertex   -2.881227e+01 -5.210501e+01 -5.490000e+00
      vertex   -2.936831e+01 -5.136869e+01 5.100000e-01
      vertex   -2.881227e+01 -5.210501e+01 5.100000e-01
    endloop
  endfacet
  facet normal 6.736956e-01 7.390089e-01 -0.000000e+00
    outer loop
      vertex   -2.881227e+01 -5.210501e+01 -5.490000e+00
      vertex   -2.881227e+01 -5.210501e+01 5.100000e-01
      vertex   -2.813040e+01 -5.272662e+01 -5.490000e+00
    endloop
  endfacet
  facet normal 6.736956e-01 7.390089e-01 -0.000000e+00
    outer loop
      vertex   -2.813040e+01 -5.272662e+01 -5.490000e+00
      vertex   -2.881227e+01 -5.210501e+01 5.100000e-01
      vertex   -2.813040e+01 -5.272662e+01 5.100000e-01
    endloop
  endfacet
  facet normal 5.264322e-01 8.502171e-01 -0.000000e+00
    outer loop
      vertex   -2.813040e+01 -5.272662e+01 -5.490000e+00
      vertex   -2.813040e+01 -5.272662e+01 5.100000e-01
      vertex   -2.734592e+01 -5.321235e+01 -5.490000e+00
    endloop
  endfacet
  facet normal 5.264322e-01 8.502171e-01 -0.000000e+00
    outer loop
      vertex   -2.734592e+01 -5.321235e+01 -5.490000e+00
      vertex   -2.813040e+01 -5.272662e+01 5.100000e-01
      vertex   -2.734592e+01 -5.321235e+01 5.100000e-01
    endloop
  endfacet
  facet normal 3.612417e-01 9.324722e-01 -0.000000e+00
    outer loop
      vertex   -2.734592e+01 -5.321235e+01 -5.490000e+00
      vertex   -2.734592e+01 -5.321235e+01 5.100000e-01
      vertex   -2.648554e+01 -5.354566e+01 -5.490000e+00
    endloop
  endfacet
  facet normal 3.612417e-01 9.324722e-01 -0.000000e+00
    outer loop
      vertex   -2.648554e+01 -5.354566e+01 -5.490000e+00
      vertex   -2.734592e+01 -5.321235e+01 5.100000e-01
      vertex   -2.648554e+01 -5.354566e+01 5.100000e-01
    endloop
  endfacet
  facet normal 1.837495e-01 9.829731e-01 -0.000000e+00
    outer loop
      vertex   -2.648554e+01 -5.354566e+01 -5.490000e+00
      vertex   -2.648554e+01 -5.354566e+01 5.100000e-01
      vertex   -2.557857e+01 -5.371520e+01 -5.490000e+00
    endloop
  endfacet
  facet normal 1.837495e-01 9.829731e-01 -0.000000e+00
    outer loop
      vertex   -2.557857e+01 -5.371520e+01 -5.490000e+00
      vertex   -2.648554e+01 -5.354566e+01 5.100000e-01
      vertex   -2.557857e+01 -5.371520e+01 5.100000e-01
    endloop
  endfacet
  facet normal 0.000000e+00 1.000000e+00 0.000000e+00
    outer loop
      vertex   -2.557857e+01 -5.371520e+01 -5.490000e+00
      vertex   -2.557857e+01 -5.371520e+01 5.100000e-01
      vertex   -2.465588e+01 -5.371520e+01 -5.490000e+00
    endloop
  endfacet
  facet normal 0.000000e+00 1.000000e+00 -0.000000e+00
    outer loop
      vertex   -2.465588e+01 -5.371520e+01 -5.490000e+00
      vertex   -2.557857e+01 -5.371520e+01 5.100000e-01
      vertex   -2.465588e+01 -5.371520e+01 5.100000e-01
    endloop
  endfacet
  facet normal -1.837495e-01 9.829731e-01 0.000000e+00
    outer loop
      vertex   -2.465588e+01 -5.371520e+01 -5.490000e+00
      vertex   -2.465588e+01 -5.371520e+01 5.100000e-01
      vertex   -2.374891e+01 -5.354566e+01 -5.490000e+00
    endloop
  endfacet
  facet normal -1.837495e-01 9.829731e-01 0.000000e+00
    outer loop
      vertex   -2.374891e+01 -5.354566e+01 -5.490000e+00
      vertex   -2.465588e+01 -5.371520e+01 5.100000e-01
      vertex   -2.374891e+01 -5.354566e+01 5.100000e-01
    endloop
  endfacet
  facet normal -3.612417e-01 9.324722e-01 0.000000e+00
    outer loop
      vertex   -2.374891e+01 -5.354566e+01 -5.490000e+00
      vertex   -2.374891e+01 -5.354566e+01 5.100000e-01
      vertex   -2.288853e+01 -5.321235e+01 -5.490000e+00
    endloop
  endfacet
  facet normal -3.612417e-01 9.324722e-01 0.000000e+00
    outer loop
      vertex   -2.288853e+01 -5.321235e+01 -5.490000e+00
      vertex   -2.374891e+01 -5.354566e+01 5.100000e-01
      vertex   -2.288853e+01 -5.321235e+01 5.100000e-01
    endloop
  endfacet
  facet normal -5.264322e-01 8.502171e-01 0.000000e+00
    outer loop
      vertex   -2.288853e+01 -5.321235e+01 -5.490000e+00
      vertex   -2.288853e+01 -5.321235e+01 5.100000e-01
      vertex   -2.210405e+01 -5.272662e+01 -5.490000e+00
    endloop
  endfacet
  facet normal -5.264322e-01 8.502171e-01 0.000000e+00
    outer loop
      vertex   -2.210405e+01 -5.272662e+01 -5.490000e+00
      vertex   -2.288853e+01 -5.321235e+01 5.100000e-01
      vertex   -2.210405e+01 -5.272662e+01 5.100000e-01
    endloop
  endfacet
  facet normal -6.736956e-01 7.390089e-01 0.000000e+00
    outer loop
      vertex   -2.210405e+01 -5.272662e+01 -5.490000e+00
      vertex   -2.210405e+01 -5.272662e+01 5.100000e-01
      vertex   -2.142218e+01 -5.210501e+01 -5.490000e+00
    endloop
  endfacet
  facet normal -6.736956e-01 7.390089e-01 0.000000e+00
    outer loop
      vertex   -2.142218e+01 -5.210501e+01 -5.490000e+00
      vertex   -2.210405e+01 -5.272662e+01 5.100000e-01
      vertex   -2.142218e+01 -5.210501e+01 5.100000e-01
    endloop
  endfacet
  facet normal -7.980172e-01 6.026346e-01 0.000000e+00
    outer loop
      vertex   -2.142218e+01 -5.210501e+01 -5.490000e+00
      vertex   -2.142218e+01 -5.210501e+01 5.100000e-01
      vertex   -2.086614e+01 -5.136869e+01 -5.490000e+00
    endloop
  endfacet
  facet normal -7.980172e-01 6.026346e-01 0.000000e+00
    outer loop
      vertex   -2.086614e+01 -5.136869e+01 -5.490000e+00
      vertex   -2.142218e+01 -5.210501e+01 5.100000e-01
      vertex   -2.086614e+01 -5.136869e+01 5.100000e-01
    endloop
  endfacet
  facet normal -8.951633e-01 4.457384e-01 0.000000e+00
    outer loop
      vertex   -2.086614e+01 -5.136869e+01 -5.490000e+00
      vertex   -2.086614e+01 -5.136869e+01 5.100000e-01
      vertex   -2.045486e+01 -5.054274e+01 -5.490000e+00
    endloop
  endfacet
  facet normal -8.951633e-01 4.457384e-01 0.000000e+00
    outer loop
      vertex   -2.045486e+01 -5.054274e+01 -5.490000e+00
      vertex   -2.086614e+01 -5.136869e+01 5.100000e-01
      vertex   -2.045486e+01 -5.054274e+01 5.100000e-01
    endloop
  endfacet
  facet normal -9.618256e-01 2.736630e-01 0.000000e+00
    outer loop
      vertex   -2.045486e+01 -5.054274e+01 -5.490000e+00
      vertex   -2.045486e+01 -5.054274e+01 5.100000e-01
      vertex   -2.020236e+01 -4.965528e+01 -5.490000e+00
    endloop
  endfacet
  facet normal -9.618256e-01 2.736630e-01 0.000000e+00
    outer loop
      vertex   -2.020236e+01 -4.965528e+01 -5.490000e+00
      vertex   -2.045486e+01 -5.054274e+01 5.100000e-01
      vertex   -2.020236e+01 -4.965528e+01 5.100000e-01
    endloop
  endfacet
  facet normal -9.957342e-01 9.226836e-02 0.000000e+00
    outer loop
      vertex   -2.020236e+01 -4.965528e+01 -5.490000e+00
      vertex   -2.020236e+01 -4.965528e+01 5.100000e-01
      vertex   -2.011723e+01 -4.873653e+01 -5.490000e+00
    endloop
  endfacet
  facet normal -9.957342e-01 9.226836e-02 0.000000e+00
    outer loop
      vertex   -2.011723e+01 -4.873653e+01 -5.490000e+00
      vertex   -2.020236e+01 -4.965528e+01 5.100000e-01
      vertex   -2.011723e+01 -4.873653e+01 5.100000e-01
    endloop
  endfacet
  facet normal -9.957342e-01 -9.226836e-02 0.000000e+00
    outer loop
      vertex   -2.011723e+01 -4.873653e+01 -5.490000e+00
      vertex   -2.011723e+01 -4.873653e+01 5.100000e-01
      vertex   -2.020236e+01 -4.781778e+01 -5.490000e+00
    endloop
  endfacet
  facet normal -9.957342e-01 -9.226836e-02 0.000000e+00
    outer loop
      vertex   -2.020236e+01 -4.781778e+01 -5.490000e+00
      vertex   -2.011723e+01 -4.873653e+01 5.100000e-01
      vertex   -2.020236e+01 -4.781778e+01 5.100000e-01
    endloop
  endfacet
  facet normal -9.618256e-01 -2.736630e-01 0.000000e+00
    outer loop
      vertex   -2.020236e+01 -4.781778e+01 -5.490000e+00
      vertex   -2.020236e+01 -4.781778e+01 5.100000e-01
      vertex   -2.045486e+01 -4.693032e+01 -5.490000e+00
    endloop
  endfacet
  facet normal -9.618256e-01 -2.736630e-01 0.000000e+00
    outer loop
      vertex   -2.045486e+01 -4.693032e+01 -5.490000e+00
      vertex   -2.020236e+01 -4.781778e+01 5.100000e-01
      vertex   -2.045486e+01 -4.693032e+01 5.100000e-01
    endloop
  endfacet
  facet normal -8.951633e-01 -4.457384e-01 0.000000e+00
    outer loop
      vertex   -2.045486e+01 -4.693032e+01 -5.490000e+00
      vertex   -2.045486e+01 -4.693032e+01 5.100000e-01
      vertex   -2.086614e+01 -4.610437e+01 -5.490000e+00
    endloop
  endfacet
  facet normal -8.951633e-01 -4.457384e-01 0.000000e+00
    outer loop
      vertex   -2.086614e+01 -4.610437e+01 -5.490000e+00
      vertex   -2.045486e+01 -4.693032e+01 5.100000e-01
      vertex   -2.086614e+01 -4.610437e+01 5.100000e-01
    endloop
  endfacet
  facet normal -7.980172e-01 -6.026346e-01 0.000000e+00
    outer loop
      vertex   -2.086614e+01 -4.610437e+01 -5.490000e+00
      vertex   -2.086614e+01 -4.610437e+01 5.100000e-01
      vertex   -2.142218e+01 -4.536805e+01 -5.490000e+00
    endloop
  endfacet
  facet normal -7.980172e-01 -6.026346e-01 4.725211e-16
    outer loop
      vertex   -2.142218e+01 -4.536805e+01 -5.490000e+00
      vertex   -2.086614e+01 -4.610437e+01 5.100000e-01
      vertex   -2.142218e+01 -4.536805e+01 5.100000e-01
    endloop
  endfacet
  facet normal -6.736956e-01 -7.390089e-01 3.989080e-16
    outer loop
      vertex   -2.142218e+01 -4.536805e+01 -5.490000e+00
      vertex   -2.142218e+01 -4.536805e+01 5.100000e-01
      vertex   -2.210405e+01 -4.474645e+01 -5.490000e+00
    endloop
  endfacet
  facet normal -6.736956e-01 -7.390089e-01 1.750325e-15
    outer loop
      vertex   -2.210405e+01 -4.474645e+01 -5.490000e+00
      vertex   -2.142218e+01 -4.536805e+01 5.100000e-01
      vertex   -2.210405e+01 -4.474645e+01 5.100000e-01
    endloop
  endfacet
  facet normal -5.264322e-01 -8.502171e-01 2.013719e-15
    outer loop
      vertex   -2.210405e+01 -4.474645e+01 -5.490000e+00
      vertex   -2.210405e+01 -4.474645e+01 5.100000e-01
      vertex   -2.288853e+01 -4.426072e+01 -5.490000e+00
    endloop
  endfacet
  facet normal -5.264322e-01 -8.502171e-01 3.117105e-16
    outer loop
      vertex   -2.288853e+01 -4.426072e+01 -5.490000e+00
      vertex   -2.210405e+01 -4.474645e+01 5.100000e-01
      vertex   -2.288853e+01 -4.426072e+01 5.100000e-01
    endloop
  endfacet
  facet normal -3.612417e-01 -9.324722e-01 2.138980e-16
    outer loop
      vertex   -2.288853e+01 -4.426072e+01 -5.490000e+00
      vertex   -2.288853e+01 -4.426072e+01 5.100000e-01
      vertex   -2.374891e+01 -4.392740e+01 -5.490000e+00
    endloop
  endfacet
  facet normal -3.612417e-01 -9.324722e-01 0.000000e+00
    outer loop
      vertex   -2.374891e+01 -4.392740e+01 -5.490000e+00
      vertex   -2.288853e+01 -4.426072e+01 5.100000e-01
      vertex   -2.374891e+01 -4.392740e+01 5.100000e-01
    endloop
  endfacet
  facet normal -1.837495e-01 -9.829731e-01 0.000000e+00
    outer loop
      vertex   -2.374891e+01 -4.392740e+01 -5.490000e+00
      vertex   -2.374891e+01 -4.392740e+01 5.100000e-01
      vertex   -2.465588e+01 -4.375786e+01 -5.490000e+00
    endloop
  endfacet
  facet normal -1.837495e-01 -9.829731e-01 0.000000e+00
    outer loop
      vertex   -2.465588e+01 -4.375786e+01 -5.490000e+00
      vertex   -2.374891e+01 -4.392740e+01 5.100000e-01
      vertex   -2.465588e+01 -4.375786e+01 5.100000e-01
    endloop
  endfacet
  facet normal 0.000000e+00 -1.000000e+00 0.000000e+00
    outer loop
      vertex   -2.465588e+01 -4.375786e+01 -5.490000e+00
      vertex   -2.465588e+01 -4.375786e+01 5.100000e-01
      vertex   -2.557857e+01 -4.375786e+01 -5.490000e+00
    endloop
  endfacet
  facet normal 0.000000e+00 -1.000000e+00 0.000000e+00
    outer loop
      vertex   -2.557857e+01 -4.375786e+01 -5.490000e+00
      vertex   -2.465588e+01 -4.375786e+01 5.100000e-01
      vertex   -2.557857e+01 -4.375786e+01 5.100000e-01
    endloop
  endfacet
  facet normal 1.837495e-01 -9.829731e-01 0.000000e+00
    outer loop
      vertex   -2.557857e+01 -4.375786e+01 -5.490000e+00
      vertex   -2.557857e+01 -4.375786e+01 5.100000e-01
      vertex   -2.648554e+01 -4.392740e+01 -5.490000e+00
    endloop
  endfacet
  facet normal 1.837495e-01 -9.829731e-01 0.000000e+00
    outer loop
      vertex   -2.648554e+01 -4.392740e+01 -5.490000e+00
      vertex   -2.557857e+01 -4.375786e+01 5.100000e-01
      vertex   -2.648554e+01 -4.392740e+01 5.100000e-01
    endloop
  endfacet
  facet normal 3.612417e-01 -9.324722e-01 0.000000e+00
    outer loop
      vertex   -2.648554e+01 -4.392740e+01 -5.490000e+00
      vertex   -2.648554e+01 -4.392740e+01 5.100000e-01
      vertex   -2.734592e+01 -4.426072e+01 -5.490000e+00
    endloop
  endfacet
  facet normal 3.612417e-01 -9.324722e-01 0.000000e+00
    outer loop
      vertex   -2.734592e+01 -4.426072e+01 -5.490000e+00
      vertex   -2.648554e+01 -4.392740e+01 5.100000e-01
      vertex   -2.734592e+01 -4.426072e+01 5.100000e-01
    endloop
  endfacet
  facet normal 5.264322e-01 -8.502171e-01 0.000000e+00
    outer loop
      vertex   -2.734592e+01 -4.426072e+01 -5.490000e+00
      vertex   -2.734592e+01 -4.426072e+01 5.100000e-01
      vertex   -2.813040e+01 -4.474645e+01 -5.490000e+00
    endloop
  endfacet
  facet normal 5.264322e-01 -8.502171e-01 3.117105e-16
    outer loop
      vertex   -2.813040e+01 -4.474645e+01 -5.490000e+00
      vertex   -2.734592e+01 -4.426072e+01 5.100000e-01
      vertex   -2.813040e+01 -4.474645e+01 5.100000e-01
    endloop
  endfacet
  facet normal 6.736956e-01 -7.390089e-01 3.989080e-16
    outer loop
      vertex   -2.813040e+01 -4.474645e+01 -5.490000e+00
      vertex   -2.813040e+01 -4.474645e+01 5.100000e-01
      vertex   -2.881227e+01 -4.536805e+01 -5.490000e+00
    endloop
  endfacet
  facet normal 6.736956e-01 -7.390089e-01 -3.989080e-16
    outer loop
      vertex   -2.881227e+01 -4.536805e+01 -5.490000e+00
      vertex   -2.813040e+01 -4.474645e+01 5.100000e-01
      vertex   -2.881227e+01 -4.536805e+01 5.100000e-01
    endloop
  endfacet
  facet normal 7.980172e-01 -6.026346e-01 -4.725211e-16
    outer loop
      vertex   -2.881227e+01 -4.536805e+01 -5.490000e+00
      vertex   -2.881227e+01 -4.536805e+01 5.100000e-01
      vertex   -2.936831e+01 -4.610437e+01 -5.490000e+00
    endloop
  endfacet
  facet normal 7.980172e-01 -6.026346e-01 0.000000e+00
    outer loop
      vertex   -2.936831e+01 -4.610437e+01 -5.490000e+00
      vertex   -2.881227e+01 -4.536805e+01 5.100000e-01
      vertex   -2.936831e+01 -4.610437e+01 5.100000e-01
    endloop
  endfacet
  facet normal 8.951633e-01 -4.457384e-01 0.000000e+00
    outer loop
      vertex   -2.936831e+01 -4.610437e+01 -5.490000e+00
      vertex   -2.936831e+01 -4.610437e+01 5.100000e-01
      vertex   -2.977959e+01 -4.693032e+01 -5.490000e+00
    endloop
  endfacet
  facet normal 8.951633e-01 -4.457384e-01 0.000000e+00
    outer loop
      vertex   -2.977959e+01 -4.693032e+01 -5.490000e+00
      vertex   -2.936831e+01 -4.610437e+01 5.100000e-01
      vertex   -2.977959e+01 -4.693032e+01 5.100000e-01
    endloop
  endfacet
  facet normal 9.618256e-01 -2.736630e-01 0.000000e+00
    outer loop
      vertex   -2.977959e+01 -4.693032e+01 -5.490000e+00
      vertex   -2.977959e+01 -4.693032e+01 5.100000e-01
      vertex   -3.003209e+01 -4.781778e+01 -5.490000e+00
    endloop
  endfacet
  facet normal 9.618256e-01 -2.736630e-01 0.000000e+00
    outer loop
      vertex   -3.003209e+01 -4.781778e+01 -5.490000e+00
      vertex   -2.977959e+01 -4.693032e+01 5.100000e-01
      vertex   -3.003209e+01 -4.781778e+01 5.100000e-01
    endloop
  endfacet
  facet normal 9.957342e-01 -9.226836e-02 0.000000e+00
    outer loop
      vertex   2.007725e+01 -4.745677e+01 -5.490000e+00
      vertex   2.007725e+01 -4.745677e+01 5.100000e-01
      vertex   1.999212e+01 -4.837552e+01 -5.490000e+00
    endloop
  endfacet
  facet normal 9.957342e-01 -9.226836e-02 2.185354e-16
    outer loop
      vertex   1.999212e+01 -4.837552e+01 -5.490000e+00
      vertex   2.007725e+01 -4.745677e+01 5.100000e-01
      vertex   1.999212e+01 -4.837552e+01 5.100000e-01
    endloop
  endfacet
  facet normal 9.957342e-01 9.226836e-02 -2.185354e-16
    outer loop
      vertex   1.999212e+01 -4.837552e+01 -5.490000e+00
      vertex   1.999212e+01 -4.837552e+01 5.100000e-01
      vertex   2.007725e+01 -4.929427e+01 -5.490000e+00
    endloop
  endfacet
  facet normal 9.957342e-01 9.226836e-02 -0.000000e+00
    outer loop
      vertex   2.007725e+01 -4.929427e+01 -5.490000e+00
      vertex   1.999212e+01 -4.837552e+01 5.100000e-01
      vertex   2.007725e+01 -4.929427e+01 5.100000e-01
    endloop
  endfacet
  facet normal 9.618256e-01 2.736630e-01 -0.000000e+00
    outer loop
      vertex   2.007725e+01 -4.929427e+01 -5.490000e+00
      vertex   2.007725e+01 -4.929427e+01 5.100000e-01
      vertex   2.032975e+01 -5.018173e+01 -5.490000e+00
    endloop
  endfacet
  facet normal 9.618256e-01 2.736630e-01 -0.000000e+00
    outer loop
      vertex   2.032975e+01 -5.018173e+01 -5.490000e+00
      vertex   2.007725e+01 -4.929427e+01 5.100000e-01
      vertex   2.032975e+01 -5.018173e+01 5.100000e-01
    endloop
  endfacet
  facet normal 8.951633e-01 4.457384e-01 -0.000000e+00
    outer loop
      vertex   2.032975e+01 -5.018173e+01 -5.490000e+00
      vertex   2.032975e+01 -5.018173e+01 5.100000e-01
      vertex   2.074103e+01 -5.100768e+01 -5.490000e+00
    endloop
  endfacet
  facet normal 8.951633e-01 4.457384e-01 -0.000000e+00
    outer loop
      vertex   2.074103e+01 -5.100768e+01 -5.490000e+00
      vertex   2.032975e+01 -5.018173e+01 5.100000e-01
      vertex   2.074103e+01 -5.100768e+01 5.100000e-01
    endloop
  endfacet
  facet normal 7.980172e-01 6.026346e-01 -0.000000e+00
    outer loop
      vertex   2.074103e+01 -5.100768e+01 -5.490000e+00
      vertex   2.074103e+01 -5.100768e+01 5.100000e-01
      vertex   2.129707e+01 -5.174400e+01 -5.490000e+00
    endloop
  endfacet
  facet normal 7.980172e-01 6.026346e-01 -0.000000e+00
    outer loop
      vertex   2.129707e+01 -5.174400e+01 -5.490000e+00
      vertex   2.074103e+01 -5.100768e+01 5.100000e-01
      vertex   2.129707e+01 -5.174400e+01 5.100000e-01
    endloop
  endfacet
  facet normal 6.736956e-01 7.390089e-01 -0.000000e+00
    outer loop
      vertex   2.129707e+01 -5.174400e+01 -5.490000e+00
      vertex   2.129707e+01 -5.174400e+01 5.100000e-01
      vertex   2.197894e+01 -5.236561e+01 -5.490000e+00
    endloop
  endfacet
  facet normal 6.736956e-01 7.390089e-01 -0.000000e+00
    outer loop
      vertex   2.197894e+01 -5.236561e+01 -5.490000e+00
      vertex   2.129707e+01 -5.174400e+01 5.100000e-01
      vertex   2.197894e+01 -5.236561e+01 5.100000e-01
    endloop
  endfacet
  facet normal 5.264322e-01 8.502171e-01 -0.000000e+00
    outer loop
      vertex   2.197894e+01 -5.236561e+01 -5.490000e+00
      vertex   2.197894e+01 -5.236561e+01 5.100000e-01
      vertex   2.276342e+01 -5.285134e+01 -5.490000e+00
    endloop
  endfacet
  facet normal 5.264322e-01 8.502171e-01 -0.000000e+00
    outer loop
      vertex   2.276342e+01 -5.285134e+01 -5.490000e+00
      vertex   2.197894e+01 -5.236561e+01 5.100000e-01
      vertex   2.276342e+01 -5.285134e+01 5.100000e-01
    endloop
  endfacet
  facet normal 3.612417e-01 9.324722e-01 -0.000000e+00
    outer loop
      vertex   2.276342e+01 -5.285134e+01 -5.490000e+00
      vertex   2.276342e+01 -5.285134e+01 5.100000e-01
      vertex   2.362380e+01 -5.318465e+01 -5.490000e+00
    endloop
  endfacet
  facet normal 3.612417e-01 9.324722e-01 -0.000000e+00
    outer loop
      vertex   2.362380e+01 -5.318465e+01 -5.490000e+00
      vertex   2.276342e+01 -5.285134e+01 5.100000e-01
      vertex   2.362380e+01 -5.318465e+01 5.100000e-01
    endloop
  endfacet
  facet normal 1.837495e-01 9.829731e-01 -0.000000e+00
    outer loop
      vertex   2.362380e+01 -5.318465e+01 -5.490000e+00
      vertex   2.362380e+01 -5.318465e+01 5.100000e-01
      vertex   2.453077e+01 -5.335419e+01 -5.490000e+00
    endloop
  endfacet
  facet normal 1.837495e-01 9.829731e-01 -0.000000e+00
    outer loop
      vertex   2.453077e+01 -5.335419e+01 -5.490000e+00
      vertex   2.362380e+01 -5.318465e+01 5.100000e-01
      vertex   2.453077e+01 -5.335419e+01 5.100000e-01
    endloop
  endfacet
  facet normal 0.000000e+00 1.000000e+00 0.000000e+00
    outer loop
      vertex   2.453077e+01 -5.335419e+01 -5.490000e+00
      vertex   2.453077e+01 -5.335419e+01 5.100000e-01
      vertex   2.545346e+01 -5.335419e+01 -5.490000e+00
    endloop
  endfacet
  facet normal 0.000000e+00 1.000000e+00 -0.000000e+00
    outer loop
      vertex   2.545346e+01 -5.335419e+01 -5.490000e+00
      vertex   2.453077e+01 -5.335419e+01 5.100000e-01
      vertex   2.545346e+01 -5.335419e+01 5.100000e-01
    endloop
  endfacet
  facet normal -1.837495e-01 9.829731e-01 0.000000e+00
    outer loop
      vertex   2.545346e+01 -5.335419e+01 -5.490000e+00
      vertex   2.545346e+01 -5.335419e+01 5.100000e-01
      vertex   2.636043e+01 -5.318465e+01 -5.490000e+00
    endloop
  endfacet
  facet normal -1.837495e-01 9.829731e-01 0.000000e+00
    outer loop
      vertex   2.636043e+01 -5.318465e+01 -5.490000e+00
      vertex   2.545346e+01 -5.335419e+01 5.100000e-01
      vertex   2.636043e+01 -5.318465e+01 5.100000e-01
    endloop
  endfacet
  facet normal -3.612417e-01 9.324722e-01 0.000000e+00
    outer loop
      vertex   2.636043e+01 -5.318465e+01 -5.490000e+00
      vertex   2.636043e+01 -5.318465e+01 5.100000e-01
      vertex   2.722081e+01 -5.285134e+01 -5.490000e+00
    endloop
  endfacet
  facet normal -3.612417e-01 9.324722e-01 0.000000e+00
    outer loop
      vertex   2.722081e+01 -5.285134e+01 -5.490000e+00
      vertex   2.636043e+01 -5.318465e+01 5.100000e-01
      vertex   2.722081e+01 -5.285134e+01 5.100000e-01
    endloop
  endfacet
  facet normal -5.264322e-01 8.502171e-01 0.000000e+00
    outer loop
      vertex   2.722081e+01 -5.285134e+01 -5.490000e+00
      vertex   2.722081e+01 -5.285134e+01 5.100000e-01
      vertex   2.800529e+01 -5.236561e+01 -5.490000e+00
    endloop
  endfacet
  facet normal -5.264322e-01 8.502171e-01 0.000000e+00
    outer loop
      vertex   2.800529e+01 -5.236561e+01 -5.490000e+00
      vertex   2.722081e+01 -5.285134e+01 5.100000e-01
      vertex   2.800529e+01 -5.236561e+01 5.100000e-01
    endloop
  endfacet
  facet normal -6.736956e-01 7.390089e-01 0.000000e+00
    outer loop
      vertex   2.800529e+01 -5.236561e+01 -5.490000e+00
      vertex   2.800529e+01 -5.236561e+01 5.100000e-01
      vertex   2.868716e+01 -5.174400e+01 -5.490000e+00
    endloop
  endfacet
  facet normal -6.736956e-01 7.390089e-01 0.000000e+00
    outer loop
      vertex   2.868716e+01 -5.174400e+01 -5.490000e+00
      vertex   2.800529e+01 -5.236561e+01 5.100000e-01
      vertex   2.868716e+01 -5.174400e+01 5.100000e-01
    endloop
  endfacet
  facet normal -7.980172e-01 6.026346e-01 0.000000e+00
    outer loop
      vertex   2.868716e+01 -5.174400e+01 -5.490000e+00
      vertex   2.868716e+01 -5.174400e+01 5.100000e-01
      vertex   2.924320e+01 -5.100768e+01 -5.490000e+00
    endloop
  endfacet
  facet normal -7.980172e-01 6.026346e-01 0.000000e+00
    outer loop
      vertex   2.924320e+01 -5.100768e+01 -5.490000e+00
      vertex   2.868716e+01 -5.174400e+01 5.100000e-01
      vertex   2.924320e+01 -5.100768e+01 5.100000e-01
    endloop
  endfacet
  facet normal -8.951633e-01 4.457384e-01 0.000000e+00
    outer loop
      vertex   2.924320e+01 -5.100768e+01 -5.490000e+00
      vertex   2.924320e+01 -5.100768e+01 5.100000e-01
      vertex   2.965448e+01 -5.018173e+01 -5.490000e+00
    endloop
  endfacet
  facet normal -8.951633e-01 4.457384e-01 0.000000e+00
    outer loop
      vertex   2.965448e+01 -5.018173e+01 -5.490000e+00
      vertex   2.924320e+01 -5.100768e+01 5.100000e-01
      vertex   2.965448e+01 -5.018173e+01 5.100000e-01
    endloop
  endfacet
  facet normal -9.618256e-01 2.736630e-01 0.000000e+00
    outer loop
      vertex   2.965448e+01 -5.018173e+01 -5.490000e+00
      vertex   2.965448e+01 -5.018173e+01 5.100000e-01
      vertex   2.990698e+01 -4.929427e+01 -5.490000e+00
    endloop
  endfacet
  facet normal -9.618256e-01 2.736630e-01 0.000000e+00
    outer loop
      vertex   2.990698e+01 -4.929427e+01 -5.490000e+00
      vertex   2.965448e+01 -5.018173e+01 5.100000e-01
      vertex   2.990698e+01 -4.929427e+01 5.100000e-01
    endloop
  endfacet
  facet normal -9.957342e-01 9.226836e-02 0.000000e+00
    outer loop
      vertex   2.990698e+01 -4.929427e+01 -5.490000e+00
      vertex   2.990698e+01 -4.929427e+01 5.100000e-01
      vertex   2.999212e+01 -4.837552e+01 -5.490000e+00
    endloop
  endfacet
  facet normal -9.957342e-01 9.226836e-02 0.000000e+00
    outer loop
      vertex   2.999212e+01 -4.837552e+01 -5.490000e+00
      vertex   2.990698e+01 -4.929427e+01 5.100000e-01
      vertex   2.999212e+01 -4.837552e+01 5.100000e-01
    endloop
  endfacet
  facet normal -9.957342e-01 -9.226836e-02 0.000000e+00
    outer loop
      vertex   2.999212e+01 -4.837552e+01 -5.490000e+00
      vertex   2.999212e+01 -4.837552e+01 5.100000e-01
      vertex   2.990698e+01 -4.745677e+01 -5.490000e+00
    endloop
  endfacet
  facet normal -9.957342e-01 -9.226836e-02 0.000000e+00
    outer loop
      vertex   2.990698e+01 -4.745677e+01 -5.490000e+00
      vertex   2.999212e+01 -4.837552e+01 5.100000e-01
      vertex   2.990698e+01 -4.745677e+01 5.100000e-01
    endloop
  endfacet
  facet normal -9.618256e-01 -2.736630e-01 0.000000e+00
    outer loop
      vertex   2.990698e+01 -4.745677e+01 -5.490000e+00
      vertex   2.990698e+01 -4.745677e+01 5.100000e-01
      vertex   2.965448e+01 -4.656931e+01 -5.490000e+00
    endloop
  endfacet
  facet normal -9.618256e-01 -2.736630e-01 0.000000e+00
    outer loop
      vertex   2.965448e+01 -4.656931e+01 -5.490000e+00
      vertex   2.990698e+01 -4.745677e+01 5.100000e-01
      vertex   2.965448e+01 -4.656931e+01 5.100000e-01
    endloop
  endfacet
  facet normal -8.951633e-01 -4.457384e-01 0.000000e+00
    outer loop
      vertex   2.965448e+01 -4.656931e+01 -5.490000e+00
      vertex   2.965448e+01 -4.656931e+01 5.100000e-01
      vertex   2.924320e+01 -4.574336e+01 -5.490000e+00
    endloop
  endfacet
  facet normal -8.951633e-01 -4.457384e-01 0.000000e+00
    outer loop
      vertex   2.924320e+01 -4.574336e+01 -5.490000e+00
      vertex   2.965448e+01 -4.656931e+01 5.100000e-01
      vertex   2.924320e+01 -4.574336e+01 5.100000e-01
    endloop
  endfacet
  facet normal -7.980172e-01 -6.026346e-01 0.000000e+00
    outer loop
      vertex   2.924320e+01 -4.574336e+01 -5.490000e+00
      vertex   2.924320e+01 -4.574336e+01 5.100000e-01
      vertex   2.868716e+01 -4.500704e+01 -5.490000e+00
    endloop
  endfacet
  facet normal -7.980172e-01 -6.026346e-01 4.725211e-16
    outer loop
      vertex   2.868716e+01 -4.500704e+01 -5.490000e+00
      vertex   2.924320e+01 -4.574336e+01 5.100000e-01
      vertex   2.868716e+01 -4.500704e+01 5.100000e-01
    endloop
  endfacet
  facet normal -6.736956e-01 -7.390089e-01 3.989080e-16
    outer loop
      vertex   2.868716e+01 -4.500704e+01 -5.490000e+00
      vertex   2.868716e+01 -4.500704e+01 5.100000e-01
      vertex   2.800529e+01 -4.438543e+01 -5.490000e+00
    endloop
  endfacet
  facet normal -6.736956e-01 -7.390089e-01 1.750325e-15
    outer loop
      vertex   2.800529e+01 -4.438543e+01 -5.490000e+00
      vertex   2.868716e+01 -4.500704e+01 5.100000e-01
      vertex   2.800529e+01 -4.438543e+01 5.100000e-01
    endloop
  endfacet
  facet normal -5.264322e-01 -8.502171e-01 2.013719e-15
    outer loop
      vertex   2.800529e+01 -4.438543e+01 -5.490000e+00
      vertex   2.800529e+01 -4.438543e+01 5.100000e-01
      vertex   2.722081e+01 -4.389970e+01 -5.490000e+00
    endloop
  endfacet
  facet normal -5.264322e-01 -8.502171e-01 6.234209e-16
    outer loop
      vertex   2.722081e+01 -4.389970e+01 -5.490000e+00
      vertex   2.800529e+01 -4.438543e+01 5.100000e-01
      vertex   2.722081e+01 -4.389970e+01 5.100000e-01
    endloop
  endfacet
  facet normal -3.612417e-01 -9.324722e-01 4.277961e-16
    outer loop
      vertex   2.722081e+01 -4.389970e+01 -5.490000e+00
      vertex   2.722081e+01 -4.389970e+01 5.100000e-01
      vertex   2.636043e+01 -4.356639e+01 -5.490000e+00
    endloop
  endfacet
  facet normal -3.612417e-01 -9.324722e-01 0.000000e+00
    outer loop
      vertex   2.636043e+01 -4.356639e+01 -5.490000e+00
      vertex   2.722081e+01 -4.389970e+01 5.100000e-01
      vertex   2.636043e+01 -4.356639e+01 5.100000e-01
    endloop
  endfacet
  facet normal -1.837495e-01 -9.829731e-01 0.000000e+00
    outer loop
      vertex   2.636043e+01 -4.356639e+01 -5.490000e+00
      vertex   2.636043e+01 -4.356639e+01 5.100000e-01
      vertex   2.545346e+01 -4.339685e+01 -5.490000e+00
    endloop
  endfacet
  facet normal -1.837495e-01 -9.829731e-01 0.000000e+00
    outer loop
      vertex   2.545346e+01 -4.339685e+01 -5.490000e+00
      vertex   2.636043e+01 -4.356639e+01 5.100000e-01
      vertex   2.545346e+01 -4.339685e+01 5.100000e-01
    endloop
  endfacet
  facet normal 0.000000e+00 -1.000000e+00 0.000000e+00
    outer loop
      vertex   2.545346e+01 -4.339685e+01 -5.490000e+00
      vertex   2.545346e+01 -4.339685e+01 5.100000e-01
      vertex   2.453077e+01 -4.339685e+01 -5.490000e+00
    endloop
  endfacet
  facet normal 0.000000e+00 -1.000000e+00 0.000000e+00
    outer loop
      vertex   2.453077e+01 -4.339685e+01 -5.490000e+00
      vertex   2.545346e+01 -4.339685e+01 5.100000e-01
      vertex   2.453077e+01 -4.339685e+01 5.100000e-01
    endloop
  endfacet
  facet normal 1.837495e-01 -9.829731e-01 0.000000e+00
    outer loop
      vertex   2.453077e+01 -4.339685e+01 -5.490000e+00
      vertex   2.453077e+01 -4.339685e+01 5.100000e-01
      vertex   2.362380e+01 -4.356639e+01 -5.490000e+00
    endloop
  endfacet
  facet normal 1.837495e-01 -9.829731e-01 0.000000e+00
    outer loop
      vertex   2.362380e+01 -4.356639e+01 -5.490000e+00
      vertex   2.453077e+01 -4.339685e+01 5.100000e-01
      vertex   2.362380e+01 -4.356639e+01 5.100000e-01
    endloop
  endfacet
  facet normal 3.612417e-01 -9.324722e-01 0.000000e+00
    outer loop
      vertex   2.362380e+01 -4.356639e+01 -5.490000e+00
      vertex   2.362380e+01 -4.356639e+01 5.100000e-01
      vertex   2.276342e+01 -4.389970e+01 -5.490000e+00
    endloop
  endfacet
  facet normal 3.612417e-01 -9.324722e-01 0.000000e+00
    outer loop
      vertex   2.276342e+01 -4.389970e+01 -5.490000e+00
      vertex   2.362380e+01 -4.356639e+01 5.100000e-01
      vertex   2.276342e+01 -4.389970e+01 5.100000e-01
    endloop
  endfacet
  facet normal 5.264322e-01 -8.502171e-01 0.000000e+00
    outer loop
      vertex   2.276342e+01 -4.389970e+01 -5.490000e+00
      vertex   2.276342e+01 -4.389970e+01 5.100000e-01
      vertex   2.197894e+01 -4.438543e+01 -5.490000e+00
    endloop
  endfacet
  facet normal 5.264322e-01 -8.502171e-01 3.117105e-16
    outer loop
      vertex   2.197894e+01 -4.438543e+01 -5.490000e+00
      vertex   2.276342e+01 -4.389970e+01 5.100000e-01
      vertex   2.197894e+01 -4.438543e+01 5.100000e-01
    endloop
  endfacet
  facet normal 6.736956e-01 -7.390089e-01 3.989080e-16
    outer loop
      vertex   2.197894e+01 -4.438543e+01 -5.490000e+00
      vertex   2.197894e+01 -4.438543e+01 5.100000e-01
      vertex   2.129707e+01 -4.500704e+01 -5.490000e+00
    endloop
  endfacet
  facet normal 6.736956e-01 -7.390089e-01 -7.978159e-16
    outer loop
      vertex   2.129707e+01 -4.500704e+01 -5.490000e+00
      vertex   2.197894e+01 -4.438543e+01 5.100000e-01
      vertex   2.129707e+01 -4.500704e+01 5.100000e-01
    endloop
  endfacet
  facet normal 7.980172e-01 -6.026346e-01 -9.450422e-16
    outer loop
      vertex   2.129707e+01 -4.500704e+01 -5.490000e+00
      vertex   2.129707e+01 -4.500704e+01 5.100000e-01
      vertex   2.074103e+01 -4.574336e+01 -5.490000e+00
    endloop
  endfacet
  facet normal 7.980172e-01 -6.026346e-01 0.000000e+00
    outer loop
      vertex   2.074103e+01 -4.574336e+01 -5.490000e+00
      vertex   2.129707e+01 -4.500704e+01 5.100000e-01
      vertex   2.074103e+01 -4.574336e+01 5.100000e-01
    endloop
  endfacet
  facet normal 8.951633e-01 -4.457384e-01 0.000000e+00
    outer loop
      vertex   2.074103e+01 -4.574336e+01 -5.490000e+00
      vertex   2.074103e+01 -4.574336e+01 5.100000e-01
      vertex   2.032975e+01 -4.656931e+01 -5.490000e+00
    endloop
  endfacet
  facet normal 8.951633e-01 -4.457384e-01 0.000000e+00
    outer loop
      vertex   2.032975e+01 -4.656931e+01 -5.490000e+00
      vertex   2.074103e+01 -4.574336e+01 5.100000e-01
      vertex   2.032975e+01 -4.656931e+01 5.100000e-01
    endloop
  endfacet
  facet normal 9.618256e-01 -2.736630e-01 0.000000e+00
    outer loop
      vertex   2.032975e+01 -4.656931e+01 -5.490000e+00
      vertex   2.032975e+01 -4.656931e+01 5.100000e-01
      vertex   2.007725e+01 -4.745677e+01 -5.490000e+00
    endloop
  endfacet
  facet normal 9.618256e-01 -2.736630e-01 0.000000e+00
    outer loop
      vertex   2.007725e+01 -4.745677e+01 -5.490000e+00
      vertex   2.032975e+01 -4.656931e+01 5.100000e-01
      vertex   2.007725e+01 -4.745677e+01 5.100000e-01
    endloop
  endfacet
  facet normal 9.957342e-01 -9.226836e-02 0.000000e+00
    outer loop
      vertex   -5.121829e+00 -4.803440e+01 -5.490000e+00
      vertex   -5.121829e+00 -4.803440e+01 5.100000e-01
      vertex   -5.206963e+00 -4.895315e+01 -5.490000e+00
    endloop
  endfacet
  facet normal 9.957342e-01 -9.226836e-02 2.185354e-16
    outer loop
      vertex   -5.206963e+00 -4.895315e+01 -5.490000e+00
      vertex   -5.121829e+00 -4.803440e+01 5.100000e-01
      vertex   -5.206963e+00 -4.895315e+01 5.100000e-01
    endloop
  endfacet
  facet normal 9.957342e-01 9.226836e-02 -2.185354e-16
    outer loop
      vertex   -5.206963e+00 -4.895315e+01 -5.490000e+00
      vertex   -5.206963e+00 -4.895315e+01 5.100000e-01
      vertex   -5.121829e+00 -4.987189e+01 -5.490000e+00
    endloop
  endfacet
  facet normal 9.957342e-01 9.226836e-02 -0.000000e+00
    outer loop
      vertex   -5.121829e+00 -4.987189e+01 -5.490000e+00
      vertex   -5.206963e+00 -4.895315e+01 5.100000e-01
      vertex   -5.121829e+00 -4.987189e+01 5.100000e-01
    endloop
  endfacet
  facet normal 9.618256e-01 2.736630e-01 -0.000000e+00
    outer loop
      vertex   -5.121829e+00 -4.987189e+01 -5.490000e+00
      vertex   -5.121829e+00 -4.987189e+01 5.100000e-01
      vertex   -4.869324e+00 -5.075935e+01 -5.490000e+00
    endloop
  endfacet
  facet normal 9.618256e-01 2.736630e-01 -0.000000e+00
    outer loop
      vertex   -4.869324e+00 -5.075935e+01 -5.490000e+00
      vertex   -5.121829e+00 -4.987189e+01 5.100000e-01
      vertex   -4.869324e+00 -5.075935e+01 5.100000e-01
    endloop
  endfacet
  facet normal 8.951633e-01 4.457384e-01 -0.000000e+00
    outer loop
      vertex   -4.869324e+00 -5.075935e+01 -5.490000e+00
      vertex   -4.869324e+00 -5.075935e+01 5.100000e-01
      vertex   -4.458049e+00 -5.158531e+01 -5.490000e+00
    endloop
  endfacet
  facet normal 8.951633e-01 4.457384e-01 1.325108e-16
    outer loop
      vertex   -4.458049e+00 -5.158531e+01 -5.490000e+00
      vertex   -4.869324e+00 -5.075935e+01 5.100000e-01
      vertex   -4.458049e+00 -5.158531e+01 5.100000e-01
    endloop
  endfacet
  facet normal 7.980172e-01 6.026346e-01 1.181303e-16
    outer loop
      vertex   -4.458049e+00 -5.158531e+01 -5.490000e+00
      vertex   -4.458049e+00 -5.158531e+01 5.100000e-01
      vertex   -3.902008e+00 -5.232162e+01 -5.490000e+00
    endloop
  endfacet
  facet normal 7.980172e-01 6.026346e-01 -0.000000e+00
    outer loop
      vertex   -3.902008e+00 -5.232162e+01 -5.490000e+00
      vertex   -4.458049e+00 -5.158531e+01 5.100000e-01
      vertex   -3.902008e+00 -5.232162e+01 5.100000e-01
    endloop
  endfacet
  facet normal 6.736956e-01 7.390089e-01 -0.000000e+00
    outer loop
      vertex   -3.902008e+00 -5.232162e+01 -5.490000e+00
      vertex   -3.902008e+00 -5.232162e+01 5.100000e-01
      vertex   -3.220136e+00 -5.294323e+01 -5.490000e+00
    endloop
  endfacet
  facet normal 6.736956e-01 7.390089e-01 -0.000000e+00
    outer loop
      vertex   -3.220136e+00 -5.294323e+01 -5.490000e+00
      vertex   -3.902008e+00 -5.232162e+01 5.100000e-01
      vertex   -3.220136e+00 -5.294323e+01 5.100000e-01
    endloop
  endfacet
  facet normal 5.264322e-01 8.502171e-01 -0.000000e+00
    outer loop
      vertex   -3.220136e+00 -5.294323e+01 -5.490000e+00
      vertex   -3.220136e+00 -5.294323e+01 5.100000e-01
      vertex   -2.435655e+00 -5.342896e+01 -5.490000e+00
    endloop
  endfacet
  facet normal 5.264322e-01 8.502171e-01 -0.000000e+00
    outer loop
      vertex   -2.435655e+00 -5.342896e+01 -5.490000e+00
      vertex   -3.220136e+00 -5.294323e+01 5.100000e-01
      vertex   -2.435655e+00 -5.342896e+01 5.100000e-01
    endloop
  endfacet
  facet normal 3.612417e-01 9.324722e-01 -0.000000e+00
    outer loop
      vertex   -2.435655e+00 -5.342896e+01 -5.490000e+00
      vertex   -2.435655e+00 -5.342896e+01 5.100000e-01
      vertex   -1.575278e+00 -5.376227e+01 -5.490000e+00
    endloop
  endfacet
  facet normal 3.612417e-01 9.324722e-01 6.684314e-17
    outer loop
      vertex   -1.575278e+00 -5.376227e+01 -5.490000e+00
      vertex   -2.435655e+00 -5.342896e+01 5.100000e-01
      vertex   -1.575278e+00 -5.376227e+01 5.100000e-01
    endloop
  endfacet
  facet normal 1.837495e-01 9.829731e-01 3.400049e-17
    outer loop
      vertex   -1.575278e+00 -5.376227e+01 -5.490000e+00
      vertex   -1.575278e+00 -5.376227e+01 5.100000e-01
      vertex   -6.683051e-01 -5.393182e+01 -5.490000e+00
    endloop
  endfacet
  facet normal 1.837495e-01 9.829731e-01 -0.000000e+00
    outer loop
      vertex   -6.683051e-01 -5.393182e+01 -5.490000e+00
      vertex   -1.575278e+00 -5.376227e+01 5.100000e-01
      vertex   -6.683051e-01 -5.393182e+01 5.100000e-01
    endloop
  endfacet
  facet normal 0.000000e+00 1.000000e+00 0.000000e+00
    outer loop
      vertex   -6.683051e-01 -5.393182e+01 -5.490000e+00
      vertex   -6.683051e-01 -5.393182e+01 5.100000e-01
      vertex   2.543785e-01 -5.393182e+01 -5.490000e+00
    endloop
  endfacet
  facet normal 0.000000e+00 1.000000e+00 -0.000000e+00
    outer loop
      vertex   2.543785e-01 -5.393182e+01 -5.490000e+00
      vertex   -6.683051e-01 -5.393182e+01 5.100000e-01
      vertex   2.543785e-01 -5.393182e+01 5.100000e-01
    endloop
  endfacet
  facet normal -1.837495e-01 9.829731e-01 0.000000e+00
    outer loop
      vertex   2.543785e-01 -5.393182e+01 -5.490000e+00
      vertex   2.543785e-01 -5.393182e+01 5.100000e-01
      vertex   1.161352e+00 -5.376227e+01 -5.490000e+00
    endloop
  endfacet
  facet normal -1.837495e-01 9.829731e-01 -3.400049e-17
    outer loop
      vertex   1.161352e+00 -5.376227e+01 -5.490000e+00
      vertex   2.543785e-01 -5.393182e+01 5.100000e-01
      vertex   1.161352e+00 -5.376227e+01 5.100000e-01
    endloop
  endfacet
  facet normal -3.612417e-01 9.324722e-01 -6.684314e-17
    outer loop
      vertex   1.161352e+00 -5.376227e+01 -5.490000e+00
      vertex   1.161352e+00 -5.376227e+01 5.100000e-01
      vertex   2.021729e+00 -5.342896e+01 -5.490000e+00
    endloop
  endfacet
  facet normal -3.612417e-01 9.324722e-01 0.000000e+00
    outer loop
      vertex   2.021729e+00 -5.342896e+01 -5.490000e+00
      vertex   1.161352e+00 -5.376227e+01 5.100000e-01
      vertex   2.021729e+00 -5.342896e+01 5.100000e-01
    endloop
  endfacet
  facet normal -5.264322e-01 8.502171e-01 0.000000e+00
    outer loop
      vertex   2.021729e+00 -5.342896e+01 -5.490000e+00
      vertex   2.021729e+00 -5.342896e+01 5.100000e-01
      vertex   2.806210e+00 -5.294323e+01 -5.490000e+00
    endloop
  endfacet
  facet normal -5.264322e-01 8.502171e-01 0.000000e+00
    outer loop
      vertex   2.806210e+00 -5.294323e+01 -5.490000e+00
      vertex   2.021729e+00 -5.342896e+01 5.100000e-01
      vertex   2.806210e+00 -5.294323e+01 5.100000e-01
    endloop
  endfacet
  facet normal -6.736956e-01 7.390089e-01 0.000000e+00
    outer loop
      vertex   2.806210e+00 -5.294323e+01 -5.490000e+00
      vertex   2.806210e+00 -5.294323e+01 5.100000e-01
      vertex   3.488081e+00 -5.232162e+01 -5.490000e+00
    endloop
  endfacet
  facet normal -6.736956e-01 7.390089e-01 4.986349e-17
    outer loop
      vertex   3.488081e+00 -5.232162e+01 -5.490000e+00
      vertex   2.806210e+00 -5.294323e+01 5.100000e-01
      vertex   3.488081e+00 -5.232162e+01 5.100000e-01
    endloop
  endfacet
  facet normal -7.980172e-01 6.026346e-01 5.906514e-17
    outer loop
      vertex   3.488081e+00 -5.232162e+01 -5.490000e+00
      vertex   3.488081e+00 -5.232162e+01 5.100000e-01
      vertex   4.044122e+00 -5.158531e+01 -5.490000e+00
    endloop
  endfacet
  facet normal -7.980172e-01 6.026346e-01 -1.181303e-16
    outer loop
      vertex   4.044122e+00 -5.158531e+01 -5.490000e+00
      vertex   3.488081e+00 -5.232162e+01 5.100000e-01
      vertex   4.044122e+00 -5.158531e+01 5.100000e-01
    endloop
  endfacet
  facet normal -8.951633e-01 4.457384e-01 -1.325108e-16
    outer loop
      vertex   4.044122e+00 -5.158531e+01 -5.490000e+00
      vertex   4.044122e+00 -5.158531e+01 5.100000e-01
      vertex   4.455398e+00 -5.075935e+01 -5.490000e+00
    endloop
  endfacet
  facet normal -8.951633e-01 4.457384e-01 0.000000e+00
    outer loop
      vertex   4.455398e+00 -5.075935e+01 -5.490000e+00
      vertex   4.044122e+00 -5.158531e+01 5.100000e-01
      vertex   4.455398e+00 -5.075935e+01 5.100000e-01
    endloop
  endfacet
  facet normal -9.618256e-01 2.736630e-01 0.000000e+00
    outer loop
      vertex   4.455398e+00 -5.075935e+01 -5.490000e+00
      vertex   4.455398e+00 -5.075935e+01 5.100000e-01
      vertex   4.707902e+00 -4.987189e+01 -5.490000e+00
    endloop
  endfacet
  facet normal -9.618256e-01 2.736630e-01 0.000000e+00
    outer loop
      vertex   4.707902e+00 -4.987189e+01 -5.490000e+00
      vertex   4.455398e+00 -5.075935e+01 5.100000e-01
      vertex   4.707902e+00 -4.987189e+01 5.100000e-01
    endloop
  endfacet
  facet normal -9.957342e-01 9.226836e-02 0.000000e+00
    outer loop
      vertex   4.707902e+00 -4.987189e+01 -5.490000e+00
      vertex   4.707902e+00 -4.987189e+01 5.100000e-01
      vertex   4.793037e+00 -4.895315e+01 -5.490000e+00
    endloop
  endfacet
  facet normal -9.957342e-01 9.226836e-02 0.000000e+00
    outer loop
      vertex   4.793037e+00 -4.895315e+01 -5.490000e+00
      vertex   4.707902e+00 -4.987189e+01 5.100000e-01
      vertex   4.793037e+00 -4.895315e+01 5.100000e-01
    endloop
  endfacet
  facet normal -9.957342e-01 -9.226836e-02 0.000000e+00
    outer loop
      vertex   4.793037e+00 -4.895315e+01 -5.490000e+00
      vertex   4.793037e+00 -4.895315e+01 5.100000e-01
      vertex   4.707902e+00 -4.803440e+01 -5.490000e+00
    endloop
  endfacet
  facet normal -9.957342e-01 -9.226836e-02 0.000000e+00
    outer loop
      vertex   4.707902e+00 -4.803440e+01 -5.490000e+00
      vertex   4.793037e+00 -4.895315e+01 5.100000e-01
      vertex   4.707902e+00 -4.803440e+01 5.100000e-01
    endloop
  endfacet
  facet normal -9.618256e-01 -2.736630e-01 0.000000e+00
    outer loop
      vertex   4.707902e+00 -4.803440e+01 -5.490000e+00
      vertex   4.707902e+00 -4.803440e+01 5.100000e-01
      vertex   4.455398e+00 -4.714694e+01 -5.490000e+00
    endloop
  endfacet
  facet normal -9.618256e-01 -2.736630e-01 1.423788e-16
    outer loop
      vertex   4.455398e+00 -4.714694e+01 -5.490000e+00
      vertex   4.707902e+00 -4.803440e+01 5.100000e-01
      vertex   4.455398e+00 -4.714694e+01 5.100000e-01
    endloop
  endfacet
  facet normal -8.951633e-01 -4.457384e-01 1.325108e-16
    outer loop
      vertex   4.455398e+00 -4.714694e+01 -5.490000e+00
      vertex   4.455398e+00 -4.714694e+01 5.100000e-01
      vertex   4.044122e+00 -4.632099e+01 -5.490000e+00
    endloop
  endfacet
  facet normal -8.951633e-01 -4.457384e-01 -2.650216e-16
    outer loop
      vertex   4.044122e+00 -4.632099e+01 -5.490000e+00
      vertex   4.455398e+00 -4.714694e+01 5.100000e-01
      vertex   4.044122e+00 -4.632099e+01 5.100000e-01
    endloop
  endfacet
  facet normal -7.980172e-01 -6.026346e-01 -2.362606e-16
    outer loop
      vertex   4.044122e+00 -4.632099e+01 -5.490000e+00
      vertex   4.044122e+00 -4.632099e+01 5.100000e-01
      vertex   3.488081e+00 -4.558467e+01 -5.490000e+00
    endloop
  endfacet
  facet normal -7.980172e-01 -6.026346e-01 1.181303e-16
    outer loop
      vertex   3.488081e+00 -4.558467e+01 -5.490000e+00
      vertex   4.044122e+00 -4.632099e+01 5.100000e-01
      vertex   3.488081e+00 -4.558467e+01 5.100000e-01
    endloop
  endfacet
  facet normal -6.736956e-01 -7.390089e-01 9.972699e-17
    outer loop
      vertex   3.488081e+00 -4.558467e+01 -5.490000e+00
      vertex   3.488081e+00 -4.558467e+01 5.100000e-01
      vertex   2.806210e+00 -4.496306e+01 -5.490000e+00
    endloop
  endfacet
  facet normal -6.736956e-01 -7.390089e-01 1.600734e-15
    outer loop
      vertex   2.806210e+00 -4.496306e+01 -5.490000e+00
      vertex   3.488081e+00 -4.558467e+01 5.100000e-01
      vertex   2.806210e+00 -4.496306e+01 5.100000e-01
    endloop
  endfacet
  facet normal -5.264322e-01 -8.502171e-01 1.896827e-15
    outer loop
      vertex   2.806210e+00 -4.496306e+01 -5.490000e+00
      vertex   2.806210e+00 -4.496306e+01 5.100000e-01
      vertex   2.021729e+00 -4.447733e+01 -5.490000e+00
    endloop
  endfacet
  facet normal -5.264322e-01 -8.502171e-01 2.727467e-16
    outer loop
      vertex   2.021729e+00 -4.447733e+01 -5.490000e+00
      vertex   2.806210e+00 -4.496306e+01 5.100000e-01
      vertex   2.021729e+00 -4.447733e+01 5.100000e-01
    endloop
  endfacet
  facet normal -3.612417e-01 -9.324722e-01 1.871608e-16
    outer loop
      vertex   2.021729e+00 -4.447733e+01 -5.490000e+00
      vertex   2.021729e+00 -4.447733e+01 5.100000e-01
      vertex   1.161352e+00 -4.414402e+01 -5.490000e+00
    endloop
  endfacet
  facet normal -3.612417e-01 -9.324722e-01 -6.684314e-17
    outer loop
      vertex   1.161352e+00 -4.414402e+01 -5.490000e+00
      vertex   2.021729e+00 -4.447733e+01 5.100000e-01
      vertex   1.161352e+00 -4.414402e+01 5.100000e-01
    endloop
  endfacet
  facet normal -1.837495e-01 -9.829731e-01 -3.400049e-17
    outer loop
      vertex   1.161352e+00 -4.414402e+01 -5.490000e+00
      vertex   1.161352e+00 -4.414402e+01 5.100000e-01
      vertex   2.543785e-01 -4.397447e+01 -5.490000e+00
    endloop
  endfacet
  facet normal -1.837495e-01 -9.829731e-01 -3.910056e-17
    outer loop
      vertex   2.543785e-01 -4.397447e+01 -5.490000e+00
      vertex   1.161352e+00 -4.414402e+01 5.100000e-01
      vertex   2.543785e-01 -4.397447e+01 5.100000e-01
    endloop
  endfacet
  facet normal 0.000000e+00 -1.000000e+00 0.000000e+00
    outer loop
      vertex   2.543785e-01 -4.397447e+01 -5.490000e+00
      vertex   2.543785e-01 -4.397447e+01 5.100000e-01
      vertex   -6.683051e-01 -4.397447e+01 -5.490000e+00
    endloop
  endfacet
  facet normal 0.000000e+00 -1.000000e+00 0.000000e+00
    outer loop
      vertex   -6.683051e-01 -4.397447e+01 -5.490000e+00
      vertex   2.543785e-01 -4.397447e+01 5.100000e-01
      vertex   -6.683051e-01 -4.397447e+01 5.100000e-01
    endloop
  endfacet
  facet normal 1.837495e-01 -9.829731e-01 3.740054e-17
    outer loop
      vertex   -6.683051e-01 -4.397447e+01 -5.490000e+00
      vertex   -6.683051e-01 -4.397447e+01 5.100000e-01
      vertex   -1.575278e+00 -4.414402e+01 -5.490000e+00
    endloop
  endfacet
  facet normal 1.837495e-01 -9.829731e-01 3.400049e-17
    outer loop
      vertex   -1.575278e+00 -4.414402e+01 -5.490000e+00
      vertex   -6.683051e-01 -4.397447e+01 5.100000e-01
      vertex   -1.575278e+00 -4.414402e+01 5.100000e-01
    endloop
  endfacet
  facet normal 3.612417e-01 -9.324722e-01 6.684314e-17
    outer loop
      vertex   -1.575278e+00 -4.414402e+01 -5.490000e+00
      vertex   -1.575278e+00 -4.414402e+01 5.100000e-01
      vertex   -2.435655e+00 -4.447733e+01 -5.490000e+00
    endloop
  endfacet
  facet normal 3.612417e-01 -9.324722e-01 -1.604235e-16
    outer loop
      vertex   -2.435655e+00 -4.447733e+01 -5.490000e+00
      vertex   -1.575278e+00 -4.414402e+01 5.100000e-01
      vertex   -2.435655e+00 -4.447733e+01 5.100000e-01
    endloop
  endfacet
  facet normal 5.264322e-01 -8.502171e-01 -2.337828e-16
    outer loop
      vertex   -2.435655e+00 -4.447733e+01 -5.490000e+00
      vertex   -2.435655e+00 -4.447733e+01 5.100000e-01
      vertex   -3.220136e+00 -4.496306e+01 -5.490000e+00
    endloop
  endfacet
  facet normal 5.264322e-01 -8.502171e-01 1.168914e-16
    outer loop
      vertex   -3.220136e+00 -4.496306e+01 -5.490000e+00
      vertex   -2.435655e+00 -4.447733e+01 5.100000e-01
      vertex   -3.220136e+00 -4.496306e+01 5.100000e-01
    endloop
  endfacet
  facet normal 6.736956e-01 -7.390089e-01 1.495905e-16
    outer loop
      vertex   -3.220136e+00 -4.496306e+01 -5.490000e+00
      vertex   -3.220136e+00 -4.496306e+01 5.100000e-01
      vertex   -3.902008e+00 -4.558467e+01 -5.490000e+00
    endloop
  endfacet
  facet normal 6.736956e-01 -7.390089e-01 -1.495905e-16
    outer loop
      vertex   -3.902008e+00 -4.558467e+01 -5.490000e+00
      vertex   -3.220136e+00 -4.496306e+01 5.100000e-01
      vertex   -3.902008e+00 -4.558467e+01 5.100000e-01
    endloop
  endfacet
  facet normal 7.980172e-01 -6.026346e-01 -1.771954e-16
    outer loop
      vertex   -3.902008e+00 -4.558467e+01 -5.490000e+00
      vertex   -3.902008e+00 -4.558467e+01 5.100000e-01
      vertex   -4.458049e+00 -4.632099e+01 -5.490000e+00
    endloop
  endfacet
  facet normal 7.980172e-01 -6.026346e-01 1.181303e-16
    outer loop
      vertex   -4.458049e+00 -4.632099e+01 -5.490000e+00
      vertex   -3.902008e+00 -4.558467e+01 5.100000e-01
      vertex   -4.458049e+00 -4.632099e+01 5.100000e-01
    endloop
  endfacet
  facet normal 8.951633e-01 -4.457384e-01 1.325108e-16
    outer loop
      vertex   -4.458049e+00 -4.632099e+01 -5.490000e+00
      vertex   -4.458049e+00 -4.632099e+01 5.100000e-01
      vertex   -4.869324e+00 -4.714694e+01 -5.490000e+00
    endloop
  endfacet
  facet normal 8.951633e-01 -4.457384e-01 -1.325108e-16
    outer loop
      vertex   -4.869324e+00 -4.714694e+01 -5.490000e+00
      vertex   -4.458049e+00 -4.632099e+01 5.100000e-01
      vertex   -4.869324e+00 -4.714694e+01 5.100000e-01
    endloop
  endfacet
  facet normal 9.618256e-01 -2.736630e-01 -1.423788e-16
    outer loop
      vertex   -4.869324e+00 -4.714694e+01 -5.490000e+00
      vertex   -4.869324e+00 -4.714694e+01 5.100000e-01
      vertex   -5.121829e+00 -4.803440e+01 -5.490000e+00
    endloop
  endfacet
  facet normal 9.618256e-01 -2.736630e-01 0.000000e+00
    outer loop
      vertex   -5.121829e+00 -4.803440e+01 -5.490000e+00
      vertex   -4.869324e+00 -4.714694e+01 5.100000e-01
      vertex   -5.121829e+00 -4.803440e+01 5.100000e-01
    endloop
  endfacet
  facet normal -1.000000e+00 0.000000e+00 0.000000e+00
    outer loop
      vertex   3.239000e+01 3.750000e+01 -1.490000e+00
      vertex   3.239000e+01 -3.750000e+01 -1.490000e+00
      vertex   3.239000e+01 3.750000e+01 5.100000e-01
    endloop
  endfacet
  facet normal -1.000000e+00 -0.000000e+00 0.000000e+00
    outer loop
      vertex   3.239000e+01 3.750000e+01 5.100000e-01
      vertex   3.239000e+01 -3.750000e+01 -1.490000e+00
      vertex   3.239000e+01 -3.750000e+01 5.100000e-01
    endloop
  endfacet
  facet normal 0.000000e+00 1.000000e+00 -0.000000e+00
    outer loop
      vertex   3.239000e+01 -3.750000e+01 -1.490000e+00
      vertex   -3.239000e+01 -3.750000e+01 -1.490000e+00
      vertex   3.239000e+01 -3.750000e+01 5.100000e-01
    endloop
  endfacet
  facet normal 0.000000e+00 1.000000e+00 0.000000e+00
    outer loop
      vertex   3.239000e+01 -3.750000e+01 5.100000e-01
      vertex   -3.239000e+01 -3.750000e+01 -1.490000e+00
      vertex   -3.239000e+01 -3.750000e+01 5.100000e-01
    endloop
  endfacet
  facet normal 1.000000e+00 0.000000e+00 0.000000e+00
    outer loop
      vertex   -3.239000e+01 -3.750000e+01 -1.490000e+00
      vertex   -3.239000e+01 3.750000e+01 -1.490000e+00
      vertex   -3.239000e+01 -3.750000e+01 5.100000e-01
    endloop
  endfacet
  facet normal 1.000000e+00 -0.000000e+00 0.000000e+00
    outer loop
      vertex   -3.239000e+01 -3.750000e+01 5.100000e-01
      vertex   -3.239000e+01 3.750000e+01 -1.490000e+00
      vertex   -3.239000e+01 3.750000e+01 5.100000e-01
    endloop
  endfacet
  facet normal 0.000000e+00 -1.000000e+00 3.552714e-15
    outer loop
      vertex   -3.239000e+01 3.750000e+01 -1.490000e+00
      vertex   3.239000e+01 3.750000e+01 -1.490000e+00
      vertex   -3.239000e+01 3.750000e+01 5.100000e-01
    endloop
  endfacet
  facet normal 0.000000e+00 -1.000000e+00 3.552714e-15
    outer loop
      vertex   -3.239000e+01 3.750000e+01 5.100000e-01
      vertex   3.239000e+01 3.750000e+01 -1.490000e+00
      vertex   3.239000e+01 3.750000e+01 5.100000e-01
    endloop
  endfacet
  facet normal -9.059339e-01 4.234192e-01 0.000000e+00
    outer loop
      vertex   -2.639000e+01 -2.619172e+01 -1.490000e+00
      vertex   -2.639000e+01 -2.619172e+01 1.510000e+00
      vertex   -2.603830e+01 -2.543924e+01 -1.490000e+00
    endloop
  endfacet
  facet normal -9.059339e-01 4.234192e-01 5.714122e-16
    outer loop
      vertex   -2.603830e+01 -2.543924e+01 -1.490000e+00
      vertex   -2.639000e+01 -2.619172e+01 1.510000e+00
      vertex   -2.603830e+01 -2.543924e+01 1.510000e+00
    endloop
  endfacet
  facet normal -7.989524e-01 6.013943e-01 2.339557e-16
    outer loop
      vertex   -2.603830e+01 -2.543924e+01 -1.490000e+00
      vertex   -2.603830e+01 -2.543924e+01 1.510000e+00
      vertex   -2.553877e+01 -2.477561e+01 -1.490000e+00
    endloop
  endfacet
  facet normal -7.989524e-01 6.013943e-01 9.461497e-16
    outer loop
      vertex   -2.553877e+01 -2.477561e+01 -1.490000e+00
      vertex   -2.603830e+01 -2.543924e+01 1.510000e+00
      vertex   -2.553877e+01 -2.477561e+01 1.510000e+00
    endloop
  endfacet
  facet normal -6.575198e-01 7.534372e-01 7.786599e-16
    outer loop
      vertex   -2.553877e+01 -2.477561e+01 -1.490000e+00
      vertex   -2.553877e+01 -2.477561e+01 1.510000e+00
      vertex   -2.491296e+01 -2.422947e+01 -1.490000e+00
    endloop
  endfacet
  facet normal -6.575198e-01 7.534372e-01 -1.135890e-16
    outer loop
      vertex   -2.491296e+01 -2.422947e+01 -1.490000e+00
      vertex   -2.553877e+01 -2.477561e+01 1.510000e+00
      vertex   -2.491296e+01 -2.422947e+01 1.510000e+00
    endloop
  endfacet
  facet normal -4.877349e-01 8.729918e-01 -4.562358e-16
    outer loop
      vertex   -2.491296e+01 -2.422947e+01 -1.490000e+00
      vertex   -2.491296e+01 -2.422947e+01 1.510000e+00
      vertex   -2.418784e+01 -2.382435e+01 -1.490000e+00
    endloop
  endfacet
  facet normal -4.877349e-01 8.729918e-01 -4.562358e-16
    outer loop
      vertex   -2.418784e+01 -2.382435e+01 -1.490000e+00
      vertex   -2.491296e+01 -2.422947e+01 1.510000e+00
      vertex   -2.418784e+01 -2.382435e+01 1.510000e+00
    endloop
  endfacet
  facet normal -2.969188e-01 9.549027e-01 -7.792095e-16
    outer loop
      vertex   -2.418784e+01 -2.382435e+01 -1.490000e+00
      vertex   -2.418784e+01 -2.382435e+01 1.510000e+00
      vertex   -2.339468e+01 -2.357772e+01 -1.490000e+00
    endloop
  endfacet
  facet normal -2.969188e-01 9.549027e-01 3.516225e-16
    outer loop
      vertex   -2.339468e+01 -2.357772e+01 -1.490000e+00
      vertex   -2.418784e+01 -2.382435e+01 1.510000e+00
      vertex   -2.339468e+01 -2.357772e+01 1.510000e+00
    endloop
  endfacet
  facet normal -9.329944e-02 9.956381e-01 1.104887e-16
    outer loop
      vertex   -2.339468e+01 -2.357772e+01 -1.490000e+00
      vertex   -2.339468e+01 -2.357772e+01 1.510000e+00
      vertex   -2.256768e+01 -2.350022e+01 -1.490000e+00
    endloop
  endfacet
  facet normal -9.329944e-02 9.956381e-01 1.104887e-16
    outer loop
      vertex   -2.256768e+01 -2.350022e+01 -1.490000e+00
      vertex   -2.339468e+01 -2.357772e+01 1.510000e+00
      vertex   -2.256768e+01 -2.350022e+01 1.510000e+00
    endloop
  endfacet
  facet normal 1.143430e-01 9.934413e-01 -1.354093e-16
    outer loop
      vertex   -2.256768e+01 -2.350022e+01 -1.490000e+00
      vertex   -2.256768e+01 -2.350022e+01 1.510000e+00
      vertex   -2.174252e+01 -2.359520e+01 -1.490000e+00
    endloop
  endfacet
  facet normal 1.143430e-01 9.934413e-01 -0.000000e+00
    outer loop
      vertex   -2.174252e+01 -2.359520e+01 -1.490000e+00
      vertex   -2.256768e+01 -2.350022e+01 1.510000e+00
      vertex   -2.174252e+01 -2.359520e+01 1.510000e+00
    endloop
  endfacet
  facet normal 3.170549e-01 9.484072e-01 -0.000000e+00
    outer loop
      vertex   -2.174252e+01 -2.359520e+01 -1.490000e+00
      vertex   -2.174252e+01 -2.359520e+01 1.510000e+00
      vertex   -2.095475e+01 -2.385855e+01 -1.490000e+00
    endloop
  endfacet
  facet normal 3.170549e-01 9.484072e-01 3.722028e-16
    outer loop
      vertex   -2.095475e+01 -2.385855e+01 -1.490000e+00
      vertex   -2.174252e+01 -2.359520e+01 1.510000e+00
      vertex   -2.095475e+01 -2.385855e+01 1.510000e+00
    endloop
  endfacet
  facet normal 5.060954e-01 8.624775e-01 -1.772961e-16
    outer loop
      vertex   -2.095475e+01 -2.385855e+01 -1.490000e+00
      vertex   -2.095475e+01 -2.385855e+01 1.510000e+00
      vertex   -2.023837e+01 -2.427892e+01 -1.490000e+00
    endloop
  endfacet
  facet normal 5.060954e-01 8.624775e-01 -5.993373e-16
    outer loop
      vertex   -2.023837e+01 -2.427892e+01 -1.490000e+00
      vertex   -2.095475e+01 -2.385855e+01 1.510000e+00
      vertex   -2.023837e+01 -2.427892e+01 1.510000e+00
    endloop
  endfacet
  facet normal 6.733129e-01 7.393576e-01 -7.973627e-16
    outer loop
      vertex   -2.023837e+01 -2.427892e+01 -1.490000e+00
      vertex   -2.023837e+01 -2.427892e+01 1.510000e+00
      vertex   -1.962424e+01 -2.483819e+01 -1.490000e+00
    endloop
  endfacet
  facet normal 6.733129e-01 7.393576e-01 1.564253e-16
    outer loop
      vertex   -1.962424e+01 -2.483819e+01 -1.490000e+00
      vertex   -2.023837e+01 -2.427892e+01 1.510000e+00
      vertex   -1.962424e+01 -2.483819e+01 1.510000e+00
    endloop
  endfacet
  facet normal 8.114970e-01 5.843565e-01 -5.379769e-16
    outer loop
      vertex   -1.962424e+01 -2.483819e+01 -1.490000e+00
      vertex   -1.962424e+01 -2.483819e+01 1.510000e+00
      vertex   -1.913887e+01 -2.551223e+01 -1.490000e+00
    endloop
  endfacet
  facet normal 8.114970e-01 5.843565e-01 -1.229994e-15
    outer loop
      vertex   -1.913887e+01 -2.551223e+01 -1.490000e+00
      vertex   -1.962424e+01 -2.483819e+01 1.510000e+00
      vertex   -1.913887e+01 -2.551223e+01 1.510000e+00
    endloop
  endfacet
  facet normal 9.146893e-01 4.041578e-01 -1.687800e-15
    outer loop
      vertex   -1.913887e+01 -2.551223e+01 -1.490000e+00
      vertex   -1.913887e+01 -2.551223e+01 1.510000e+00
      vertex   -1.880317e+01 -2.627198e+01 -1.490000e+00
    endloop
  endfacet
  facet normal 9.146893e-01 4.041578e-01 -1.259717e-16
    outer loop
      vertex   -1.880317e+01 -2.627198e+01 -1.490000e+00
      vertex   -1.913887e+01 -2.551223e+01 1.510000e+00
      vertex   -1.880317e+01 -2.627198e+01 1.510000e+00
    endloop
  endfacet
  facet normal 9.784399e-01 2.065318e-01 -6.695401e-16
    outer loop
      vertex   -1.880317e+01 -2.627198e+01 -1.490000e+00
      vertex   -1.880317e+01 -2.627198e+01 1.510000e+00
      vertex   -1.863162e+01 -2.708469e+01 -1.490000e+00
    endloop
  endfacet
  facet normal 9.784399e-01 2.065318e-01 7.337482e-16
    outer loop
      vertex   -1.863162e+01 -2.708469e+01 -1.490000e+00
      vertex   -1.880317e+01 -2.627198e+01 1.510000e+00
      vertex   -1.863162e+01 -2.708469e+01 1.510000e+00
    endloop
  endfacet
  facet normal 1.000000e+00 0.000000e+00 0.000000e+00
    outer loop
      vertex   -1.863162e+01 -2.708469e+01 -1.490000e+00
      vertex   -1.863162e+01 -2.708469e+01 1.510000e+00
      vertex   -1.863162e+01 -2.791531e+01 -1.490000e+00
    endloop
  endfacet
  facet normal 1.000000e+00 0.000000e+00 -0.000000e+00
    outer loop
      vertex   -1.863162e+01 -2.791531e+01 -1.490000e+00
      vertex   -1.863162e+01 -2.708469e+01 1.510000e+00
      vertex   -1.863162e+01 -2.791531e+01 1.510000e+00
    endloop
  endfacet
  facet normal 9.784399e-01 -2.065318e-01 -7.337482e-16
    outer loop
      vertex   -1.863162e+01 -2.791531e+01 -1.490000e+00
      vertex   -1.863162e+01 -2.791531e+01 1.510000e+00
      vertex   -1.880317e+01 -2.872802e+01 -1.490000e+00
    endloop
  endfacet
  facet normal 9.784399e-01 -2.065318e-01 6.695401e-16
    outer loop
      vertex   -1.880317e+01 -2.872802e+01 -1.490000e+00
      vertex   -1.863162e+01 -2.791531e+01 1.510000e+00
      vertex   -1.880317e+01 -2.872802e+01 1.510000e+00
    endloop
  endfacet
  facet normal 9.146893e-01 -4.041578e-01 1.259717e-16
    outer loop
      vertex   -1.880317e+01 -2.872802e+01 -1.490000e+00
      vertex   -1.880317e+01 -2.872802e+01 1.510000e+00
      vertex   -1.913887e+01 -2.948777e+01 -1.490000e+00
    endloop
  endfacet
  facet normal 9.146893e-01 -4.041578e-01 1.687800e-15
    outer loop
      vertex   -1.913887e+01 -2.948777e+01 -1.490000e+00
      vertex   -1.880317e+01 -2.872802e+01 1.510000e+00
      vertex   -1.913887e+01 -2.948777e+01 1.510000e+00
    endloop
  endfacet
  facet normal 8.114970e-01 -5.843565e-01 1.229994e-15
    outer loop
      vertex   -1.913887e+01 -2.948777e+01 -1.490000e+00
      vertex   -1.913887e+01 -2.948777e+01 1.510000e+00
      vertex   -1.962424e+01 -3.016181e+01 -1.490000e+00
    endloop
  endfacet
  facet normal 8.114970e-01 -5.843565e-01 5.379769e-16
    outer loop
      vertex   -1.962424e+01 -3.016181e+01 -1.490000e+00
      vertex   -1.913887e+01 -2.948777e+01 1.510000e+00
      vertex   -1.962424e+01 -3.016181e+01 1.510000e+00
    endloop
  endfacet
  facet normal 6.733129e-01 -7.393576e-01 -1.564253e-16
    outer loop
      vertex   -1.962424e+01 -3.016181e+01 -1.490000e+00
      vertex   -1.962424e+01 -3.016181e+01 1.510000e+00
      vertex   -2.023837e+01 -3.072108e+01 -1.490000e+00
    endloop
  endfacet
  facet normal 6.733129e-01 -7.393576e-01 7.973627e-16
    outer loop
      vertex   -2.023837e+01 -3.072108e+01 -1.490000e+00
      vertex   -1.962424e+01 -3.016181e+01 1.510000e+00
      vertex   -2.023837e+01 -3.072108e+01 1.510000e+00
    endloop
  endfacet
  facet normal 5.060954e-01 -8.624775e-01 5.993373e-16
    outer loop
      vertex   -2.023837e+01 -3.072108e+01 -1.490000e+00
      vertex   -2.023837e+01 -3.072108e+01 1.510000e+00
      vertex   -2.095475e+01 -3.114145e+01 -1.490000e+00
    endloop
  endfacet
  facet normal 5.060954e-01 -8.624775e-01 1.772961e-16
    outer loop
      vertex   -2.095475e+01 -3.114145e+01 -1.490000e+00
      vertex   -2.023837e+01 -3.072108e+01 1.510000e+00
      vertex   -2.095475e+01 -3.114145e+01 1.510000e+00
    endloop
  endfacet
  facet normal 3.170549e-01 -9.484072e-01 -3.722028e-16
    outer loop
      vertex   -2.095475e+01 -3.114145e+01 -1.490000e+00
      vertex   -2.095475e+01 -3.114145e+01 1.510000e+00
      vertex   -2.174252e+01 -3.140480e+01 -1.490000e+00
    endloop
  endfacet
  facet normal 3.170549e-01 -9.484072e-01 0.000000e+00
    outer loop
      vertex   -2.174252e+01 -3.140480e+01 -1.490000e+00
      vertex   -2.095475e+01 -3.114145e+01 1.510000e+00
      vertex   -2.174252e+01 -3.140480e+01 1.510000e+00
    endloop
  endfacet
  facet normal 1.143430e-01 -9.934413e-01 0.000000e+00
    outer loop
      vertex   -2.174252e+01 -3.140480e+01 -1.490000e+00
      vertex   -2.174252e+01 -3.140480e+01 1.510000e+00
      vertex   -2.256768e+01 -3.149978e+01 -1.490000e+00
    endloop
  endfacet
  facet normal 1.143430e-01 -9.934413e-01 1.354093e-16
    outer loop
      vertex   -2.256768e+01 -3.149978e+01 -1.490000e+00
      vertex   -2.174252e+01 -3.140480e+01 1.510000e+00
      vertex   -2.256768e+01 -3.149978e+01 1.510000e+00
    endloop
  endfacet
  facet normal -9.329944e-02 -9.956381e-01 -1.104887e-16
    outer loop
      vertex   -2.256768e+01 -3.149978e+01 -1.490000e+00
      vertex   -2.256768e+01 -3.149978e+01 1.510000e+00
      vertex   -2.339468e+01 -3.142228e+01 -1.490000e+00
    endloop
  endfacet
  facet normal -9.329944e-02 -9.956381e-01 -1.104887e-16
    outer loop
      vertex   -2.339468e+01 -3.142228e+01 -1.490000e+00
      vertex   -2.256768e+01 -3.149978e+01 1.510000e+00
      vertex   -2.339468e+01 -3.142228e+01 1.510000e+00
    endloop
  endfacet
  facet normal -2.969188e-01 -9.549027e-01 -3.516225e-16
    outer loop
      vertex   -2.339468e+01 -3.142228e+01 -1.490000e+00
      vertex   -2.339468e+01 -3.142228e+01 1.510000e+00
      vertex   -2.418784e+01 -3.117565e+01 -1.490000e+00
    endloop
  endfacet
  facet normal -2.969188e-01 -9.549027e-01 7.792095e-16
    outer loop
      vertex   -2.418784e+01 -3.117565e+01 -1.490000e+00
      vertex   -2.339468e+01 -3.142228e+01 1.510000e+00
      vertex   -2.418784e+01 -3.117565e+01 1.510000e+00
    endloop
  endfacet
  facet normal -4.877349e-01 -8.729918e-01 4.562358e-16
    outer loop
      vertex   -2.418784e+01 -3.117565e+01 -1.490000e+00
      vertex   -2.418784e+01 -3.117565e+01 1.510000e+00
      vertex   -2.491296e+01 -3.077053e+01 -1.490000e+00
    endloop
  endfacet
  facet normal -4.877349e-01 -8.729918e-01 4.562358e-16
    outer loop
      vertex   -2.491296e+01 -3.077053e+01 -1.490000e+00
      vertex   -2.418784e+01 -3.117565e+01 1.510000e+00
      vertex   -2.491296e+01 -3.077053e+01 1.510000e+00
    endloop
  endfacet
  facet normal -6.575198e-01 -7.534372e-01 1.135890e-16
    outer loop
      vertex   -2.491296e+01 -3.077053e+01 -1.490000e+00
      vertex   -2.491296e+01 -3.077053e+01 1.510000e+00
      vertex   -2.553877e+01 -3.022439e+01 -1.490000e+00
    endloop
  endfacet
  facet normal -6.575198e-01 -7.534372e-01 -7.786599e-16
    outer loop
      vertex   -2.553877e+01 -3.022439e+01 -1.490000e+00
      vertex   -2.491296e+01 -3.077053e+01 1.510000e+00
      vertex   -2.553877e+01 -3.022439e+01 1.510000e+00
    endloop
  endfacet
  facet normal -7.989524e-01 -6.013943e-01 -9.461497e-16
    outer loop
      vertex   -2.553877e+01 -3.022439e+01 -1.490000e+00
      vertex   -2.553877e+01 -3.022439e+01 1.510000e+00
      vertex   -2.603830e+01 -2.956076e+01 -1.490000e+00
    endloop
  endfacet
  facet normal -7.989524e-01 -6.013943e-01 -2.339557e-16
    outer loop
      vertex   -2.603830e+01 -2.956076e+01 -1.490000e+00
      vertex   -2.553877e+01 -3.022439e+01 1.510000e+00
      vertex   -2.603830e+01 -2.956076e+01 1.510000e+00
    endloop
  endfacet
  facet normal -9.059339e-01 -4.234192e-01 -5.714122e-16
    outer loop
      vertex   -2.603830e+01 -2.956076e+01 -1.490000e+00
      vertex   -2.603830e+01 -2.956076e+01 1.510000e+00
      vertex   -2.639000e+01 -2.880828e+01 -1.490000e+00
    endloop
  endfacet
  facet normal -9.059339e-01 -4.234192e-01 0.000000e+00
    outer loop
      vertex   -2.639000e+01 -2.880828e+01 -1.490000e+00
      vertex   -2.603830e+01 -2.956076e+01 1.510000e+00
      vertex   -2.639000e+01 -2.880828e+01 1.510000e+00
    endloop
  endfacet
  facet normal -0.000000e+00 0.000000e+00 1.000000e+00
    outer loop
      vertex   -2.187505e+01 -2.782317e+01 1.510000e+00
      vertex   -1.863162e+01 -2.791531e+01 1.510000e+00
      vertex   -2.184949e+01 -2.762905e+01 1.510000e+00
    endloop
  endfacet
  facet normal -0.000000e+00 0.000000e+00 1.000000e+00
    outer loop
      vertex   -2.184949e+01 -2.762905e+01 1.510000e+00
      vertex   -1.863162e+01 -2.791531e+01 1.510000e+00
      vertex   -1.863162e+01 -2.708469e+01 1.510000e+00
    endloop
  endfacet
  facet normal 0.000000e+00 -0.000000e+00 1.000000e+00
    outer loop
      vertex   -2.184949e+01 -2.762905e+01 1.510000e+00
      vertex   -1.863162e+01 -2.708469e+01 1.510000e+00
      vertex   -2.187505e+01 -2.743494e+01 1.510000e+00
    endloop
  endfacet
  facet normal 0.000000e+00 0.000000e+00 1.000000e+00
    outer loop
      vertex   -2.187505e+01 -2.743494e+01 1.510000e+00
      vertex   -1.863162e+01 -2.708469e+01 1.510000e+00
      vertex   -1.880317e+01 -2.627198e+01 1.510000e+00
    endloop
  endfacet
  facet normal 0.000000e+00 -0.000000e+00 1.000000e+00
    outer loop
      vertex   -2.187505e+01 -2.743494e+01 1.510000e+00
      vertex   -1.880317e+01 -2.627198e+01 1.510000e+00
      vertex   -2.194997e+01 -2.725405e+01 1.510000e+00
    endloop
  endfacet
  facet normal 0.000000e+00 0.000000e+00 1.000000e+00
    outer loop
      vertex   -2.194997e+01 -2.725405e+01 1.510000e+00
      vertex   -1.880317e+01 -2.627198e+01 1.510000e+00
      vertex   -1.913887e+01 -2.551223e+01 1.510000e+00
    endloop
  endfacet
  facet normal 0.000000e+00 0.000000e+00 1.000000e+00
    outer loop
      vertex   -2.194997e+01 -2.725405e+01 1.510000e+00
      vertex   -1.913887e+01 -2.551223e+01 1.510000e+00
      vertex   -1.962424e+01 -2.483819e+01 1.510000e+00
    endloop
  endfacet
  facet normal -0.000000e+00 0.000000e+00 1.000000e+00
    outer loop
      vertex   -2.194997e+01 -2.800405e+01 1.510000e+00
      vertex   -1.913887e+01 -2.948777e+01 1.510000e+00
      vertex   -2.187505e+01 -2.782317e+01 1.510000e+00
    endloop
  endfacet
  facet normal 0.000000e+00 0.000000e+00 1.000000e+00
    outer loop
      vertex   -2.187505e+01 -2.782317e+01 1.510000e+00
      vertex   -1.913887e+01 -2.948777e+01 1.510000e+00
      vertex   -1.880317e+01 -2.872802e+01 1.510000e+00
    endloop
  endfacet
  facet normal 0.000000e+00 0.000000e+00 1.000000e+00
    outer loop
      vertex   -2.187505e+01 -2.782317e+01 1.510000e+00
      vertex   -1.880317e+01 -2.872802e+01 1.510000e+00
      vertex   -1.863162e+01 -2.791531e+01 1.510000e+00
    endloop
  endfacet
  facet normal 0.000000e+00 0.000000e+00 1.000000e+00
    outer loop
      vertex   -1.913887e+01 -2.948777e+01 1.510000e+00
      vertex   -2.194997e+01 -2.800405e+01 1.510000e+00
      vertex   -1.962424e+01 -3.016181e+01 1.510000e+00
    endloop
  endfacet
  facet normal 0.000000e+00 0.000000e+00 1.000000e+00
    outer loop
      vertex   -1.962424e+01 -3.016181e+01 1.510000e+00
      vertex   -2.194997e+01 -2.800405e+01 1.510000e+00
      vertex   -2.206916e+01 -2.815938e+01 1.510000e+00
    endloop
  endfacet
  facet normal 0.000000e+00 0.000000e+00 1.000000e+00
    outer loop
      vertex   -1.962424e+01 -3.016181e+01 1.510000e+00
      vertex   -2.206916e+01 -2.815938e+01 1.510000e+00
      vertex   -2.023837e+01 -3.072108e+01 1.510000e+00
    endloop
  endfacet
  facet normal 0.000000e+00 0.000000e+00 1.000000e+00
    outer loop
      vertex   -2.023837e+01 -3.072108e+01 1.510000e+00
      vertex   -2.206916e+01 -2.815938e+01 1.510000e+00
      vertex   -2.222449e+01 -2.827857e+01 1.510000e+00
    endloop
  endfacet
  facet normal 0.000000e+00 0.000000e+00 1.000000e+00
    outer loop
      vertex   -2.023837e+01 -3.072108e+01 1.510000e+00
      vertex   -2.222449e+01 -2.827857e+01 1.510000e+00
      vertex   -2.095475e+01 -3.114145e+01 1.510000e+00
    endloop
  endfacet
  facet normal 0.000000e+00 0.000000e+00 1.000000e+00
    outer loop
      vertex   -2.095475e+01 -3.114145e+01 1.510000e+00
      vertex   -2.222449e+01 -2.827857e+01 1.510000e+00
      vertex   -2.240538e+01 -2.835350e+01 1.510000e+00
    endloop
  endfacet
  facet normal 0.000000e+00 0.000000e+00 1.000000e+00
    outer loop
      vertex   -2.095475e+01 -3.114145e+01 1.510000e+00
      vertex   -2.240538e+01 -2.835350e+01 1.510000e+00
      vertex   -2.174252e+01 -3.140480e+01 1.510000e+00
    endloop
  endfacet
  facet normal 0.000000e+00 0.000000e+00 1.000000e+00
    outer loop
      vertex   -2.174252e+01 -3.140480e+01 1.510000e+00
      vertex   -2.240538e+01 -2.835350e+01 1.510000e+00
      vertex   -2.259949e+01 -2.837905e+01 1.510000e+00
    endloop
  endfacet
  facet normal 0.000000e+00 0.000000e+00 1.000000e+00
    outer loop
      vertex   -2.174252e+01 -3.140480e+01 1.510000e+00
      vertex   -2.259949e+01 -2.837905e+01 1.510000e+00
      vertex   -2.256768e+01 -3.149978e+01 1.510000e+00
    endloop
  endfacet
  facet normal 0.000000e+00 0.000000e+00 1.000000e+00
    outer loop
      vertex   -2.256768e+01 -3.149978e+01 1.510000e+00
      vertex   -2.259949e+01 -2.837905e+01 1.510000e+00
      vertex   -2.339468e+01 -3.142228e+01 1.510000e+00
    endloop
  endfacet
  facet normal 0.000000e+00 0.000000e+00 1.000000e+00
    outer loop
      vertex   -2.339468e+01 -3.142228e+01 1.510000e+00
      vertex   -2.259949e+01 -2.837905e+01 1.510000e+00
      vertex   -2.279361e+01 -2.835350e+01 1.510000e+00
    endloop
  endfacet
  facet normal 0.000000e+00 -0.000000e+00 1.000000e+00
    outer loop
      vertex   -2.339468e+01 -3.142228e+01 1.510000e+00
      vertex   -2.279361e+01 -2.835350e+01 1.510000e+00
      vertex   -2.418784e+01 -3.117565e+01 1.510000e+00
    endloop
  endfacet
  facet normal 0.000000e+00 0.000000e+00 1.000000e+00
    outer loop
      vertex   -2.418784e+01 -3.117565e+01 1.510000e+00
      vertex   -2.279361e+01 -2.835350e+01 1.510000e+00
      vertex   -2.297449e+01 -2.827857e+01 1.510000e+00
    endloop
  endfacet
  facet normal 0.000000e+00 -0.000000e+00 1.000000e+00
    outer loop
      vertex   -2.418784e+01 -3.117565e+01 1.510000e+00
      vertex   -2.297449e+01 -2.827857e+01 1.510000e+00
      vertex   -2.491296e+01 -3.077053e+01 1.510000e+00
    endloop
  endfacet
  facet normal 0.000000e+00 0.000000e+00 1.000000e+00
    outer loop
      vertex   -2.491296e+01 -3.077053e+01 1.510000e+00
      vertex   -2.297449e+01 -2.827857e+01 1.510000e+00
      vertex   -2.312982e+01 -2.815938e+01 1.510000e+00
    endloop
  endfacet
  facet normal 0.000000e+00 -0.000000e+00 1.000000e+00
    outer loop
      vertex   -2.491296e+01 -3.077053e+01 1.510000e+00
      vertex   -2.312982e+01 -2.815938e+01 1.510000e+00
      vertex   -2.553877e+01 -3.022439e+01 1.510000e+00
    endloop
  endfacet
  facet normal 0.000000e+00 0.000000e+00 1.000000e+00
    outer loop
      vertex   -2.553877e+01 -3.022439e+01 1.510000e+00
      vertex   -2.312982e+01 -2.815938e+01 1.510000e+00
      vertex   -2.324901e+01 -2.800405e+01 1.510000e+00
    endloop
  endfacet
  facet normal 0.000000e+00 -0.000000e+00 1.000000e+00
    outer loop
      vertex   -2.553877e+01 -3.022439e+01 1.510000e+00
      vertex   -2.324901e+01 -2.800405e+01 1.510000e+00
      vertex   -2.603830e+01 -2.956076e+01 1.510000e+00
    endloop
  endfacet
  facet normal 0.000000e+00 0.000000e+00 1.000000e+00
    outer loop
      vertex   -2.603830e+01 -2.956076e+01 1.510000e+00
      vertex   -2.324901e+01 -2.800405e+01 1.510000e+00
      vertex   -2.332394e+01 -2.782317e+01 1.510000e+00
    endloop
  endfacet
  facet normal 0.000000e+00 -0.000000e+00 1.000000e+00
    outer loop
      vertex   -2.603830e+01 -2.956076e+01 1.510000e+00
      vertex   -2.332394e+01 -2.782317e+01 1.510000e+00
      vertex   -2.639000e+01 -2.880828e+01 1.510000e+00
    endloop
  endfacet
  facet normal 0.000000e+00 0.000000e+00 1.000000e+00
    outer loop
      vertex   -2.639000e+01 -2.880828e+01 1.510000e+00
      vertex   -2.332394e+01 -2.782317e+01 1.510000e+00
      vertex   -2.334949e+01 -2.762905e+01 1.510000e+00
    endloop
  endfacet
  facet normal 0.000000e+00 0.000000e+00 1.000000e+00
    outer loop
      vertex   -2.639000e+01 -2.880828e+01 1.510000e+00
      vertex   -2.334949e+01 -2.762905e+01 1.510000e+00
      vertex   -2.639000e+01 -2.619172e+01 1.510000e+00
    endloop
  endfacet
  facet normal 0.000000e+00 0.000000e+00 1.000000e+00
    outer loop
      vertex   -2.639000e+01 -2.619172e+01 1.510000e+00
      vertex   -2.334949e+01 -2.762905e+01 1.510000e+00
      vertex   -2.332394e+01 -2.743494e+01 1.510000e+00
    endloop
  endfacet
  facet normal 0.000000e+00 0.000000e+00 1.000000e+00
    outer loop
      vertex   -2.639000e+01 -2.619172e+01 1.510000e+00
      vertex   -2.332394e+01 -2.743494e+01 1.510000e+00
      vertex   -2.324901e+01 -2.725405e+01 1.510000e+00
    endloop
  endfacet
  facet normal 0.000000e+00 0.000000e+00 1.000000e+00
    outer loop
      vertex   -2.312982e+01 -2.709872e+01 1.510000e+00
      vertex   -2.553877e+01 -2.477561e+01 1.510000e+00
      vertex   -2.324901e+01 -2.725405e+01 1.510000e+00
    endloop
  endfacet
  facet normal 0.000000e+00 0.000000e+00 1.000000e+00
    outer loop
      vertex   -2.324901e+01 -2.725405e+01 1.510000e+00
      vertex   -2.553877e+01 -2.477561e+01 1.510000e+00
      vertex   -2.603830e+01 -2.543924e+01 1.510000e+00
    endloop
  endfacet
  facet normal 0.000000e+00 0.000000e+00 1.000000e+00
    outer loop
      vertex   -2.324901e+01 -2.725405e+01 1.510000e+00
      vertex   -2.603830e+01 -2.543924e+01 1.510000e+00
      vertex   -2.639000e+01 -2.619172e+01 1.510000e+00
    endloop
  endfacet
  facet normal -0.000000e+00 0.000000e+00 1.000000e+00
    outer loop
      vertex   -2.553877e+01 -2.477561e+01 1.510000e+00
      vertex   -2.312982e+01 -2.709872e+01 1.510000e+00
      vertex   -2.491296e+01 -2.422947e+01 1.510000e+00
    endloop
  endfacet
  facet normal 0.000000e+00 0.000000e+00 1.000000e+00
    outer loop
      vertex   -2.491296e+01 -2.422947e+01 1.510000e+00
      vertex   -2.312982e+01 -2.709872e+01 1.510000e+00
      vertex   -2.297449e+01 -2.697954e+01 1.510000e+00
    endloop
  endfacet
  facet normal -0.000000e+00 0.000000e+00 1.000000e+00
    outer loop
      vertex   -2.491296e+01 -2.422947e+01 1.510000e+00
      vertex   -2.297449e+01 -2.697954e+01 1.510000e+00
      vertex   -2.418784e+01 -2.382435e+01 1.510000e+00
    endloop
  endfacet
  facet normal 0.000000e+00 0.000000e+00 1.000000e+00
    outer loop
      vertex   -2.418784e+01 -2.382435e+01 1.510000e+00
      vertex   -2.297449e+01 -2.697954e+01 1.510000e+00
      vertex   -2.279361e+01 -2.690461e+01 1.510000e+00
    endloop
  endfacet
  facet normal -0.000000e+00 0.000000e+00 1.000000e+00
    outer loop
      vertex   -2.418784e+01 -2.382435e+01 1.510000e+00
      vertex   -2.279361e+01 -2.690461e+01 1.510000e+00
      vertex   -2.339468e+01 -2.357772e+01 1.510000e+00
    endloop
  endfacet
  facet normal 0.000000e+00 0.000000e+00 1.000000e+00
    outer loop
      vertex   -2.339468e+01 -2.357772e+01 1.510000e+00
      vertex   -2.279361e+01 -2.690461e+01 1.510000e+00
      vertex   -2.259949e+01 -2.687905e+01 1.510000e+00
    endloop
  endfacet
  facet normal -0.000000e+00 0.000000e+00 1.000000e+00
    outer loop
      vertex   -2.339468e+01 -2.357772e+01 1.510000e+00
      vertex   -2.259949e+01 -2.687905e+01 1.510000e+00
      vertex   -2.256768e+01 -2.350022e+01 1.510000e+00
    endloop
  endfacet
  facet normal 0.000000e+00 0.000000e+00 1.000000e+00
    outer loop
      vertex   -2.256768e+01 -2.350022e+01 1.510000e+00
      vertex   -2.259949e+01 -2.687905e+01 1.510000e+00
      vertex   -2.174252e+01 -2.359520e+01 1.510000e+00
    endloop
  endfacet
  facet normal 0.000000e+00 0.000000e+00 1.000000e+00
    outer loop
      vertex   -2.174252e+01 -2.359520e+01 1.510000e+00
      vertex   -2.259949e+01 -2.687905e+01 1.510000e+00
      vertex   -2.240538e+01 -2.690461e+01 1.510000e+00
    endloop
  endfacet
  facet normal 0.000000e+00 0.000000e+00 1.000000e+00
    outer loop
      vertex   -2.174252e+01 -2.359520e+01 1.510000e+00
      vertex   -2.240538e+01 -2.690461e+01 1.510000e+00
      vertex   -2.095475e+01 -2.385855e+01 1.510000e+00
    endloop
  endfacet
  facet normal 0.000000e+00 0.000000e+00 1.000000e+00
    outer loop
      vertex   -2.095475e+01 -2.385855e+01 1.510000e+00
      vertex   -2.240538e+01 -2.690461e+01 1.510000e+00
      vertex   -2.222449e+01 -2.697954e+01 1.510000e+00
    endloop
  endfacet
  facet normal 0.000000e+00 0.000000e+00 1.000000e+00
    outer loop
      vertex   -2.095475e+01 -2.385855e+01 1.510000e+00
      vertex   -2.222449e+01 -2.697954e+01 1.510000e+00
      vertex   -2.023837e+01 -2.427892e+01 1.510000e+00
    endloop
  endfacet
  facet normal 0.000000e+00 0.000000e+00 1.000000e+00
    outer loop
      vertex   -2.023837e+01 -2.427892e+01 1.510000e+00
      vertex   -2.222449e+01 -2.697954e+01 1.510000e+00
      vertex   -2.206916e+01 -2.709872e+01 1.510000e+00
    endloop
  endfacet
  facet normal 0.000000e+00 0.000000e+00 1.000000e+00
    outer loop
      vertex   -2.023837e+01 -2.427892e+01 1.510000e+00
      vertex   -2.206916e+01 -2.709872e+01 1.510000e+00
      vertex   -1.962424e+01 -2.483819e+01 1.510000e+00
    endloop
  endfacet
  facet normal 0.000000e+00 0.000000e+00 1.000000e+00
    outer loop
      vertex   -1.962424e+01 -2.483819e+01 1.510000e+00
      vertex   -2.206916e+01 -2.709872e+01 1.510000e+00
      vertex   -2.194997e+01 -2.725405e+01 1.510000e+00
    endloop
  endfacet
  facet normal -9.059339e-01 4.234192e-01 -5.014290e-16
    outer loop
      vertex   -2.639000e+01 2.880828e+01 -1.490000e+00
      vertex   -2.639000e+01 2.880828e+01 1.510000e+00
      vertex   -2.603830e+01 2.956076e+01 -1.490000e+00
    endloop
  endfacet
  facet normal -9.059339e-01 4.234192e-01 6.998318e-17
    outer loop
      vertex   -2.603830e+01 2.956076e+01 -1.490000e+00
      vertex   -2.639000e+01 2.880828e+01 1.510000e+00
      vertex   -2.603830e+01 2.956076e+01 1.510000e+00
    endloop
  endfacet
  facet normal -7.989524e-01 6.013943e-01 -4.782383e-16
    outer loop
      vertex   -2.603830e+01 2.956076e+01 -1.490000e+00
      vertex   -2.603830e+01 2.956076e+01 1.510000e+00
      vertex   -2.553877e+01 3.022439e+01 -1.490000e+00
    endloop
  endfacet
  facet normal -7.989524e-01 6.013943e-01 2.339557e-16
    outer loop
      vertex   -2.553877e+01 3.022439e+01 -1.490000e+00
      vertex   -2.603830e+01 2.956076e+01 1.510000e+00
      vertex   -2.553877e+01 3.022439e+01 1.510000e+00
    endloop
  endfacet
  facet normal -6.575198e-01 7.534372e-01 -1.135890e-16
    outer loop
      vertex   -2.553877e+01 3.022439e+01 -1.490000e+00
      vertex   -2.553877e+01 3.022439e+01 1.510000e+00
      vertex   -2.491296e+01 3.077053e+01 -1.490000e+00
    endloop
  endfacet
  facet normal -6.575198e-01 7.534372e-01 -1.135890e-16
    outer loop
      vertex   -2.491296e+01 3.077053e+01 -1.490000e+00
      vertex   -2.553877e+01 3.022439e+01 1.510000e+00
      vertex   -2.491296e+01 3.077053e+01 1.510000e+00
    endloop
  endfacet
  facet normal -4.877349e-01 8.729918e-01 -4.562358e-16
    outer loop
      vertex   -2.491296e+01 3.077053e+01 -1.490000e+00
      vertex   -2.491296e+01 3.077053e+01 1.510000e+00
      vertex   -2.418784e+01 3.117565e+01 -1.490000e+00
    endloop
  endfacet
  facet normal -4.877349e-01 8.729918e-01 -4.562358e-16
    outer loop
      vertex   -2.418784e+01 3.117565e+01 -1.490000e+00
      vertex   -2.491296e+01 3.077053e+01 1.510000e+00
      vertex   -2.418784e+01 3.117565e+01 1.510000e+00
    endloop
  endfacet
  facet normal -2.969188e-01 9.549027e-01 -7.792095e-16
    outer loop
      vertex   -2.418784e+01 3.117565e+01 -1.490000e+00
      vertex   -2.418784e+01 3.117565e+01 1.510000e+00
      vertex   -2.339468e+01 3.142228e+01 -1.490000e+00
    endloop
  endfacet
  facet normal -2.969188e-01 9.549027e-01 3.516225e-16
    outer loop
      vertex   -2.339468e+01 3.142228e+01 -1.490000e+00
      vertex   -2.418784e+01 3.117565e+01 1.510000e+00
      vertex   -2.339468e+01 3.142228e+01 1.510000e+00
    endloop
  endfacet
  facet normal -9.329944e-02 9.956381e-01 1.104887e-16
    outer loop
      vertex   -2.339468e+01 3.142228e+01 -1.490000e+00
      vertex   -2.339468e+01 3.142228e+01 1.510000e+00
      vertex   -2.256768e+01 3.149978e+01 -1.490000e+00
    endloop
  endfacet
  facet normal -9.329944e-02 9.956381e-01 1.104887e-16
    outer loop
      vertex   -2.256768e+01 3.149978e+01 -1.490000e+00
      vertex   -2.339468e+01 3.142228e+01 1.510000e+00
      vertex   -2.256768e+01 3.149978e+01 1.510000e+00
    endloop
  endfacet
  facet normal 1.143430e-01 9.934413e-01 -1.354093e-16
    outer loop
      vertex   -2.256768e+01 3.149978e+01 -1.490000e+00
      vertex   -2.256768e+01 3.149978e+01 1.510000e+00
      vertex   -2.174252e+01 3.140480e+01 -1.490000e+00
    endloop
  endfacet
  facet normal 1.143430e-01 9.934413e-01 -1.354093e-16
    outer loop
      vertex   -2.174252e+01 3.140480e+01 -1.490000e+00
      vertex   -2.256768e+01 3.149978e+01 1.510000e+00
      vertex   -2.174252e+01 3.140480e+01 1.510000e+00
    endloop
  endfacet
  facet normal 3.170549e-01 9.484072e-01 -3.754685e-16
    outer loop
      vertex   -2.174252e+01 3.140480e+01 -1.490000e+00
      vertex   -2.174252e+01 3.140480e+01 1.510000e+00
      vertex   -2.095475e+01 3.114145e+01 -1.490000e+00
    endloop
  endfacet
  facet normal 3.170549e-01 9.484072e-01 3.722028e-16
    outer loop
      vertex   -2.095475e+01 3.114145e+01 -1.490000e+00
      vertex   -2.174252e+01 3.140480e+01 1.510000e+00
      vertex   -2.095475e+01 3.114145e+01 1.510000e+00
    endloop
  endfacet
  facet normal 5.060954e-01 8.624775e-01 -1.772961e-16
    outer loop
      vertex   -2.095475e+01 3.114145e+01 -1.490000e+00
      vertex   -2.095475e+01 3.114145e+01 1.510000e+00
      vertex   -2.023837e+01 3.072108e+01 -1.490000e+00
    endloop
  endfacet
  facet normal 5.060954e-01 8.624775e-01 -1.198675e-15
    outer loop
      vertex   -2.023837e+01 3.072108e+01 -1.490000e+00
      vertex   -2.095475e+01 3.114145e+01 1.510000e+00
      vertex   -2.023837e+01 3.072108e+01 1.510000e+00
    endloop
  endfacet
  facet normal 6.733129e-01 7.393576e-01 -1.594725e-15
    outer loop
      vertex   -2.023837e+01 3.072108e+01 -1.490000e+00
      vertex   -2.023837e+01 3.072108e+01 1.510000e+00
      vertex   -1.962424e+01 3.016181e+01 -1.490000e+00
    endloop
  endfacet
  facet normal 6.733129e-01 7.393576e-01 9.537880e-16
    outer loop
      vertex   -1.962424e+01 3.016181e+01 -1.490000e+00
      vertex   -2.023837e+01 3.072108e+01 1.510000e+00
      vertex   -1.962424e+01 3.016181e+01 1.510000e+00
    endloop
  endfacet
  facet normal 8.114970e-01 5.843565e-01 4.230287e-16
    outer loop
      vertex   -1.962424e+01 3.016181e+01 -1.490000e+00
      vertex   -1.962424e+01 3.016181e+01 1.510000e+00
      vertex   -1.913887e+01 2.948777e+01 -1.490000e+00
    endloop
  endfacet
  facet normal 8.114970e-01 5.843565e-01 -1.229994e-15
    outer loop
      vertex   -1.913887e+01 2.948777e+01 -1.490000e+00
      vertex   -1.962424e+01 3.016181e+01 1.510000e+00
      vertex   -1.913887e+01 2.948777e+01 1.510000e+00
    endloop
  endfacet
  facet normal 9.146893e-01 4.041578e-01 -1.687800e-15
    outer loop
      vertex   -1.913887e+01 2.948777e+01 -1.490000e+00
      vertex   -1.913887e+01 2.948777e+01 1.510000e+00
      vertex   -1.880317e+01 2.872802e+01 -1.490000e+00
    endloop
  endfacet
  facet normal 9.146893e-01 4.041578e-01 -6.045907e-16
    outer loop
      vertex   -1.880317e+01 2.872802e+01 -1.490000e+00
      vertex   -1.913887e+01 2.948777e+01 1.510000e+00
      vertex   -1.880317e+01 2.872802e+01 1.510000e+00
    endloop
  endfacet
  facet normal 9.784399e-01 2.065318e-01 -9.141229e-16
    outer loop
      vertex   -1.880317e+01 2.872802e+01 -1.490000e+00
      vertex   -1.880317e+01 2.872802e+01 1.510000e+00
      vertex   -1.863162e+01 2.791531e+01 -1.490000e+00
    endloop
  endfacet
  facet normal 9.784399e-01 2.065318e-01 4.891655e-16
    outer loop
      vertex   -1.863162e+01 2.791531e+01 -1.490000e+00
      vertex   -1.880317e+01 2.872802e+01 1.510000e+00
      vertex   -1.863162e+01 2.791531e+01 1.510000e+00
    endloop
  endfacet
  facet normal 1.000000e+00 0.000000e+00 0.000000e+00
    outer loop
      vertex   -1.863162e+01 2.791531e+01 -1.490000e+00
      vertex   -1.863162e+01 2.791531e+01 1.510000e+00
      vertex   -1.863162e+01 2.708469e+01 -1.490000e+00
    endloop
  endfacet
  facet normal 1.000000e+00 0.000000e+00 -0.000000e+00
    outer loop
      vertex   -1.863162e+01 2.708469e+01 -1.490000e+00
      vertex   -1.863162e+01 2.791531e+01 1.510000e+00
      vertex   -1.863162e+01 2.708469e+01 1.510000e+00
    endloop
  endfacet
  facet normal 9.784399e-01 -2.065318e-01 -2.445827e-16
    outer loop
      vertex   -1.863162e+01 2.708469e+01 -1.490000e+00
      vertex   -1.863162e+01 2.708469e+01 1.510000e+00
      vertex   -1.880317e+01 2.627198e+01 -1.490000e+00
    endloop
  endfacet
  facet normal 9.784399e-01 -2.065318e-01 -2.445827e-16
    outer loop
      vertex   -1.880317e+01 2.627198e+01 -1.490000e+00
      vertex   -1.863162e+01 2.708469e+01 1.510000e+00
      vertex   -1.880317e+01 2.627198e+01 1.510000e+00
    endloop
  endfacet
  facet normal 9.146893e-01 -4.041578e-01 -4.786190e-16
    outer loop
      vertex   -1.880317e+01 2.627198e+01 -1.490000e+00
      vertex   -1.880317e+01 2.627198e+01 1.510000e+00
      vertex   -1.913887e+01 2.551223e+01 -1.490000e+00
    endloop
  endfacet
  facet normal 9.146893e-01 -4.041578e-01 0.000000e+00
    outer loop
      vertex   -1.913887e+01 2.551223e+01 -1.490000e+00
      vertex   -1.880317e+01 2.627198e+01 1.510000e+00
      vertex   -1.913887e+01 2.551223e+01 1.510000e+00
    endloop
  endfacet
  facet normal 8.114970e-01 -5.843565e-01 0.000000e+00
    outer loop
      vertex   -1.913887e+01 2.551223e+01 -1.490000e+00
      vertex   -1.913887e+01 2.551223e+01 1.510000e+00
      vertex   -1.962424e+01 2.483819e+01 -1.490000e+00
    endloop
  endfacet
  facet normal 8.114970e-01 -5.843565e-01 9.610056e-16
    outer loop
      vertex   -1.962424e+01 2.483819e+01 -1.490000e+00
      vertex   -1.913887e+01 2.551223e+01 1.510000e+00
      vertex   -1.962424e+01 2.483819e+01 1.510000e+00
    endloop
  endfacet
  facet normal 6.733129e-01 -7.393576e-01 7.973627e-16
    outer loop
      vertex   -1.962424e+01 2.483819e+01 -1.490000e+00
      vertex   -1.962424e+01 2.483819e+01 1.510000e+00
      vertex   -2.023837e+01 2.427892e+01 -1.490000e+00
    endloop
  endfacet
  facet normal 6.733129e-01 -7.393576e-01 0.000000e+00
    outer loop
      vertex   -2.023837e+01 2.427892e+01 -1.490000e+00
      vertex   -1.962424e+01 2.483819e+01 1.510000e+00
      vertex   -2.023837e+01 2.427892e+01 1.510000e+00
    endloop
  endfacet
  facet normal 5.060954e-01 -8.624775e-01 0.000000e+00
    outer loop
      vertex   -2.023837e+01 2.427892e+01 -1.490000e+00
      vertex   -2.023837e+01 2.427892e+01 1.510000e+00
      vertex   -2.095475e+01 2.385855e+01 -1.490000e+00
    endloop
  endfacet
  facet normal 5.060954e-01 -8.624775e-01 1.772961e-16
    outer loop
      vertex   -2.095475e+01 2.385855e+01 -1.490000e+00
      vertex   -2.023837e+01 2.427892e+01 1.510000e+00
      vertex   -2.095475e+01 2.385855e+01 1.510000e+00
    endloop
  endfacet
  facet normal 3.170549e-01 -9.484072e-01 -3.722028e-16
    outer loop
      vertex   -2.095475e+01 2.385855e+01 -1.490000e+00
      vertex   -2.095475e+01 2.385855e+01 1.510000e+00
      vertex   -2.174252e+01 2.359520e+01 -1.490000e+00
    endloop
  endfacet
  facet normal 3.170549e-01 -9.484072e-01 -3.754685e-16
    outer loop
      vertex   -2.174252e+01 2.359520e+01 -1.490000e+00
      vertex   -2.095475e+01 2.385855e+01 1.510000e+00
      vertex   -2.174252e+01 2.359520e+01 1.510000e+00
    endloop
  endfacet
  facet normal 1.143430e-01 -9.934413e-01 -1.354093e-16
    outer loop
      vertex   -2.174252e+01 2.359520e+01 -1.490000e+00
      vertex   -2.174252e+01 2.359520e+01 1.510000e+00
      vertex   -2.256768e+01 2.350022e+01 -1.490000e+00
    endloop
  endfacet
  facet normal 1.143430e-01 -9.934413e-01 0.000000e+00
    outer loop
      vertex   -2.256768e+01 2.350022e+01 -1.490000e+00
      vertex   -2.174252e+01 2.359520e+01 1.510000e+00
      vertex   -2.256768e+01 2.350022e+01 1.510000e+00
    endloop
  endfacet
  facet normal -9.329944e-02 -9.956381e-01 0.000000e+00
    outer loop
      vertex   -2.256768e+01 2.350022e+01 -1.490000e+00
      vertex   -2.256768e+01 2.350022e+01 1.510000e+00
      vertex   -2.339468e+01 2.357772e+01 -1.490000e+00
    endloop
  endfacet
  facet normal -9.329944e-02 -9.956381e-01 0.000000e+00
    outer loop
      vertex   -2.339468e+01 2.357772e+01 -1.490000e+00
      vertex   -2.256768e+01 2.350022e+01 1.510000e+00
      vertex   -2.339468e+01 2.357772e+01 1.510000e+00
    endloop
  endfacet
  facet normal -2.969188e-01 -9.549027e-01 0.000000e+00
    outer loop
      vertex   -2.339468e+01 2.357772e+01 -1.490000e+00
      vertex   -2.339468e+01 2.357772e+01 1.510000e+00
      vertex   -2.418784e+01 2.382435e+01 -1.490000e+00
    endloop
  endfacet
  facet normal -2.969188e-01 -9.549027e-01 1.130832e-15
    outer loop
      vertex   -2.418784e+01 2.382435e+01 -1.490000e+00
      vertex   -2.339468e+01 2.357772e+01 1.510000e+00
      vertex   -2.418784e+01 2.382435e+01 1.510000e+00
    endloop
  endfacet
  facet normal -4.877349e-01 -8.729918e-01 1.033830e-15
    outer loop
      vertex   -2.418784e+01 2.382435e+01 -1.490000e+00
      vertex   -2.418784e+01 2.382435e+01 1.510000e+00
      vertex   -2.491296e+01 2.422947e+01 -1.490000e+00
    endloop
  endfacet
  facet normal -4.877349e-01 -8.729918e-01 0.000000e+00
    outer loop
      vertex   -2.491296e+01 2.422947e+01 -1.490000e+00
      vertex   -2.418784e+01 2.382435e+01 1.510000e+00
      vertex   -2.491296e+01 2.422947e+01 1.510000e+00
    endloop
  endfacet
  facet normal -6.575198e-01 -7.534372e-01 0.000000e+00
    outer loop
      vertex   -2.491296e+01 2.422947e+01 -1.490000e+00
      vertex   -2.491296e+01 2.422947e+01 1.510000e+00
      vertex   -2.553877e+01 2.477561e+01 -1.490000e+00
    endloop
  endfacet
  facet normal -6.575198e-01 -7.534372e-01 0.000000e+00
    outer loop
      vertex   -2.553877e+01 2.477561e+01 -1.490000e+00
      vertex   -2.491296e+01 2.422947e+01 1.510000e+00
      vertex   -2.553877e+01 2.477561e+01 1.510000e+00
    endloop
  endfacet
  facet normal -7.989524e-01 -6.013943e-01 0.000000e+00
    outer loop
      vertex   -2.553877e+01 2.477561e+01 -1.490000e+00
      vertex   -2.553877e+01 2.477561e+01 1.510000e+00
      vertex   -2.603830e+01 2.543924e+01 -1.490000e+00
    endloop
  endfacet
  facet normal -7.989524e-01 -6.013943e-01 0.000000e+00
    outer loop
      vertex   -2.603830e+01 2.543924e+01 -1.490000e+00
      vertex   -2.553877e+01 2.477561e+01 1.510000e+00
      vertex   -2.603830e+01 2.543924e+01 1.510000e+00
    endloop
  endfacet
  facet normal -9.059339e-01 -4.234192e-01 0.000000e+00
    outer loop
      vertex   -2.603830e+01 2.543924e+01 -1.490000e+00
      vertex   -2.603830e+01 2.543924e+01 1.510000e+00
      vertex   -2.639000e+01 2.619172e+01 -1.490000e+00
    endloop
  endfacet
  facet normal -9.059339e-01 -4.234192e-01 -5.014290e-16
    outer loop
      vertex   -2.639000e+01 2.619172e+01 -1.490000e+00
      vertex   -2.603830e+01 2.543924e+01 1.510000e+00
      vertex   -2.639000e+01 2.619172e+01 1.510000e+00
    endloop
  endfacet
  facet normal -0.000000e+00 0.000000e+00 1.000000e+00
    outer loop
      vertex   -2.188556e+01 2.730589e+01 1.510000e+00
      vertex   -1.863162e+01 2.708469e+01 1.510000e+00
      vertex   -2.186000e+01 2.750000e+01 1.510000e+00
    endloop
  endfacet
  facet normal -0.000000e+00 0.000000e+00 1.000000e+00
    outer loop
      vertex   -2.186000e+01 2.750000e+01 1.510000e+00
      vertex   -1.863162e+01 2.708469e+01 1.510000e+00
      vertex   -1.863162e+01 2.791531e+01 1.510000e+00
    endloop
  endfacet
  facet normal 0.000000e+00 -0.000000e+00 1.000000e+00
    outer loop
      vertex   -2.186000e+01 2.750000e+01 1.510000e+00
      vertex   -1.863162e+01 2.791531e+01 1.510000e+00
      vertex   -2.188556e+01 2.769411e+01 1.510000e+00
    endloop
  endfacet
  facet normal 0.000000e+00 0.000000e+00 1.000000e+00
    outer loop
      vertex   -2.188556e+01 2.769411e+01 1.510000e+00
      vertex   -1.863162e+01 2.791531e+01 1.510000e+00
      vertex   -1.880317e+01 2.872802e+01 1.510000e+00
    endloop
  endfacet
  facet normal 0.000000e+00 0.000000e+00 1.000000e+00
    outer loop
      vertex   -2.188556e+01 2.769411e+01 1.510000e+00
      vertex   -1.880317e+01 2.872802e+01 1.510000e+00
      vertex   -1.913887e+01 2.948777e+01 1.510000e+00
    endloop
  endfacet
  facet normal -0.000000e+00 0.000000e+00 1.000000e+00
    outer loop
      vertex   -2.196048e+01 2.712500e+01 1.510000e+00
      vertex   -1.913887e+01 2.551223e+01 1.510000e+00
      vertex   -2.188556e+01 2.730589e+01 1.510000e+00
    endloop
  endfacet
  facet normal 0.000000e+00 0.000000e+00 1.000000e+00
    outer loop
      vertex   -2.188556e+01 2.730589e+01 1.510000e+00
      vertex   -1.913887e+01 2.551223e+01 1.510000e+00
      vertex   -1.880317e+01 2.627198e+01 1.510000e+00
    endloop
  endfacet
  facet normal 0.000000e+00 0.000000e+00 1.000000e+00
    outer loop
      vertex   -2.188556e+01 2.730589e+01 1.510000e+00
      vertex   -1.880317e+01 2.627198e+01 1.510000e+00
      vertex   -1.863162e+01 2.708469e+01 1.510000e+00
    endloop
  endfacet
  facet normal 0.000000e+00 0.000000e+00 1.000000e+00
    outer loop
      vertex   -1.913887e+01 2.551223e+01 1.510000e+00
      vertex   -2.196048e+01 2.712500e+01 1.510000e+00
      vertex   -1.962424e+01 2.483819e+01 1.510000e+00
    endloop
  endfacet
  facet normal 0.000000e+00 0.000000e+00 1.000000e+00
    outer loop
      vertex   -1.962424e+01 2.483819e+01 1.510000e+00
      vertex   -2.196048e+01 2.712500e+01 1.510000e+00
      vertex   -2.207967e+01 2.696967e+01 1.510000e+00
    endloop
  endfacet
  facet normal 0.000000e+00 0.000000e+00 1.000000e+00
    outer loop
      vertex   -1.962424e+01 2.483819e+01 1.510000e+00
      vertex   -2.207967e+01 2.696967e+01 1.510000e+00
      vertex   -2.023837e+01 2.427892e+01 1.510000e+00
    endloop
  endfacet
  facet normal 0.000000e+00 0.000000e+00 1.000000e+00
    outer loop
      vertex   -2.023837e+01 2.427892e+01 1.510000e+00
      vertex   -2.207967e+01 2.696967e+01 1.510000e+00
      vertex   -2.223500e+01 2.685048e+01 1.510000e+00
    endloop
  endfacet
  facet normal 0.000000e+00 0.000000e+00 1.000000e+00
    outer loop
      vertex   -2.023837e+01 2.427892e+01 1.510000e+00
      vertex   -2.223500e+01 2.685048e+01 1.510000e+00
      vertex   -2.095475e+01 2.385855e+01 1.510000e+00
    endloop
  endfacet
  facet normal 0.000000e+00 0.000000e+00 1.000000e+00
    outer loop
      vertex   -2.095475e+01 2.385855e+01 1.510000e+00
      vertex   -2.223500e+01 2.685048e+01 1.510000e+00
      vertex   -2.241589e+01 2.677556e+01 1.510000e+00
    endloop
  endfacet
  facet normal 0.000000e+00 0.000000e+00 1.000000e+00
    outer loop
      vertex   -2.095475e+01 2.385855e+01 1.510000e+00
      vertex   -2.241589e+01 2.677556e+01 1.510000e+00
      vertex   -2.174252e+01 2.359520e+01 1.510000e+00
    endloop
  endfacet
  facet normal 0.000000e+00 0.000000e+00 1.000000e+00
    outer loop
      vertex   -2.174252e+01 2.359520e+01 1.510000e+00
      vertex   -2.241589e+01 2.677556e+01 1.510000e+00
      vertex   -2.261000e+01 2.675000e+01 1.510000e+00
    endloop
  endfacet
  facet normal 0.000000e+00 0.000000e+00 1.000000e+00
    outer loop
      vertex   -2.174252e+01 2.359520e+01 1.510000e+00
      vertex   -2.261000e+01 2.675000e+01 1.510000e+00
      vertex   -2.256768e+01 2.350022e+01 1.510000e+00
    endloop
  endfacet
  facet normal 0.000000e+00 0.000000e+00 1.000000e+00
    outer loop
      vertex   -2.256768e+01 2.350022e+01 1.510000e+00
      vertex   -2.261000e+01 2.675000e+01 1.510000e+00
      vertex   -2.339468e+01 2.357772e+01 1.510000e+00
    endloop
  endfacet
  facet normal 0.000000e+00 0.000000e+00 1.000000e+00
    outer loop
      vertex   -2.339468e+01 2.357772e+01 1.510000e+00
      vertex   -2.261000e+01 2.675000e+01 1.510000e+00
      vertex   -2.280411e+01 2.677556e+01 1.510000e+00
    endloop
  endfacet
  facet normal 0.000000e+00 -0.000000e+00 1.000000e+00
    outer loop
      vertex   -2.339468e+01 2.357772e+01 1.510000e+00
      vertex   -2.280411e+01 2.677556e+01 1.510000e+00
      vertex   -2.418784e+01 2.382435e+01 1.510000e+00
    endloop
  endfacet
  facet normal 0.000000e+00 0.000000e+00 1.000000e+00
    outer loop
      vertex   -2.418784e+01 2.382435e+01 1.510000e+00
      vertex   -2.280411e+01 2.677556e+01 1.510000e+00
      vertex   -2.298500e+01 2.685048e+01 1.510000e+00
    endloop
  endfacet
  facet normal 0.000000e+00 -0.000000e+00 1.000000e+00
    outer loop
      vertex   -2.418784e+01 2.382435e+01 1.510000e+00
      vertex   -2.298500e+01 2.685048e+01 1.510000e+00
      vertex   -2.491296e+01 2.422947e+01 1.510000e+00
    endloop
  endfacet
  facet normal 0.000000e+00 0.000000e+00 1.000000e+00
    outer loop
      vertex   -2.491296e+01 2.422947e+01 1.510000e+00
      vertex   -2.298500e+01 2.685048e+01 1.510000e+00
      vertex   -2.314033e+01 2.696967e+01 1.510000e+00
    endloop
  endfacet
  facet normal 0.000000e+00 -0.000000e+00 1.000000e+00
    outer loop
      vertex   -2.491296e+01 2.422947e+01 1.510000e+00
      vertex   -2.314033e+01 2.696967e+01 1.510000e+00
      vertex   -2.553877e+01 2.477561e+01 1.510000e+00
    endloop
  endfacet
  facet normal 0.000000e+00 0.000000e+00 1.000000e+00
    outer loop
      vertex   -2.553877e+01 2.477561e+01 1.510000e+00
      vertex   -2.314033e+01 2.696967e+01 1.510000e+00
      vertex   -2.325952e+01 2.712500e+01 1.510000e+00
    endloop
  endfacet
  facet normal 0.000000e+00 -0.000000e+00 1.000000e+00
    outer loop
      vertex   -2.553877e+01 2.477561e+01 1.510000e+00
      vertex   -2.325952e+01 2.712500e+01 1.510000e+00
      vertex   -2.603830e+01 2.543924e+01 1.510000e+00
    endloop
  endfacet
  facet normal 0.000000e+00 -0.000000e+00 1.000000e+00
    outer loop
      vertex   -2.603830e+01 2.543924e+01 1.510000e+00
      vertex   -2.325952e+01 2.712500e+01 1.510000e+00
      vertex   -2.639000e+01 2.619172e+01 1.510000e+00
    endloop
  endfacet
  facet normal 0.000000e+00 0.000000e+00 1.000000e+00
    outer loop
      vertex   -2.639000e+01 2.619172e+01 1.510000e+00
      vertex   -2.325952e+01 2.712500e+01 1.510000e+00
      vertex   -2.333444e+01 2.730589e+01 1.510000e+00
    endloop
  endfacet
  facet normal 0.000000e+00 0.000000e+00 1.000000e+00
    outer loop
      vertex   -2.639000e+01 2.619172e+01 1.510000e+00
      vertex   -2.333444e+01 2.730589e+01 1.510000e+00
      vertex   -2.336000e+01 2.750000e+01 1.510000e+00
    endloop
  endfacet
  facet normal 0.000000e+00 0.000000e+00 1.000000e+00
    outer loop
      vertex   -2.639000e+01 2.619172e+01 1.510000e+00
      vertex   -2.336000e+01 2.750000e+01 1.510000e+00
      vertex   -2.639000e+01 2.880828e+01 1.510000e+00
    endloop
  endfacet
  facet normal 0.000000e+00 0.000000e+00 1.000000e+00
    outer loop
      vertex   -2.639000e+01 2.880828e+01 1.510000e+00
      vertex   -2.336000e+01 2.750000e+01 1.510000e+00
      vertex   -2.333444e+01 2.769411e+01 1.510000e+00
    endloop
  endfacet
  facet normal 0.000000e+00 0.000000e+00 1.000000e+00
    outer loop
      vertex   -2.639000e+01 2.880828e+01 1.510000e+00
      vertex   -2.333444e+01 2.769411e+01 1.510000e+00
      vertex   -2.325952e+01 2.787500e+01 1.510000e+00
    endloop
  endfacet
  facet normal 0.000000e+00 0.000000e+00 1.000000e+00
    outer loop
      vertex   -2.314033e+01 2.803033e+01 1.510000e+00
      vertex   -2.553877e+01 3.022439e+01 1.510000e+00
      vertex   -2.325952e+01 2.787500e+01 1.510000e+00
    endloop
  endfacet
  facet normal 0.000000e+00 0.000000e+00 1.000000e+00
    outer loop
      vertex   -2.325952e+01 2.787500e+01 1.510000e+00
      vertex   -2.553877e+01 3.022439e+01 1.510000e+00
      vertex   -2.603830e+01 2.956076e+01 1.510000e+00
    endloop
  endfacet
  facet normal 0.000000e+00 0.000000e+00 1.000000e+00
    outer loop
      vertex   -2.325952e+01 2.787500e+01 1.510000e+00
      vertex   -2.603830e+01 2.956076e+01 1.510000e+00
      vertex   -2.639000e+01 2.880828e+01 1.510000e+00
    endloop
  endfacet
  facet normal -0.000000e+00 0.000000e+00 1.000000e+00
    outer loop
      vertex   -2.553877e+01 3.022439e+01 1.510000e+00
      vertex   -2.314033e+01 2.803033e+01 1.510000e+00
      vertex   -2.491296e+01 3.077053e+01 1.510000e+00
    endloop
  endfacet
  facet normal 0.000000e+00 0.000000e+00 1.000000e+00
    outer loop
      vertex   -2.491296e+01 3.077053e+01 1.510000e+00
      vertex   -2.314033e+01 2.803033e+01 1.510000e+00
      vertex   -2.298500e+01 2.814952e+01 1.510000e+00
    endloop
  endfacet
  facet normal -0.000000e+00 0.000000e+00 1.000000e+00
    outer loop
      vertex   -2.491296e+01 3.077053e+01 1.510000e+00
      vertex   -2.298500e+01 2.814952e+01 1.510000e+00
      vertex   -2.418784e+01 3.117565e+01 1.510000e+00
    endloop
  endfacet
  facet normal 0.000000e+00 0.000000e+00 1.000000e+00
    outer loop
      vertex   -2.418784e+01 3.117565e+01 1.510000e+00
      vertex   -2.298500e+01 2.814952e+01 1.510000e+00
      vertex   -2.280411e+01 2.822444e+01 1.510000e+00
    endloop
  endfacet
  facet normal -0.000000e+00 0.000000e+00 1.000000e+00
    outer loop
      vertex   -2.418784e+01 3.117565e+01 1.510000e+00
      vertex   -2.280411e+01 2.822444e+01 1.510000e+00
      vertex   -2.339468e+01 3.142228e+01 1.510000e+00
    endloop
  endfacet
  facet normal 0.000000e+00 0.000000e+00 1.000000e+00
    outer loop
      vertex   -2.339468e+01 3.142228e+01 1.510000e+00
      vertex   -2.280411e+01 2.822444e+01 1.510000e+00
      vertex   -2.261000e+01 2.825000e+01 1.510000e+00
    endloop
  endfacet
  facet normal -0.000000e+00 0.000000e+00 1.000000e+00
    outer loop
      vertex   -2.339468e+01 3.142228e+01 1.510000e+00
      vertex   -2.261000e+01 2.825000e+01 1.510000e+00
      vertex   -2.256768e+01 3.149978e+01 1.510000e+00
    endloop
  endfacet
  facet normal 0.000000e+00 0.000000e+00 1.000000e+00
    outer loop
      vertex   -2.256768e+01 3.149978e+01 1.510000e+00
      vertex   -2.261000e+01 2.825000e+01 1.510000e+00
      vertex   -2.174252e+01 3.140480e+01 1.510000e+00
    endloop
  endfacet
  facet normal 0.000000e+00 0.000000e+00 1.000000e+00
    outer loop
      vertex   -2.174252e+01 3.140480e+01 1.510000e+00
      vertex   -2.261000e+01 2.825000e+01 1.510000e+00
      vertex   -2.241589e+01 2.822444e+01 1.510000e+00
    endloop
  endfacet
  facet normal 0.000000e+00 0.000000e+00 1.000000e+00
    outer loop
      vertex   -2.174252e+01 3.140480e+01 1.510000e+00
      vertex   -2.241589e+01 2.822444e+01 1.510000e+00
      vertex   -2.095475e+01 3.114145e+01 1.510000e+00
    endloop
  endfacet
  facet normal 0.000000e+00 0.000000e+00 1.000000e+00
    outer loop
      vertex   -2.095475e+01 3.114145e+01 1.510000e+00
      vertex   -2.241589e+01 2.822444e+01 1.510000e+00
      vertex   -2.223500e+01 2.814952e+01 1.510000e+00
    endloop
  endfacet
  facet normal 0.000000e+00 0.000000e+00 1.000000e+00
    outer loop
      vertex   -2.095475e+01 3.114145e+01 1.510000e+00
      vertex   -2.223500e+01 2.814952e+01 1.510000e+00
      vertex   -2.023837e+01 3.072108e+01 1.510000e+00
    endloop
  endfacet
  facet normal 0.000000e+00 0.000000e+00 1.000000e+00
    outer loop
      vertex   -2.023837e+01 3.072108e+01 1.510000e+00
      vertex   -2.223500e+01 2.814952e+01 1.510000e+00
      vertex   -2.207967e+01 2.803033e+01 1.510000e+00
    endloop
  endfacet
  facet normal 0.000000e+00 0.000000e+00 1.000000e+00
    outer loop
      vertex   -2.023837e+01 3.072108e+01 1.510000e+00
      vertex   -2.207967e+01 2.803033e+01 1.510000e+00
      vertex   -1.962424e+01 3.016181e+01 1.510000e+00
    endloop
  endfacet
  facet normal 0.000000e+00 0.000000e+00 1.000000e+00
    outer loop
      vertex   -1.962424e+01 3.016181e+01 1.510000e+00
      vertex   -2.207967e+01 2.803033e+01 1.510000e+00
      vertex   -2.196048e+01 2.787500e+01 1.510000e+00
    endloop
  endfacet
  facet normal 0.000000e+00 0.000000e+00 1.000000e+00
    outer loop
      vertex   -1.962424e+01 3.016181e+01 1.510000e+00
      vertex   -2.196048e+01 2.787500e+01 1.510000e+00
      vertex   -1.913887e+01 2.948777e+01 1.510000e+00
    endloop
  endfacet
  facet normal 0.000000e+00 0.000000e+00 1.000000e+00
    outer loop
      vertex   -1.913887e+01 2.948777e+01 1.510000e+00
      vertex   -2.196048e+01 2.787500e+01 1.510000e+00
      vertex   -2.188556e+01 2.769411e+01 1.510000e+00
    endloop
  endfacet
  facet normal 9.948693e-01 1.011683e-01 -0.000000e+00
    outer loop
      vertex   2.630812e+01 -2.669481e+01 -1.490000e+00
      vertex   2.630812e+01 -2.669481e+01 1.510000e+00
      vertex   2.639000e+01 -2.750000e+01 -1.490000e+00
    endloop
  endfacet
  facet normal 9.948693e-01 1.011683e-01 -0.000000e+00
    outer loop
      vertex   2.639000e+01 -2.750000e+01 -1.490000e+00
      vertex   2.630812e+01 -2.669481e+01 1.510000e+00
      vertex   2.639000e+01 -2.750000e+01 1.510000e+00
    endloop
  endfacet
  facet normal 9.948693e-01 -1.011683e-01 0.000000e+00
    outer loop
      vertex   2.639000e+01 -2.750000e+01 -1.490000e+00
      vertex   2.639000e+01 -2.750000e+01 1.510000e+00
      vertex   2.630812e+01 -2.830519e+01 -1.490000e+00
    endloop
  endfacet
  facet normal 9.948693e-01 -1.011683e-01 0.000000e+00
    outer loop
      vertex   2.630812e+01 -2.830519e+01 -1.490000e+00
      vertex   2.639000e+01 -2.750000e+01 1.510000e+00
      vertex   2.630812e+01 -2.830519e+01 1.510000e+00
    endloop
  endfacet
  facet normal 9.541393e-01 -2.993631e-01 0.000000e+00
    outer loop
      vertex   2.630812e+01 -2.830519e+01 -1.490000e+00
      vertex   2.630812e+01 -2.830519e+01 1.510000e+00
      vertex   2.606583e+01 -2.907742e+01 1.510000e+00
    endloop
  endfacet
  facet normal 9.541393e-01 2.993631e-01 -0.000000e+00
    outer loop
      vertex   2.630812e+01 -2.669481e+01 -1.490000e+00
      vertex   2.606583e+01 -2.592258e+01 -1.490000e+00
      vertex   2.630812e+01 -2.669481e+01 1.510000e+00
    endloop
  endfacet
  facet normal 9.541393e-01 2.993631e-01 0.000000e+00
    outer loop
      vertex   2.630812e+01 -2.669481e+01 1.510000e+00
      vertex   2.606583e+01 -2.592258e+01 -1.490000e+00
      vertex   2.606583e+01 -2.592258e+01 1.510000e+00
    endloop
  endfacet
  facet normal 8.743466e-01 4.853020e-01 0.000000e+00
    outer loop
      vertex   2.606583e+01 -2.592258e+01 1.510000e+00
      vertex   2.606583e+01 -2.592258e+01 -1.490000e+00
      vertex   2.567305e+01 -2.521493e+01 -1.490000e+00
    endloop
  endfacet
  facet normal 8.743466e-01 4.853020e-01 0.000000e+00
    outer loop
      vertex   2.606583e+01 -2.592258e+01 1.510000e+00
      vertex   2.567305e+01 -2.521493e+01 -1.490000e+00
      vertex   2.567305e+01 -2.521493e+01 1.510000e+00
    endloop
  endfacet
  facet normal 7.587581e-01 6.513725e-01 0.000000e+00
    outer loop
      vertex   2.567305e+01 -2.521493e+01 1.510000e+00
      vertex   2.567305e+01 -2.521493e+01 -1.490000e+00
      vertex   2.514587e+01 -2.460083e+01 -1.490000e+00
    endloop
  endfacet
  facet normal 7.587581e-01 6.513725e-01 0.000000e+00
    outer loop
      vertex   2.567305e+01 -2.521493e+01 1.510000e+00
      vertex   2.514587e+01 -2.460083e+01 -1.490000e+00
      vertex   2.514587e+01 -2.460083e+01 1.510000e+00
    endloop
  endfacet
  facet normal 6.121060e-01 7.907757e-01 0.000000e+00
    outer loop
      vertex   2.514587e+01 -2.460083e+01 1.510000e+00
      vertex   2.514587e+01 -2.460083e+01 -1.490000e+00
      vertex   2.450586e+01 -2.410542e+01 -1.490000e+00
    endloop
  endfacet
  facet normal 6.121060e-01 7.907757e-01 0.000000e+00
    outer loop
      vertex   2.514587e+01 -2.460083e+01 1.510000e+00
      vertex   2.450586e+01 -2.410542e+01 -1.490000e+00
      vertex   2.450586e+01 -2.410542e+01 1.510000e+00
    endloop
  endfacet
  facet normal 4.403942e-01 8.978045e-01 0.000000e+00
    outer loop
      vertex   2.450586e+01 -2.410542e+01 1.510000e+00
      vertex   2.450586e+01 -2.410542e+01 -1.490000e+00
      vertex   2.377922e+01 -2.374899e+01 -1.490000e+00
    endloop
  endfacet
  facet normal 4.403942e-01 8.978045e-01 5.258384e-16
    outer loop
      vertex   2.450586e+01 -2.410542e+01 1.510000e+00
      vertex   2.377922e+01 -2.374899e+01 -1.490000e+00
      vertex   2.377922e+01 -2.374899e+01 1.510000e+00
    endloop
  endfacet
  facet normal 2.506525e-01 9.680771e-01 2.968322e-16
    outer loop
      vertex   2.377922e+01 -2.374899e+01 1.510000e+00
      vertex   2.377922e+01 -2.374899e+01 -1.490000e+00
      vertex   2.299571e+01 -2.354613e+01 -1.490000e+00
    endloop
  endfacet
  facet normal 2.506525e-01 9.680771e-01 0.000000e+00
    outer loop
      vertex   2.377922e+01 -2.374899e+01 1.510000e+00
      vertex   2.299571e+01 -2.354613e+01 -1.490000e+00
      vertex   2.299571e+01 -2.354613e+01 1.510000e+00
    endloop
  endfacet
  facet normal 5.064917e-02 9.987165e-01 0.000000e+00
    outer loop
      vertex   2.299571e+01 -2.354613e+01 1.510000e+00
      vertex   2.299571e+01 -2.354613e+01 -1.490000e+00
      vertex   2.218740e+01 -2.350513e+01 -1.490000e+00
    endloop
  endfacet
  facet normal 5.064917e-02 9.987165e-01 0.000000e+00
    outer loop
      vertex   2.299571e+01 -2.354613e+01 1.510000e+00
      vertex   2.218740e+01 -2.350513e+01 -1.490000e+00
      vertex   2.218740e+01 -2.350513e+01 1.510000e+00
    endloop
  endfacet
  facet normal -1.514278e-01 9.884683e-01 0.000000e+00
    outer loop
      vertex   2.218740e+01 -2.350513e+01 1.510000e+00
      vertex   2.218740e+01 -2.350513e+01 -1.490000e+00
      vertex   2.138739e+01 -2.362769e+01 -1.490000e+00
    endloop
  endfacet
  facet normal -1.514278e-01 9.884683e-01 0.000000e+00
    outer loop
      vertex   2.218740e+01 -2.350513e+01 1.510000e+00
      vertex   2.138739e+01 -2.362769e+01 -1.490000e+00
      vertex   2.138739e+01 -2.362769e+01 1.510000e+00
    endloop
  endfacet
  facet normal -3.473053e-01 9.377521e-01 0.000000e+00
    outer loop
      vertex   2.138739e+01 -2.362769e+01 1.510000e+00
      vertex   2.138739e+01 -2.362769e+01 -1.490000e+00
      vertex   2.062842e+01 -2.390878e+01 -1.490000e+00
    endloop
  endfacet
  facet normal -3.473053e-01 9.377521e-01 -4.115257e-16
    outer loop
      vertex   2.138739e+01 -2.362769e+01 1.510000e+00
      vertex   2.062842e+01 -2.390878e+01 -1.490000e+00
      vertex   2.062842e+01 -2.390878e+01 1.510000e+00
    endloop
  endfacet
  facet normal -5.289640e-01 8.486443e-01 -6.264192e-16
    outer loop
      vertex   2.062842e+01 -2.390878e+01 1.510000e+00
      vertex   2.062842e+01 -2.390878e+01 -1.490000e+00
      vertex   1.994158e+01 -2.433690e+01 -1.490000e+00
    endloop
  endfacet
  facet normal -5.289640e-01 8.486443e-01 0.000000e+00
    outer loop
      vertex   2.062842e+01 -2.390878e+01 1.510000e+00
      vertex   1.994158e+01 -2.433690e+01 -1.490000e+00
      vertex   1.994158e+01 -2.433690e+01 1.510000e+00
    endloop
  endfacet
  facet normal -6.889669e-01 7.247928e-01 0.000000e+00
    outer loop
      vertex   1.994158e+01 -2.433690e+01 1.510000e+00
      vertex   1.994158e+01 -2.433690e+01 -1.490000e+00
      vertex   1.935497e+01 -2.489451e+01 -1.490000e+00
    endloop
  endfacet
  facet normal -6.889669e-01 7.247928e-01 0.000000e+00
    outer loop
      vertex   1.994158e+01 -2.433690e+01 1.510000e+00
      vertex   1.935497e+01 -2.489451e+01 -1.490000e+00
      vertex   1.935497e+01 -2.489451e+01 1.510000e+00
    endloop
  endfacet
  facet normal -8.207634e-01 5.712682e-01 0.000000e+00
    outer loop
      vertex   1.935497e+01 -2.489451e+01 1.510000e+00
      vertex   1.935497e+01 -2.489451e+01 -1.490000e+00
      vertex   1.889261e+01 -2.555879e+01 -1.490000e+00
    endloop
  endfacet
  facet normal -8.207634e-01 5.712682e-01 0.000000e+00
    outer loop
      vertex   1.935497e+01 -2.489451e+01 1.510000e+00
      vertex   1.889261e+01 -2.555879e+01 -1.490000e+00
      vertex   1.889261e+01 -2.555879e+01 1.510000e+00
    endloop
  endfacet
  facet normal -9.189578e-01 3.943559e-01 0.000000e+00
    outer loop
      vertex   1.889261e+01 -2.555879e+01 1.510000e+00
      vertex   1.889261e+01 -2.555879e+01 -1.490000e+00
      vertex   1.857344e+01 -2.630255e+01 -1.490000e+00
    endloop
  endfacet
  facet normal -9.189578e-01 3.943559e-01 0.000000e+00
    outer loop
      vertex   1.889261e+01 -2.555879e+01 1.510000e+00
      vertex   1.857344e+01 -2.630255e+01 -1.490000e+00
      vertex   1.857344e+01 -2.630255e+01 1.510000e+00
    endloop
  endfacet
  facet normal -9.795299e-01 2.012985e-01 0.000000e+00
    outer loop
      vertex   1.857344e+01 -2.630255e+01 1.510000e+00
      vertex   1.857344e+01 -2.630255e+01 -1.490000e+00
      vertex   1.841052e+01 -2.709533e+01 -1.490000e+00
    endloop
  endfacet
  facet normal -9.795299e-01 2.012985e-01 0.000000e+00
    outer loop
      vertex   1.857344e+01 -2.630255e+01 1.510000e+00
      vertex   1.841052e+01 -2.709533e+01 -1.490000e+00
      vertex   1.841052e+01 -2.709533e+01 1.510000e+00
    endloop
  endfacet
  facet normal -1.000000e+00 0.000000e+00 -0.000000e+00
    outer loop
      vertex   1.841052e+01 -2.709533e+01 1.510000e+00
      vertex   1.841052e+01 -2.709533e+01 -1.490000e+00
      vertex   1.841052e+01 -2.790467e+01 -1.490000e+00
    endloop
  endfacet
  facet normal -1.000000e+00 -0.000000e+00 0.000000e+00
    outer loop
      vertex   1.841052e+01 -2.709533e+01 1.510000e+00
      vertex   1.841052e+01 -2.790467e+01 -1.490000e+00
      vertex   1.841052e+01 -2.790467e+01 1.510000e+00
    endloop
  endfacet
  facet normal -9.795299e-01 -2.012985e-01 -0.000000e+00
    outer loop
      vertex   1.841052e+01 -2.790467e+01 1.510000e+00
      vertex   1.841052e+01 -2.790467e+01 -1.490000e+00
      vertex   1.857344e+01 -2.869745e+01 -1.490000e+00
    endloop
  endfacet
  facet normal -9.795299e-01 -2.012985e-01 0.000000e+00
    outer loop
      vertex   1.841052e+01 -2.790467e+01 1.510000e+00
      vertex   1.857344e+01 -2.869745e+01 -1.490000e+00
      vertex   1.857344e+01 -2.869745e+01 1.510000e+00
    endloop
  endfacet
  facet normal -9.189578e-01 -3.943559e-01 -0.000000e+00
    outer loop
      vertex   1.857344e+01 -2.869745e+01 1.510000e+00
      vertex   1.857344e+01 -2.869745e+01 -1.490000e+00
      vertex   1.889261e+01 -2.944121e+01 -1.490000e+00
    endloop
  endfacet
  facet normal -9.189578e-01 -3.943559e-01 0.000000e+00
    outer loop
      vertex   1.857344e+01 -2.869745e+01 1.510000e+00
      vertex   1.889261e+01 -2.944121e+01 -1.490000e+00
      vertex   1.889261e+01 -2.944121e+01 1.510000e+00
    endloop
  endfacet
  facet normal -8.207634e-01 -5.712682e-01 -0.000000e+00
    outer loop
      vertex   1.889261e+01 -2.944121e+01 1.510000e+00
      vertex   1.889261e+01 -2.944121e+01 -1.490000e+00
      vertex   1.935497e+01 -3.010549e+01 -1.490000e+00
    endloop
  endfacet
  facet normal -8.207634e-01 -5.712682e-01 0.000000e+00
    outer loop
      vertex   1.889261e+01 -2.944121e+01 1.510000e+00
      vertex   1.935497e+01 -3.010549e+01 -1.490000e+00
      vertex   1.935497e+01 -3.010549e+01 1.510000e+00
    endloop
  endfacet
  facet normal -6.889669e-01 -7.247928e-01 -0.000000e+00
    outer loop
      vertex   1.935497e+01 -3.010549e+01 1.510000e+00
      vertex   1.935497e+01 -3.010549e+01 -1.490000e+00
      vertex   1.994158e+01 -3.066310e+01 -1.490000e+00
    endloop
  endfacet
  facet normal -6.889669e-01 -7.247928e-01 0.000000e+00
    outer loop
      vertex   1.935497e+01 -3.010549e+01 1.510000e+00
      vertex   1.994158e+01 -3.066310e+01 -1.490000e+00
      vertex   1.994158e+01 -3.066310e+01 1.510000e+00
    endloop
  endfacet
  facet normal -5.289640e-01 -8.486443e-01 -0.000000e+00
    outer loop
      vertex   1.994158e+01 -3.066310e+01 1.510000e+00
      vertex   1.994158e+01 -3.066310e+01 -1.490000e+00
      vertex   2.062842e+01 -3.109122e+01 -1.490000e+00
    endloop
  endfacet
  facet normal -5.289640e-01 -8.486443e-01 6.172885e-16
    outer loop
      vertex   1.994158e+01 -3.066310e+01 1.510000e+00
      vertex   2.062842e+01 -3.109122e+01 -1.490000e+00
      vertex   2.062842e+01 -3.109122e+01 1.510000e+00
    endloop
  endfacet
  facet normal -3.473053e-01 -9.377521e-01 4.112920e-16
    outer loop
      vertex   2.062842e+01 -3.109122e+01 1.510000e+00
      vertex   2.062842e+01 -3.109122e+01 -1.490000e+00
      vertex   2.138739e+01 -3.137231e+01 -1.490000e+00
    endloop
  endfacet
  facet normal -3.473053e-01 -9.377521e-01 0.000000e+00
    outer loop
      vertex   2.062842e+01 -3.109122e+01 1.510000e+00
      vertex   2.138739e+01 -3.137231e+01 -1.490000e+00
      vertex   2.138739e+01 -3.137231e+01 1.510000e+00
    endloop
  endfacet
  facet normal -1.514278e-01 -9.884683e-01 -0.000000e+00
    outer loop
      vertex   2.138739e+01 -3.137231e+01 1.510000e+00
      vertex   2.138739e+01 -3.137231e+01 -1.490000e+00
      vertex   2.218740e+01 -3.149487e+01 -1.490000e+00
    endloop
  endfacet
  facet normal -1.514278e-01 -9.884683e-01 0.000000e+00
    outer loop
      vertex   2.138739e+01 -3.137231e+01 1.510000e+00
      vertex   2.218740e+01 -3.149487e+01 -1.490000e+00
      vertex   2.218740e+01 -3.149487e+01 1.510000e+00
    endloop
  endfacet
  facet normal 5.064917e-02 -9.987165e-01 0.000000e+00
    outer loop
      vertex   2.218740e+01 -3.149487e+01 1.510000e+00
      vertex   2.218740e+01 -3.149487e+01 -1.490000e+00
      vertex   2.299571e+01 -3.145387e+01 -1.490000e+00
    endloop
  endfacet
  facet normal 5.064917e-02 -9.987165e-01 0.000000e+00
    outer loop
      vertex   2.218740e+01 -3.149487e+01 1.510000e+00
      vertex   2.299571e+01 -3.145387e+01 -1.490000e+00
      vertex   2.299571e+01 -3.145387e+01 1.510000e+00
    endloop
  endfacet
  facet normal 2.506525e-01 -9.680771e-01 0.000000e+00
    outer loop
      vertex   2.299571e+01 -3.145387e+01 1.510000e+00
      vertex   2.299571e+01 -3.145387e+01 -1.490000e+00
      vertex   2.377922e+01 -3.125101e+01 -1.490000e+00
    endloop
  endfacet
  facet normal 2.506525e-01 -9.680771e-01 -2.972130e-16
    outer loop
      vertex   2.299571e+01 -3.145387e+01 1.510000e+00
      vertex   2.377922e+01 -3.125101e+01 -1.490000e+00
      vertex   2.377922e+01 -3.125101e+01 1.510000e+00
    endloop
  endfacet
  facet normal 4.403942e-01 -8.978045e-01 -5.215314e-16
    outer loop
      vertex   2.377922e+01 -3.125101e+01 1.510000e+00
      vertex   2.377922e+01 -3.125101e+01 -1.490000e+00
      vertex   2.450586e+01 -3.089458e+01 -1.490000e+00
    endloop
  endfacet
  facet normal 4.403942e-01 -8.978045e-01 0.000000e+00
    outer loop
      vertex   2.377922e+01 -3.125101e+01 1.510000e+00
      vertex   2.450586e+01 -3.089458e+01 -1.490000e+00
      vertex   2.450586e+01 -3.089458e+01 1.510000e+00
    endloop
  endfacet
  facet normal 6.121060e-01 -7.907757e-01 0.000000e+00
    outer loop
      vertex   2.450586e+01 -3.089458e+01 1.510000e+00
      vertex   2.450586e+01 -3.089458e+01 -1.490000e+00
      vertex   2.514587e+01 -3.039917e+01 -1.490000e+00
    endloop
  endfacet
  facet normal 6.121060e-01 -7.907757e-01 0.000000e+00
    outer loop
      vertex   2.450586e+01 -3.089458e+01 1.510000e+00
      vertex   2.514587e+01 -3.039917e+01 -1.490000e+00
      vertex   2.514587e+01 -3.039917e+01 1.510000e+00
    endloop
  endfacet
  facet normal 7.587581e-01 -6.513725e-01 0.000000e+00
    outer loop
      vertex   2.514587e+01 -3.039917e+01 1.510000e+00
      vertex   2.514587e+01 -3.039917e+01 -1.490000e+00
      vertex   2.567305e+01 -2.978507e+01 -1.490000e+00
    endloop
  endfacet
  facet normal 7.587581e-01 -6.513725e-01 0.000000e+00
    outer loop
      vertex   2.514587e+01 -3.039917e+01 1.510000e+00
      vertex   2.567305e+01 -2.978507e+01 -1.490000e+00
      vertex   2.567305e+01 -2.978507e+01 1.510000e+00
    endloop
  endfacet
  facet normal 8.743466e-01 -4.853020e-01 0.000000e+00
    outer loop
      vertex   2.567305e+01 -2.978507e+01 1.510000e+00
      vertex   2.567305e+01 -2.978507e+01 -1.490000e+00
      vertex   2.606583e+01 -2.907742e+01 -1.490000e+00
    endloop
  endfacet
  facet normal 8.743466e-01 -4.853020e-01 0.000000e+00
    outer loop
      vertex   2.567305e+01 -2.978507e+01 1.510000e+00
      vertex   2.606583e+01 -2.907742e+01 -1.490000e+00
      vertex   2.606583e+01 -2.907742e+01 1.510000e+00
    endloop
  endfacet
  facet normal 9.541393e-01 -2.993631e-01 0.000000e+00
    outer loop
      vertex   2.606583e+01 -2.907742e+01 1.510000e+00
      vertex   2.606583e+01 -2.907742e+01 -1.490000e+00
      vertex   2.630812e+01 -2.830519e+01 -1.490000e+00
    endloop
  endfacet
  facet normal -0.000000e+00 0.000000e+00 1.000000e+00
    outer loop
      vertex   2.318982e+01 -2.782317e+01 1.510000e+00
      vertex   2.630812e+01 -2.830519e+01 1.510000e+00
      vertex   2.321537e+01 -2.762905e+01 1.510000e+00
    endloop
  endfacet
  facet normal -0.000000e+00 0.000000e+00 1.000000e+00
    outer loop
      vertex   2.321537e+01 -2.762905e+01 1.510000e+00
      vertex   2.630812e+01 -2.830519e+01 1.510000e+00
      vertex   2.639000e+01 -2.750000e+01 1.510000e+00
    endloop
  endfacet
  facet normal 0.000000e+00 -0.000000e+00 1.000000e+00
    outer loop
      vertex   2.321537e+01 -2.762905e+01 1.510000e+00
      vertex   2.639000e+01 -2.750000e+01 1.510000e+00
      vertex   2.318982e+01 -2.743494e+01 1.510000e+00
    endloop
  endfacet
  facet normal -0.000000e+00 0.000000e+00 1.000000e+00
    outer loop
      vertex   2.318982e+01 -2.743494e+01 1.510000e+00
      vertex   2.639000e+01 -2.750000e+01 1.510000e+00
      vertex   2.630812e+01 -2.669481e+01 1.510000e+00
    endloop
  endfacet
  facet normal 0.000000e+00 0.000000e+00 1.000000e+00
    outer loop
      vertex   2.318982e+01 -2.743494e+01 1.510000e+00
      vertex   2.630812e+01 -2.669481e+01 1.510000e+00
      vertex   2.606583e+01 -2.592258e+01 1.510000e+00
    endloop
  endfacet
  facet normal 0.000000e+00 0.000000e+00 1.000000e+00
    outer loop
      vertex   2.630812e+01 -2.830519e+01 1.510000e+00
      vertex   2.318982e+01 -2.782317e+01 1.510000e+00
      vertex   2.606583e+01 -2.907742e+01 1.510000e+00
    endloop
  endfacet
  facet normal 0.000000e+00 0.000000e+00 1.000000e+00
    outer loop
      vertex   2.606583e+01 -2.907742e+01 1.510000e+00
      vertex   2.318982e+01 -2.782317e+01 1.510000e+00
      vertex   2.311489e+01 -2.800405e+01 1.510000e+00
    endloop
  endfacet
  facet normal 0.000000e+00 0.000000e+00 1.000000e+00
    outer loop
      vertex   2.606583e+01 -2.907742e+01 1.510000e+00
      vertex   2.311489e+01 -2.800405e+01 1.510000e+00
      vertex   2.567305e+01 -2.978507e+01 1.510000e+00
    endloop
  endfacet
  facet normal 0.000000e+00 0.000000e+00 1.000000e+00
    outer loop
      vertex   2.567305e+01 -2.978507e+01 1.510000e+00
      vertex   2.311489e+01 -2.800405e+01 1.510000e+00
      vertex   2.299570e+01 -2.815938e+01 1.510000e+00
    endloop
  endfacet
  facet normal 0.000000e+00 0.000000e+00 1.000000e+00
    outer loop
      vertex   2.567305e+01 -2.978507e+01 1.510000e+00
      vertex   2.299570e+01 -2.815938e+01 1.510000e+00
      vertex   2.514587e+01 -3.039917e+01 1.510000e+00
    endloop
  endfacet
  facet normal 0.000000e+00 0.000000e+00 1.000000e+00
    outer loop
      vertex   2.514587e+01 -3.039917e+01 1.510000e+00
      vertex   2.299570e+01 -2.815938e+01 1.510000e+00
      vertex   2.450586e+01 -3.089458e+01 1.510000e+00
    endloop
  endfacet
  facet normal 0.000000e+00 0.000000e+00 1.000000e+00
    outer loop
      vertex   2.450586e+01 -3.089458e+01 1.510000e+00
      vertex   2.299570e+01 -2.815938e+01 1.510000e+00
      vertex   2.284037e+01 -2.827857e+01 1.510000e+00
    endloop
  endfacet
  facet normal 0.000000e+00 0.000000e+00 1.000000e+00
    outer loop
      vertex   2.450586e+01 -3.089458e+01 1.510000e+00
      vertex   2.284037e+01 -2.827857e+01 1.510000e+00
      vertex   2.377922e+01 -3.125101e+01 1.510000e+00
    endloop
  endfacet
  facet normal 0.000000e+00 0.000000e+00 1.000000e+00
    outer loop
      vertex   2.377922e+01 -3.125101e+01 1.510000e+00
      vertex   2.284037e+01 -2.827857e+01 1.510000e+00
      vertex   2.265949e+01 -2.835350e+01 1.510000e+00
    endloop
  endfacet
  facet normal 0.000000e+00 0.000000e+00 1.000000e+00
    outer loop
      vertex   2.377922e+01 -3.125101e+01 1.510000e+00
      vertex   2.265949e+01 -2.835350e+01 1.510000e+00
      vertex   2.299571e+01 -3.145387e+01 1.510000e+00
    endloop
  endfacet
  facet normal 0.000000e+00 0.000000e+00 1.000000e+00
    outer loop
      vertex   2.299571e+01 -3.145387e+01 1.510000e+00
      vertex   2.265949e+01 -2.835350e+01 1.510000e+00
      vertex   2.246537e+01 -2.837905e+01 1.510000e+00
    endloop
  endfacet
  facet normal 0.000000e+00 0.000000e+00 1.000000e+00
    outer loop
      vertex   2.299571e+01 -3.145387e+01 1.510000e+00
      vertex   2.246537e+01 -2.837905e+01 1.510000e+00
      vertex   2.218740e+01 -3.149487e+01 1.510000e+00
    endloop
  endfacet
  facet normal 0.000000e+00 0.000000e+00 1.000000e+00
    outer loop
      vertex   2.218740e+01 -3.149487e+01 1.510000e+00
      vertex   2.246537e+01 -2.837905e+01 1.510000e+00
      vertex   2.227126e+01 -2.835350e+01 1.510000e+00
    endloop
  endfacet
  facet normal 0.000000e+00 -0.000000e+00 1.000000e+00
    outer loop
      vertex   2.218740e+01 -3.149487e+01 1.510000e+00
      vertex   2.227126e+01 -2.835350e+01 1.510000e+00
      vertex   2.138739e+01 -3.137231e+01 1.510000e+00
    endloop
  endfacet
  facet normal 0.000000e+00 0.000000e+00 1.000000e+00
    outer loop
      vertex   2.138739e+01 -3.137231e+01 1.510000e+00
      vertex   2.227126e+01 -2.835350e+01 1.510000e+00
      vertex   2.209037e+01 -2.827857e+01 1.510000e+00
    endloop
  endfacet
  facet normal 0.000000e+00 -0.000000e+00 1.000000e+00
    outer loop
      vertex   2.138739e+01 -3.137231e+01 1.510000e+00
      vertex   2.209037e+01 -2.827857e+01 1.510000e+00
      vertex   2.062842e+01 -3.109122e+01 1.510000e+00
    endloop
  endfacet
  facet normal 0.000000e+00 -0.000000e+00 1.000000e+00
    outer loop
      vertex   2.062842e+01 -3.109122e+01 1.510000e+00
      vertex   2.209037e+01 -2.827857e+01 1.510000e+00
      vertex   1.994158e+01 -3.066310e+01 1.510000e+00
    endloop
  endfacet
  facet normal 0.000000e+00 0.000000e+00 1.000000e+00
    outer loop
      vertex   1.994158e+01 -3.066310e+01 1.510000e+00
      vertex   2.209037e+01 -2.827857e+01 1.510000e+00
      vertex   2.193504e+01 -2.815938e+01 1.510000e+00
    endloop
  endfacet
  facet normal 0.000000e+00 -0.000000e+00 1.000000e+00
    outer loop
      vertex   1.994158e+01 -3.066310e+01 1.510000e+00
      vertex   2.193504e+01 -2.815938e+01 1.510000e+00
      vertex   1.935497e+01 -3.010549e+01 1.510000e+00
    endloop
  endfacet
  facet normal 0.000000e+00 0.000000e+00 1.000000e+00
    outer loop
      vertex   1.935497e+01 -3.010549e+01 1.510000e+00
      vertex   2.193504e+01 -2.815938e+01 1.510000e+00
      vertex   2.181585e+01 -2.800405e+01 1.510000e+00
    endloop
  endfacet
  facet normal 0.000000e+00 -0.000000e+00 1.000000e+00
    outer loop
      vertex   1.935497e+01 -3.010549e+01 1.510000e+00
      vertex   2.181585e+01 -2.800405e+01 1.510000e+00
      vertex   1.889261e+01 -2.944121e+01 1.510000e+00
    endloop
  endfacet
  facet normal 0.000000e+00 0.000000e+00 1.000000e+00
    outer loop
      vertex   1.889261e+01 -2.944121e+01 1.510000e+00
      vertex   2.181585e+01 -2.800405e+01 1.510000e+00
      vertex   2.174093e+01 -2.782317e+01 1.510000e+00
    endloop
  endfacet
  facet normal 0.000000e+00 -0.000000e+00 1.000000e+00
    outer loop
      vertex   1.889261e+01 -2.944121e+01 1.510000e+00
      vertex   2.174093e+01 -2.782317e+01 1.510000e+00
      vertex   1.857344e+01 -2.869745e+01 1.510000e+00
    endloop
  endfacet
  facet normal 0.000000e+00 -0.000000e+00 1.000000e+00
    outer loop
      vertex   1.857344e+01 -2.869745e+01 1.510000e+00
      vertex   2.174093e+01 -2.782317e+01 1.510000e+00
      vertex   1.841052e+01 -2.790467e+01 1.510000e+00
    endloop
  endfacet
  facet normal 0.000000e+00 0.000000e+00 1.000000e+00
    outer loop
      vertex   1.841052e+01 -2.790467e+01 1.510000e+00
      vertex   2.174093e+01 -2.782317e+01 1.510000e+00
      vertex   2.171537e+01 -2.762905e+01 1.510000e+00
    endloop
  endfacet
  facet normal 0.000000e+00 0.000000e+00 1.000000e+00
    outer loop
      vertex   1.841052e+01 -2.790467e+01 1.510000e+00
      vertex   2.171537e+01 -2.762905e+01 1.510000e+00
      vertex   1.841052e+01 -2.709533e+01 1.510000e+00
    endloop
  endfacet
  facet normal 0.000000e+00 0.000000e+00 1.000000e+00
    outer loop
      vertex   1.841052e+01 -2.709533e+01 1.510000e+00
      vertex   2.171537e+01 -2.762905e+01 1.510000e+00
      vertex   2.174093e+01 -2.743494e+01 1.510000e+00
    endloop
  endfacet
  facet normal -0.000000e+00 0.000000e+00 1.000000e+00
    outer loop
      vertex   1.841052e+01 -2.709533e+01 1.510000e+00
      vertex   2.174093e+01 -2.743494e+01 1.510000e+00
      vertex   1.857344e+01 -2.630255e+01 1.510000e+00
    endloop
  endfacet
  facet normal 0.000000e+00 0.000000e+00 1.000000e+00
    outer loop
      vertex   1.857344e+01 -2.630255e+01 1.510000e+00
      vertex   2.174093e+01 -2.743494e+01 1.510000e+00
      vertex   2.181585e+01 -2.725405e+01 1.510000e+00
    endloop
  endfacet
  facet normal -0.000000e+00 0.000000e+00 1.000000e+00
    outer loop
      vertex   1.857344e+01 -2.630255e+01 1.510000e+00
      vertex   2.181585e+01 -2.725405e+01 1.510000e+00
      vertex   1.889261e+01 -2.555879e+01 1.510000e+00
    endloop
  endfacet
  facet normal -0.000000e+00 0.000000e+00 1.000000e+00
    outer loop
      vertex   1.889261e+01 -2.555879e+01 1.510000e+00
      vertex   2.181585e+01 -2.725405e+01 1.510000e+00
      vertex   1.935497e+01 -2.489451e+01 1.510000e+00
    endloop
  endfacet
  facet normal 0.000000e+00 0.000000e+00 1.000000e+00
    outer loop
      vertex   1.935497e+01 -2.489451e+01 1.510000e+00
      vertex   2.181585e+01 -2.725405e+01 1.510000e+00
      vertex   2.193504e+01 -2.709872e+01 1.510000e+00
    endloop
  endfacet
  facet normal -0.000000e+00 0.000000e+00 1.000000e+00
    outer loop
      vertex   1.935497e+01 -2.489451e+01 1.510000e+00
      vertex   2.193504e+01 -2.709872e+01 1.510000e+00
      vertex   1.994158e+01 -2.433690e+01 1.510000e+00
    endloop
  endfacet
  facet normal 0.000000e+00 0.000000e+00 1.000000e+00
    outer loop
      vertex   1.994158e+01 -2.433690e+01 1.510000e+00
      vertex   2.193504e+01 -2.709872e+01 1.510000e+00
      vertex   2.209037e+01 -2.697954e+01 1.510000e+00
    endloop
  endfacet
  facet normal -0.000000e+00 0.000000e+00 1.000000e+00
    outer loop
      vertex   1.994158e+01 -2.433690e+01 1.510000e+00
      vertex   2.209037e+01 -2.697954e+01 1.510000e+00
      vertex   2.062842e+01 -2.390878e+01 1.510000e+00
    endloop
  endfacet
  facet normal 0.000000e+00 0.000000e+00 1.000000e+00
    outer loop
      vertex   2.062842e+01 -2.390878e+01 1.510000e+00
      vertex   2.209037e+01 -2.697954e+01 1.510000e+00
      vertex   2.227126e+01 -2.690461e+01 1.510000e+00
    endloop
  endfacet
  facet normal -0.000000e+00 0.000000e+00 1.000000e+00
    outer loop
      vertex   2.062842e+01 -2.390878e+01 1.510000e+00
      vertex   2.227126e+01 -2.690461e+01 1.510000e+00
      vertex   2.138739e+01 -2.362769e+01 1.510000e+00
    endloop
  endfacet
  facet normal -0.000000e+00 0.000000e+00 1.000000e+00
    outer loop
      vertex   2.138739e+01 -2.362769e+01 1.510000e+00
      vertex   2.227126e+01 -2.690461e+01 1.510000e+00
      vertex   2.218740e+01 -2.350513e+01 1.510000e+00
    endloop
  endfacet
  facet normal 0.000000e+00 0.000000e+00 1.000000e+00
    outer loop
      vertex   2.218740e+01 -2.350513e+01 1.510000e+00
      vertex   2.227126e+01 -2.690461e+01 1.510000e+00
      vertex   2.246537e+01 -2.687905e+01 1.510000e+00
    endloop
  endfacet
  facet normal 0.000000e+00 0.000000e+00 1.000000e+00
    outer loop
      vertex   2.218740e+01 -2.350513e+01 1.510000e+00
      vertex   2.246537e+01 -2.687905e+01 1.510000e+00
      vertex   2.299571e+01 -2.354613e+01 1.510000e+00
    endloop
  endfacet
  facet normal 0.000000e+00 0.000000e+00 1.000000e+00
    outer loop
      vertex   2.299571e+01 -2.354613e+01 1.510000e+00
      vertex   2.246537e+01 -2.687905e+01 1.510000e+00
      vertex   2.265949e+01 -2.690461e+01 1.510000e+00
    endloop
  endfacet
  facet normal 0.000000e+00 0.000000e+00 1.000000e+00
    outer loop
      vertex   2.299571e+01 -2.354613e+01 1.510000e+00
      vertex   2.265949e+01 -2.690461e+01 1.510000e+00
      vertex   2.377922e+01 -2.374899e+01 1.510000e+00
    endloop
  endfacet
  facet normal 0.000000e+00 0.000000e+00 1.000000e+00
    outer loop
      vertex   2.377922e+01 -2.374899e+01 1.510000e+00
      vertex   2.265949e+01 -2.690461e+01 1.510000e+00
      vertex   2.284037e+01 -2.697954e+01 1.510000e+00
    endloop
  endfacet
  facet normal 0.000000e+00 0.000000e+00 1.000000e+00
    outer loop
      vertex   2.377922e+01 -2.374899e+01 1.510000e+00
      vertex   2.284037e+01 -2.697954e+01 1.510000e+00
      vertex   2.450586e+01 -2.410542e+01 1.510000e+00
    endloop
  endfacet
  facet normal 0.000000e+00 0.000000e+00 1.000000e+00
    outer loop
      vertex   2.450586e+01 -2.410542e+01 1.510000e+00
      vertex   2.284037e+01 -2.697954e+01 1.510000e+00
      vertex   2.514587e+01 -2.460083e+01 1.510000e+00
    endloop
  endfacet
  facet normal 0.000000e+00 0.000000e+00 1.000000e+00
    outer loop
      vertex   2.514587e+01 -2.460083e+01 1.510000e+00
      vertex   2.284037e+01 -2.697954e+01 1.510000e+00
      vertex   2.299570e+01 -2.709872e+01 1.510000e+00
    endloop
  endfacet
  facet normal 0.000000e+00 0.000000e+00 1.000000e+00
    outer loop
      vertex   2.514587e+01 -2.460083e+01 1.510000e+00
      vertex   2.299570e+01 -2.709872e+01 1.510000e+00
      vertex   2.567305e+01 -2.521493e+01 1.510000e+00
    endloop
  endfacet
  facet normal 0.000000e+00 0.000000e+00 1.000000e+00
    outer loop
      vertex   2.567305e+01 -2.521493e+01 1.510000e+00
      vertex   2.299570e+01 -2.709872e+01 1.510000e+00
      vertex   2.311489e+01 -2.725405e+01 1.510000e+00
    endloop
  endfacet
  facet normal 0.000000e+00 0.000000e+00 1.000000e+00
    outer loop
      vertex   2.567305e+01 -2.521493e+01 1.510000e+00
      vertex   2.311489e+01 -2.725405e+01 1.510000e+00
      vertex   2.606583e+01 -2.592258e+01 1.510000e+00
    endloop
  endfacet
  facet normal 0.000000e+00 0.000000e+00 1.000000e+00
    outer loop
      vertex   2.606583e+01 -2.592258e+01 1.510000e+00
      vertex   2.311489e+01 -2.725405e+01 1.510000e+00
      vertex   2.318982e+01 -2.743494e+01 1.510000e+00
    endloop
  endfacet
  facet normal 0.000000e+00 -0.000000e+00 1.000000e+00
    outer loop
      vertex   -2.603830e+01 -2.543924e+01 -1.490000e+00
      vertex   -2.603830e+01 2.543924e+01 -1.490000e+00
      vertex   -2.639000e+01 -2.619172e+01 -1.490000e+00
    endloop
  endfacet
  facet normal 0.000000e+00 0.000000e+00 1.000000e+00
    outer loop
      vertex   -2.639000e+01 -2.619172e+01 -1.490000e+00
      vertex   -2.603830e+01 2.543924e+01 -1.490000e+00
      vertex   -2.639000e+01 2.619172e+01 -1.490000e+00
    endloop
  endfacet
  facet normal 0.000000e+00 -0.000000e+00 1.000000e+00
    outer loop
      vertex   -2.639000e+01 -2.619172e+01 -1.490000e+00
      vertex   -2.639000e+01 2.619172e+01 -1.490000e+00
      vertex   -3.239000e+01 3.750000e+01 -1.490000e+00
    endloop
  endfacet
  facet normal 0.000000e+00 0.000000e+00 1.000000e+00
    outer loop
      vertex   -3.239000e+01 3.750000e+01 -1.490000e+00
      vertex   -2.639000e+01 2.619172e+01 -1.490000e+00
      vertex   -2.655462e+01 2.683668e+01 -1.490000e+00
    endloop
  endfacet
  facet normal 0.000000e+00 0.000000e+00 1.000000e+00
    outer loop
      vertex   -3.239000e+01 3.750000e+01 -1.490000e+00
      vertex   -2.655462e+01 2.683668e+01 -1.490000e+00
      vertex   -2.661000e+01 2.750000e+01 -1.490000e+00
    endloop
  endfacet
  facet normal 0.000000e+00 0.000000e+00 1.000000e+00
    outer loop
      vertex   -2.603830e+01 -2.543924e+01 -1.490000e+00
      vertex   -2.553877e+01 -2.477561e+01 -1.490000e+00
      vertex   -2.603830e+01 2.543924e+01 -1.490000e+00
    endloop
  endfacet
  facet normal 0.000000e+00 0.000000e+00 1.000000e+00
    outer loop
      vertex   -2.603830e+01 2.543924e+01 -1.490000e+00
      vertex   -2.553877e+01 -2.477561e+01 -1.490000e+00
      vertex   -2.553877e+01 2.477561e+01 -1.490000e+00
    endloop
  endfacet
  facet normal 0.000000e+00 0.000000e+00 1.000000e+00
    outer loop
      vertex   -2.553877e+01 2.477561e+01 -1.490000e+00
      vertex   -2.553877e+01 -2.477561e+01 -1.490000e+00
      vertex   -2.491296e+01 -2.422947e+01 -1.490000e+00
    endloop
  endfacet
  facet normal 0.000000e+00 0.000000e+00 1.000000e+00
    outer loop
      vertex   -2.553877e+01 2.477561e+01 -1.490000e+00
      vertex   -2.491296e+01 -2.422947e+01 -1.490000e+00
      vertex   -2.491296e+01 2.422947e+01 -1.490000e+00
    endloop
  endfacet
  facet normal 0.000000e+00 0.000000e+00 1.000000e+00
    outer loop
      vertex   -2.491296e+01 2.422947e+01 -1.490000e+00
      vertex   -2.491296e+01 -2.422947e+01 -1.490000e+00
      vertex   -2.418784e+01 -2.382435e+01 -1.490000e+00
    endloop
  endfacet
  facet normal 0.000000e+00 0.000000e+00 1.000000e+00
    outer loop
      vertex   -2.491296e+01 2.422947e+01 -1.490000e+00
      vertex   -2.418784e+01 -2.382435e+01 -1.490000e+00
      vertex   -2.418784e+01 2.382435e+01 -1.490000e+00
    endloop
  endfacet
  facet normal 0.000000e+00 0.000000e+00 1.000000e+00
    outer loop
      vertex   -2.418784e+01 2.382435e+01 -1.490000e+00
      vertex   -2.418784e+01 -2.382435e+01 -1.490000e+00
      vertex   -2.339468e+01 -2.357772e+01 -1.490000e+00
    endloop
  endfacet
  facet normal 0.000000e+00 0.000000e+00 1.000000e+00
    outer loop
      vertex   -2.418784e+01 2.382435e+01 -1.490000e+00
      vertex   -2.339468e+01 -2.357772e+01 -1.490000e+00
      vertex   -2.339468e+01 2.357772e+01 -1.490000e+00
    endloop
  endfacet
  facet normal 0.000000e+00 0.000000e+00 1.000000e+00
    outer loop
      vertex   -2.339468e+01 2.357772e+01 -1.490000e+00
      vertex   -2.339468e+01 -2.357772e+01 -1.490000e+00
      vertex   -2.256768e+01 -2.350022e+01 -1.490000e+00
    endloop
  endfacet
  facet normal 0.000000e+00 0.000000e+00 1.000000e+00
    outer loop
      vertex   -2.339468e+01 2.357772e+01 -1.490000e+00
      vertex   -2.256768e+01 -2.350022e+01 -1.490000e+00
      vertex   -2.256768e+01 2.350022e+01 -1.490000e+00
    endloop
  endfacet
  facet normal -0.000000e+00 0.000000e+00 1.000000e+00
    outer loop
      vertex   -2.256768e+01 2.350022e+01 -1.490000e+00
      vertex   -2.256768e+01 -2.350022e+01 -1.490000e+00
      vertex   -2.174252e+01 2.359520e+01 -1.490000e+00
    endloop
  endfacet
  facet normal 0.000000e+00 0.000000e+00 1.000000e+00
    outer loop
      vertex   -2.174252e+01 2.359520e+01 -1.490000e+00
      vertex   -2.256768e+01 -2.350022e+01 -1.490000e+00
      vertex   -2.174252e+01 -2.359520e+01 -1.490000e+00
    endloop
  endfacet
  facet normal -0.000000e+00 0.000000e+00 1.000000e+00
    outer loop
      vertex   -2.174252e+01 2.359520e+01 -1.490000e+00
      vertex   -2.174252e+01 -2.359520e+01 -1.490000e+00
      vertex   -2.095475e+01 2.385855e+01 -1.490000e+00
    endloop
  endfacet
  facet normal 0.000000e+00 0.000000e+00 1.000000e+00
    outer loop
      vertex   -2.095475e+01 2.385855e+01 -1.490000e+00
      vertex   -2.174252e+01 -2.359520e+01 -1.490000e+00
      vertex   -2.095475e+01 -2.385855e+01 -1.490000e+00
    endloop
  endfacet
  facet normal -0.000000e+00 0.000000e+00 1.000000e+00
    outer loop
      vertex   -2.095475e+01 2.385855e+01 -1.490000e+00
      vertex   -2.095475e+01 -2.385855e+01 -1.490000e+00
      vertex   -2.023837e+01 2.427892e+01 -1.490000e+00
    endloop
  endfacet
  facet normal 0.000000e+00 0.000000e+00 1.000000e+00
    outer loop
      vertex   -2.023837e+01 2.427892e+01 -1.490000e+00
      vertex   -2.095475e+01 -2.385855e+01 -1.490000e+00
      vertex   -2.023837e+01 -2.427892e+01 -1.490000e+00
    endloop
  endfacet
  facet normal -0.000000e+00 0.000000e+00 1.000000e+00
    outer loop
      vertex   -2.023837e+01 2.427892e+01 -1.490000e+00
      vertex   -2.023837e+01 -2.427892e+01 -1.490000e+00
      vertex   -1.962424e+01 2.483819e+01 -1.490000e+00
    endloop
  endfacet
  facet normal 0.000000e+00 0.000000e+00 1.000000e+00
    outer loop
      vertex   -1.962424e+01 2.483819e+01 -1.490000e+00
      vertex   -2.023837e+01 -2.427892e+01 -1.490000e+00
      vertex   -1.962424e+01 -2.483819e+01 -1.490000e+00
    endloop
  endfacet
  facet normal 0.000000e+00 0.000000e+00 1.000000e+00
    outer loop
      vertex   -1.962424e+01 2.483819e+01 -1.490000e+00
      vertex   -1.962424e+01 -2.483819e+01 -1.490000e+00
      vertex   1.935497e+01 -2.489451e+01 -1.490000e+00
    endloop
  endfacet
  facet normal 0.000000e+00 0.000000e+00 1.000000e+00
    outer loop
      vertex   1.935497e+01 -2.489451e+01 -1.490000e+00
      vertex   -1.962424e+01 -2.483819e+01 -1.490000e+00
      vertex   -1.913887e+01 -2.551223e+01 -1.490000e+00
    endloop
  endfacet
  facet normal 0.000000e+00 0.000000e+00 1.000000e+00
    outer loop
      vertex   1.935497e+01 -2.489451e+01 -1.490000e+00
      vertex   -1.913887e+01 -2.551223e+01 -1.490000e+00
      vertex   1.889261e+01 -2.555879e+01 -1.490000e+00
    endloop
  endfacet
  facet normal 0.000000e+00 0.000000e+00 1.000000e+00
    outer loop
      vertex   1.889261e+01 -2.555879e+01 -1.490000e+00
      vertex   -1.913887e+01 -2.551223e+01 -1.490000e+00
      vertex   -1.880317e+01 -2.627198e+01 -1.490000e+00
    endloop
  endfacet
  facet normal 0.000000e+00 0.000000e+00 1.000000e+00
    outer loop
      vertex   1.889261e+01 -2.555879e+01 -1.490000e+00
      vertex   -1.880317e+01 -2.627198e+01 -1.490000e+00
      vertex   1.857344e+01 -2.630255e+01 -1.490000e+00
    endloop
  endfacet
  facet normal 0.000000e+00 0.000000e+00 1.000000e+00
    outer loop
      vertex   1.857344e+01 -2.630255e+01 -1.490000e+00
      vertex   -1.880317e+01 -2.627198e+01 -1.490000e+00
      vertex   -1.863162e+01 -2.708469e+01 -1.490000e+00
    endloop
  endfacet
  facet normal 0.000000e+00 0.000000e+00 1.000000e+00
    outer loop
      vertex   1.857344e+01 -2.630255e+01 -1.490000e+00
      vertex   -1.863162e+01 -2.708469e+01 -1.490000e+00
      vertex   1.841052e+01 -2.709533e+01 -1.490000e+00
    endloop
  endfacet
  facet normal 0.000000e+00 0.000000e+00 1.000000e+00
    outer loop
      vertex   1.841052e+01 -2.709533e+01 -1.490000e+00
      vertex   -1.863162e+01 -2.708469e+01 -1.490000e+00
      vertex   1.841052e+01 -2.790467e+01 -1.490000e+00
    endloop
  endfacet
  facet normal 0.000000e+00 0.000000e+00 1.000000e+00
    outer loop
      vertex   1.841052e+01 -2.790467e+01 -1.490000e+00
      vertex   -1.863162e+01 -2.708469e+01 -1.490000e+00
      vertex   -1.863162e+01 -2.791531e+01 -1.490000e+00
    endloop
  endfacet
  facet normal 0.000000e+00 0.000000e+00 1.000000e+00
    outer loop
      vertex   1.841052e+01 -2.790467e+01 -1.490000e+00
      vertex   -1.863162e+01 -2.791531e+01 -1.490000e+00
      vertex   1.857344e+01 -2.869745e+01 -1.490000e+00
    endloop
  endfacet
  facet normal 0.000000e+00 0.000000e+00 1.000000e+00
    outer loop
      vertex   1.857344e+01 -2.869745e+01 -1.490000e+00
      vertex   -1.863162e+01 -2.791531e+01 -1.490000e+00
      vertex   -1.880317e+01 -2.872802e+01 -1.490000e+00
    endloop
  endfacet
  facet normal 0.000000e+00 0.000000e+00 1.000000e+00
    outer loop
      vertex   1.857344e+01 -2.869745e+01 -1.490000e+00
      vertex   -1.880317e+01 -2.872802e+01 -1.490000e+00
      vertex   1.889261e+01 -2.944121e+01 -1.490000e+00
    endloop
  endfacet
  facet normal 0.000000e+00 0.000000e+00 1.000000e+00
    outer loop
      vertex   1.889261e+01 -2.944121e+01 -1.490000e+00
      vertex   -1.880317e+01 -2.872802e+01 -1.490000e+00
      vertex   -1.913887e+01 -2.948777e+01 -1.490000e+00
    endloop
  endfacet
  facet normal 0.000000e+00 0.000000e+00 1.000000e+00
    outer loop
      vertex   1.889261e+01 -2.944121e+01 -1.490000e+00
      vertex   -1.913887e+01 -2.948777e+01 -1.490000e+00
      vertex   1.935497e+01 -3.010549e+01 -1.490000e+00
    endloop
  endfacet
  facet normal 0.000000e+00 0.000000e+00 1.000000e+00
    outer loop
      vertex   1.935497e+01 -3.010549e+01 -1.490000e+00
      vertex   -1.913887e+01 -2.948777e+01 -1.490000e+00
      vertex   -1.962424e+01 -3.016181e+01 -1.490000e+00
    endloop
  endfacet
  facet normal 0.000000e+00 0.000000e+00 1.000000e+00
    outer loop
      vertex   1.935497e+01 -3.010549e+01 -1.490000e+00
      vertex   -1.962424e+01 -3.016181e+01 -1.490000e+00
      vertex   1.994158e+01 -3.066310e+01 -1.490000e+00
    endloop
  endfacet
  facet normal 0.000000e+00 0.000000e+00 1.000000e+00
    outer loop
      vertex   1.994158e+01 -3.066310e+01 -1.490000e+00
      vertex   -1.962424e+01 -3.016181e+01 -1.490000e+00
      vertex   -2.023837e+01 -3.072108e+01 -1.490000e+00
    endloop
  endfacet
  facet normal 0.000000e+00 0.000000e+00 1.000000e+00
    outer loop
      vertex   1.994158e+01 -3.066310e+01 -1.490000e+00
      vertex   -2.023837e+01 -3.072108e+01 -1.490000e+00
      vertex   2.062842e+01 -3.109122e+01 -1.490000e+00
    endloop
  endfacet
  facet normal 0.000000e+00 0.000000e+00 1.000000e+00
    outer loop
      vertex   2.062842e+01 -3.109122e+01 -1.490000e+00
      vertex   -2.023837e+01 -3.072108e+01 -1.490000e+00
      vertex   -2.095475e+01 -3.114145e+01 -1.490000e+00
    endloop
  endfacet
  facet normal 0.000000e+00 0.000000e+00 1.000000e+00
    outer loop
      vertex   2.062842e+01 -3.109122e+01 -1.490000e+00
      vertex   -2.095475e+01 -3.114145e+01 -1.490000e+00
      vertex   3.239000e+01 -3.750000e+01 -1.490000e+00
    endloop
  endfacet
  facet normal 0.000000e+00 0.000000e+00 1.000000e+00
    outer loop
      vertex   3.239000e+01 -3.750000e+01 -1.490000e+00
      vertex   -2.095475e+01 -3.114145e+01 -1.490000e+00
      vertex   -3.239000e+01 -3.750000e+01 -1.490000e+00
    endloop
  endfacet
  facet normal 0.000000e+00 0.000000e+00 1.000000e+00
    outer loop
      vertex   -3.239000e+01 -3.750000e+01 -1.490000e+00
      vertex   -2.095475e+01 -3.114145e+01 -1.490000e+00
      vertex   -2.174252e+01 -3.140480e+01 -1.490000e+00
    endloop
  endfacet
  facet normal 0.000000e+00 0.000000e+00 1.000000e+00
    outer loop
      vertex   -3.239000e+01 -3.750000e+01 -1.490000e+00
      vertex   -2.174252e+01 -3.140480e+01 -1.490000e+00
      vertex   -2.256768e+01 -3.149978e+01 -1.490000e+00
    endloop
  endfacet
  facet normal 0.000000e+00 0.000000e+00 1.000000e+00
    outer loop
      vertex   -2.256768e+01 -3.149978e+01 -1.490000e+00
      vertex   -2.339468e+01 -3.142228e+01 -1.490000e+00
      vertex   -3.239000e+01 -3.750000e+01 -1.490000e+00
    endloop
  endfacet
  facet normal 0.000000e+00 0.000000e+00 1.000000e+00
    outer loop
      vertex   -3.239000e+01 -3.750000e+01 -1.490000e+00
      vertex   -2.339468e+01 -3.142228e+01 -1.490000e+00
      vertex   -2.418784e+01 -3.117565e+01 -1.490000e+00
    endloop
  endfacet
  facet normal 0.000000e+00 0.000000e+00 1.000000e+00
    outer loop
      vertex   -3.239000e+01 -3.750000e+01 -1.490000e+00
      vertex   -2.418784e+01 -3.117565e+01 -1.490000e+00
      vertex   -2.491296e+01 -3.077053e+01 -1.490000e+00
    endloop
  endfacet
  facet normal 0.000000e+00 0.000000e+00 1.000000e+00
    outer loop
      vertex   -2.491296e+01 -3.077053e+01 -1.490000e+00
      vertex   -2.553877e+01 -3.022439e+01 -1.490000e+00
      vertex   -3.239000e+01 -3.750000e+01 -1.490000e+00
    endloop
  endfacet
  facet normal 0.000000e+00 0.000000e+00 1.000000e+00
    outer loop
      vertex   -3.239000e+01 -3.750000e+01 -1.490000e+00
      vertex   -2.553877e+01 -3.022439e+01 -1.490000e+00
      vertex   -2.603830e+01 -2.956076e+01 -1.490000e+00
    endloop
  endfacet
  facet normal 0.000000e+00 0.000000e+00 1.000000e+00
    outer loop
      vertex   -3.239000e+01 -3.750000e+01 -1.490000e+00
      vertex   -2.603830e+01 -2.956076e+01 -1.490000e+00
      vertex   -2.639000e+01 -2.880828e+01 -1.490000e+00
    endloop
  endfacet
  facet normal 0.000000e+00 0.000000e+00 1.000000e+00
    outer loop
      vertex   -2.639000e+01 -2.880828e+01 -1.490000e+00
      vertex   -2.655462e+01 -2.816332e+01 -1.490000e+00
      vertex   -3.239000e+01 -3.750000e+01 -1.490000e+00
    endloop
  endfacet
  facet normal 0.000000e+00 0.000000e+00 1.000000e+00
    outer loop
      vertex   -3.239000e+01 -3.750000e+01 -1.490000e+00
      vertex   -2.655462e+01 -2.816332e+01 -1.490000e+00
      vertex   -2.661000e+01 -2.750000e+01 -1.490000e+00
    endloop
  endfacet
  facet normal 0.000000e+00 0.000000e+00 1.000000e+00
    outer loop
      vertex   -3.239000e+01 -3.750000e+01 -1.490000e+00
      vertex   -2.661000e+01 -2.750000e+01 -1.490000e+00
      vertex   -2.655462e+01 -2.683668e+01 -1.490000e+00
    endloop
  endfacet
  facet normal 0.000000e+00 -0.000000e+00 1.000000e+00
    outer loop
      vertex   -2.655462e+01 -2.683668e+01 -1.490000e+00
      vertex   -2.639000e+01 -2.619172e+01 -1.490000e+00
      vertex   -3.239000e+01 -3.750000e+01 -1.490000e+00
    endloop
  endfacet
  facet normal 0.000000e+00 0.000000e+00 1.000000e+00
    outer loop
      vertex   -3.239000e+01 -3.750000e+01 -1.490000e+00
      vertex   -2.639000e+01 -2.619172e+01 -1.490000e+00
      vertex   -3.239000e+01 3.750000e+01 -1.490000e+00
    endloop
  endfacet
  facet normal 0.000000e+00 -0.000000e+00 1.000000e+00
    outer loop
      vertex   -2.655462e+01 2.816332e+01 -1.490000e+00
      vertex   -2.639000e+01 2.880828e+01 -1.490000e+00
      vertex   -3.239000e+01 3.750000e+01 -1.490000e+00
    endloop
  endfacet
  facet normal 0.000000e+00 0.000000e+00 1.000000e+00
    outer loop
      vertex   -3.239000e+01 3.750000e+01 -1.490000e+00
      vertex   -2.639000e+01 2.880828e+01 -1.490000e+00
      vertex   -2.603830e+01 2.956076e+01 -1.490000e+00
    endloop
  endfacet
  facet normal 0.000000e+00 0.000000e+00 1.000000e+00
    outer loop
      vertex   -3.239000e+01 3.750000e+01 -1.490000e+00
      vertex   -2.603830e+01 2.956076e+01 -1.490000e+00
      vertex   -2.553877e+01 3.022439e+01 -1.490000e+00
    endloop
  endfacet
  facet normal 0.000000e+00 -0.000000e+00 1.000000e+00
    outer loop
      vertex   -2.553877e+01 3.022439e+01 -1.490000e+00
      vertex   -2.491296e+01 3.077053e+01 -1.490000e+00
      vertex   -3.239000e+01 3.750000e+01 -1.490000e+00
    endloop
  endfacet
  facet normal 0.000000e+00 0.000000e+00 1.000000e+00
    outer loop
      vertex   -3.239000e+01 3.750000e+01 -1.490000e+00
      vertex   -2.491296e+01 3.077053e+01 -1.490000e+00
      vertex   -2.418784e+01 3.117565e+01 -1.490000e+00
    endloop
  endfacet
  facet normal 0.000000e+00 0.000000e+00 1.000000e+00
    outer loop
      vertex   -3.239000e+01 3.750000e+01 -1.490000e+00
      vertex   -2.418784e+01 3.117565e+01 -1.490000e+00
      vertex   -2.339468e+01 3.142228e+01 -1.490000e+00
    endloop
  endfacet
  facet normal 0.000000e+00 -0.000000e+00 1.000000e+00
    outer loop
      vertex   -2.339468e+01 3.142228e+01 -1.490000e+00
      vertex   -2.256768e+01 3.149978e+01 -1.490000e+00
      vertex   -3.239000e+01 3.750000e+01 -1.490000e+00
    endloop
  endfacet
  facet normal 0.000000e+00 0.000000e+00 1.000000e+00
    outer loop
      vertex   -3.239000e+01 3.750000e+01 -1.490000e+00
      vertex   -2.256768e+01 3.149978e+01 -1.490000e+00
      vertex   -2.174252e+01 3.140480e+01 -1.490000e+00
    endloop
  endfacet
  facet normal 0.000000e+00 0.000000e+00 1.000000e+00
    outer loop
      vertex   -3.239000e+01 3.750000e+01 -1.490000e+00
      vertex   -2.174252e+01 3.140480e+01 -1.490000e+00
      vertex   -2.095475e+01 3.114145e+01 -1.490000e+00
    endloop
  endfacet
  facet normal 0.000000e+00 -0.000000e+00 1.000000e+00
    outer loop
      vertex   -2.023837e+01 3.072108e+01 -1.490000e+00
      vertex   2.062842e+01 3.109122e+01 -1.490000e+00
      vertex   -2.095475e+01 3.114145e+01 -1.490000e+00
    endloop
  endfacet
  facet normal -0.000000e+00 0.000000e+00 1.000000e+00
    outer loop
      vertex   -2.095475e+01 3.114145e+01 -1.490000e+00
      vertex   2.062842e+01 3.109122e+01 -1.490000e+00
      vertex   3.239000e+01 3.750000e+01 -1.490000e+00
    endloop
  endfacet
  facet normal 0.000000e+00 -0.000000e+00 1.000000e+00
    outer loop
      vertex   -2.095475e+01 3.114145e+01 -1.490000e+00
      vertex   3.239000e+01 3.750000e+01 -1.490000e+00
      vertex   -3.239000e+01 3.750000e+01 -1.490000e+00
    endloop
  endfacet
  facet normal 0.000000e+00 0.000000e+00 1.000000e+00
    outer loop
      vertex   2.062842e+01 3.109122e+01 -1.490000e+00
      vertex   -2.023837e+01 3.072108e+01 -1.490000e+00
      vertex   1.994158e+01 3.066310e+01 -1.490000e+00
    endloop
  endfacet
  facet normal 0.000000e+00 0.000000e+00 1.000000e+00
    outer loop
      vertex   1.994158e+01 3.066310e+01 -1.490000e+00
      vertex   -2.023837e+01 3.072108e+01 -1.490000e+00
      vertex   -1.962424e+01 3.016181e+01 -1.490000e+00
    endloop
  endfacet
  facet normal 0.000000e+00 0.000000e+00 1.000000e+00
    outer loop
      vertex   1.994158e+01 3.066310e+01 -1.490000e+00
      vertex   -1.962424e+01 3.016181e+01 -1.490000e+00
      vertex   1.935497e+01 3.010549e+01 -1.490000e+00
    endloop
  endfacet
  facet normal 0.000000e+00 0.000000e+00 1.000000e+00
    outer loop
      vertex   1.935497e+01 3.010549e+01 -1.490000e+00
      vertex   -1.962424e+01 3.016181e+01 -1.490000e+00
      vertex   -1.913887e+01 2.948777e+01 -1.490000e+00
    endloop
  endfacet
  facet normal 0.000000e+00 0.000000e+00 1.000000e+00
    outer loop
      vertex   1.935497e+01 3.010549e+01 -1.490000e+00
      vertex   -1.913887e+01 2.948777e+01 -1.490000e+00
      vertex   1.889261e+01 2.944121e+01 -1.490000e+00
    endloop
  endfacet
  facet normal 0.000000e+00 0.000000e+00 1.000000e+00
    outer loop
      vertex   1.889261e+01 2.944121e+01 -1.490000e+00
      vertex   -1.913887e+01 2.948777e+01 -1.490000e+00
      vertex   -1.880317e+01 2.872802e+01 -1.490000e+00
    endloop
  endfacet
  facet normal 0.000000e+00 0.000000e+00 1.000000e+00
    outer loop
      vertex   1.889261e+01 2.944121e+01 -1.490000e+00
      vertex   -1.880317e+01 2.872802e+01 -1.490000e+00
      vertex   1.857344e+01 2.869745e+01 -1.490000e+00
    endloop
  endfacet
  facet normal 0.000000e+00 0.000000e+00 1.000000e+00
    outer loop
      vertex   1.857344e+01 2.869745e+01 -1.490000e+00
      vertex   -1.880317e+01 2.872802e+01 -1.490000e+00
      vertex   -1.863162e+01 2.791531e+01 -1.490000e+00
    endloop
  endfacet
  facet normal 0.000000e+00 0.000000e+00 1.000000e+00
    outer loop
      vertex   1.857344e+01 2.869745e+01 -1.490000e+00
      vertex   -1.863162e+01 2.791531e+01 -1.490000e+00
      vertex   1.841052e+01 2.790467e+01 -1.490000e+00
    endloop
  endfacet
  facet normal 0.000000e+00 0.000000e+00 1.000000e+00
    outer loop
      vertex   1.841052e+01 2.790467e+01 -1.490000e+00
      vertex   -1.863162e+01 2.791531e+01 -1.490000e+00
      vertex   1.841052e+01 2.709533e+01 -1.490000e+00
    endloop
  endfacet
  facet normal 0.000000e+00 0.000000e+00 1.000000e+00
    outer loop
      vertex   1.841052e+01 2.709533e+01 -1.490000e+00
      vertex   -1.863162e+01 2.791531e+01 -1.490000e+00
      vertex   -1.863162e+01 2.708469e+01 -1.490000e+00
    endloop
  endfacet
  facet normal 0.000000e+00 0.000000e+00 1.000000e+00
    outer loop
      vertex   1.841052e+01 2.709533e+01 -1.490000e+00
      vertex   -1.863162e+01 2.708469e+01 -1.490000e+00
      vertex   1.857344e+01 2.630255e+01 -1.490000e+00
    endloop
  endfacet
  facet normal 0.000000e+00 0.000000e+00 1.000000e+00
    outer loop
      vertex   1.857344e+01 2.630255e+01 -1.490000e+00
      vertex   -1.863162e+01 2.708469e+01 -1.490000e+00
      vertex   -1.880317e+01 2.627198e+01 -1.490000e+00
    endloop
  endfacet
  facet normal 0.000000e+00 0.000000e+00 1.000000e+00
    outer loop
      vertex   1.857344e+01 2.630255e+01 -1.490000e+00
      vertex   -1.880317e+01 2.627198e+01 -1.490000e+00
      vertex   1.889261e+01 2.555879e+01 -1.490000e+00
    endloop
  endfacet
  facet normal 0.000000e+00 0.000000e+00 1.000000e+00
    outer loop
      vertex   1.889261e+01 2.555879e+01 -1.490000e+00
      vertex   -1.880317e+01 2.627198e+01 -1.490000e+00
      vertex   -1.913887e+01 2.551223e+01 -1.490000e+00
    endloop
  endfacet
  facet normal 0.000000e+00 0.000000e+00 1.000000e+00
    outer loop
      vertex   1.889261e+01 2.555879e+01 -1.490000e+00
      vertex   -1.913887e+01 2.551223e+01 -1.490000e+00
      vertex   1.935497e+01 2.489451e+01 -1.490000e+00
    endloop
  endfacet
  facet normal 0.000000e+00 0.000000e+00 1.000000e+00
    outer loop
      vertex   1.935497e+01 2.489451e+01 -1.490000e+00
      vertex   -1.913887e+01 2.551223e+01 -1.490000e+00
      vertex   -1.962424e+01 2.483819e+01 -1.490000e+00
    endloop
  endfacet
  facet normal 0.000000e+00 0.000000e+00 1.000000e+00
    outer loop
      vertex   1.935497e+01 2.489451e+01 -1.490000e+00
      vertex   -1.962424e+01 2.483819e+01 -1.490000e+00
      vertex   1.935497e+01 -2.489451e+01 -1.490000e+00
    endloop
  endfacet
  facet normal 0.000000e+00 -0.000000e+00 1.000000e+00
    outer loop
      vertex   -2.661000e+01 2.750000e+01 -1.490000e+00
      vertex   -2.655462e+01 2.816332e+01 -1.490000e+00
      vertex   -3.239000e+01 3.750000e+01 -1.490000e+00
    endloop
  endfacet
  facet normal -0.000000e+00 0.000000e+00 1.000000e+00
    outer loop
      vertex   2.630812e+01 2.830519e+01 -1.490000e+00
      vertex   2.639000e+01 2.750000e+01 -1.490000e+00
      vertex   3.239000e+01 3.750000e+01 -1.490000e+00
    endloop
  endfacet
  facet normal 0.000000e+00 0.000000e+00 1.000000e+00
    outer loop
      vertex   3.239000e+01 3.750000e+01 -1.490000e+00
      vertex   2.639000e+01 2.750000e+01 -1.490000e+00
      vertex   2.630812e+01 2.669481e+01 -1.490000e+00
    endloop
  endfacet
  facet normal 0.000000e+00 0.000000e+00 1.000000e+00
    outer loop
      vertex   3.239000e+01 3.750000e+01 -1.490000e+00
      vertex   2.630812e+01 2.669481e+01 -1.490000e+00
      vertex   2.606583e+01 2.592258e+01 -1.490000e+00
    endloop
  endfacet
  facet normal -0.000000e+00 0.000000e+00 1.000000e+00
    outer loop
      vertex   2.567305e+01 2.521493e+01 -1.490000e+00
      vertex   2.567305e+01 -2.521493e+01 -1.490000e+00
      vertex   2.606583e+01 2.592258e+01 -1.490000e+00
    endloop
  endfacet
  facet normal 0.000000e+00 0.000000e+00 1.000000e+00
    outer loop
      vertex   2.606583e+01 2.592258e+01 -1.490000e+00
      vertex   2.567305e+01 -2.521493e+01 -1.490000e+00
      vertex   2.606583e+01 -2.592258e+01 -1.490000e+00
    endloop
  endfacet
  facet normal -0.000000e+00 0.000000e+00 1.000000e+00
    outer loop
      vertex   2.606583e+01 2.592258e+01 -1.490000e+00
      vertex   2.606583e+01 -2.592258e+01 -1.490000e+00
      vertex   3.239000e+01 3.750000e+01 -1.490000e+00
    endloop
  endfacet
  facet normal 0.000000e+00 0.000000e+00 1.000000e+00
    outer loop
      vertex   3.239000e+01 3.750000e+01 -1.490000e+00
      vertex   2.606583e+01 -2.592258e+01 -1.490000e+00
      vertex   3.239000e+01 -3.750000e+01 -1.490000e+00
    endloop
  endfacet
  facet normal 0.000000e+00 0.000000e+00 1.000000e+00
    outer loop
      vertex   3.239000e+01 -3.750000e+01 -1.490000e+00
      vertex   2.606583e+01 -2.592258e+01 -1.490000e+00
      vertex   2.630812e+01 -2.669481e+01 -1.490000e+00
    endloop
  endfacet
  facet normal 0.000000e+00 0.000000e+00 1.000000e+00
    outer loop
      vertex   3.239000e+01 -3.750000e+01 -1.490000e+00
      vertex   2.630812e+01 -2.669481e+01 -1.490000e+00
      vertex   2.639000e+01 -2.750000e+01 -1.490000e+00
    endloop
  endfacet
  facet normal 0.000000e+00 -0.000000e+00 1.000000e+00
    outer loop
      vertex   2.567305e+01 -2.521493e+01 -1.490000e+00
      vertex   2.567305e+01 2.521493e+01 -1.490000e+00
      vertex   2.514587e+01 -2.460083e+01 -1.490000e+00
    endloop
  endfacet
  facet normal 0.000000e+00 0.000000e+00 1.000000e+00
    outer loop
      vertex   2.514587e+01 -2.460083e+01 -1.490000e+00
      vertex   2.567305e+01 2.521493e+01 -1.490000e+00
      vertex   2.514587e+01 2.460083e+01 -1.490000e+00
    endloop
  endfacet
  facet normal 0.000000e+00 -0.000000e+00 1.000000e+00
    outer loop
      vertex   2.514587e+01 -2.460083e+01 -1.490000e+00
      vertex   2.514587e+01 2.460083e+01 -1.490000e+00
      vertex   2.450586e+01 -2.410542e+01 -1.490000e+00
    endloop
  endfacet
  facet normal 0.000000e+00 0.000000e+00 1.000000e+00
    outer loop
      vertex   2.450586e+01 -2.410542e+01 -1.490000e+00
      vertex   2.514587e+01 2.460083e+01 -1.490000e+00
      vertex   2.450586e+01 2.410542e+01 -1.490000e+00
    endloop
  endfacet
  facet normal 0.000000e+00 -0.000000e+00 1.000000e+00
    outer loop
      vertex   2.450586e+01 -2.410542e+01 -1.490000e+00
      vertex   2.450586e+01 2.410542e+01 -1.490000e+00
      vertex   2.377922e+01 -2.374899e+01 -1.490000e+00
    endloop
  endfacet
  facet normal 0.000000e+00 0.000000e+00 1.000000e+00
    outer loop
      vertex   2.377922e+01 -2.374899e+01 -1.490000e+00
      vertex   2.450586e+01 2.410542e+01 -1.490000e+00
      vertex   2.377922e+01 2.374899e+01 -1.490000e+00
    endloop
  endfacet
  facet normal 0.000000e+00 -0.000000e+00 1.000000e+00
    outer loop
      vertex   2.377922e+01 -2.374899e+01 -1.490000e+00
      vertex   2.377922e+01 2.374899e+01 -1.490000e+00
      vertex   2.299571e+01 -2.354613e+01 -1.490000e+00
    endloop
  endfacet
  facet normal 0.000000e+00 0.000000e+00 1.000000e+00
    outer loop
      vertex   2.299571e+01 -2.354613e+01 -1.490000e+00
      vertex   2.377922e+01 2.374899e+01 -1.490000e+00
      vertex   2.299571e+01 2.354613e+01 -1.490000e+00
    endloop
  endfacet
  facet normal 0.000000e+00 -0.000000e+00 1.000000e+00
    outer loop
      vertex   2.299571e+01 -2.354613e+01 -1.490000e+00
      vertex   2.299571e+01 2.354613e+01 -1.490000e+00
      vertex   2.218740e+01 -2.350513e+01 -1.490000e+00
    endloop
  endfacet
  facet normal 0.000000e+00 0.000000e+00 1.000000e+00
    outer loop
      vertex   2.218740e+01 -2.350513e+01 -1.490000e+00
      vertex   2.299571e+01 2.354613e+01 -1.490000e+00
      vertex   2.218740e+01 2.350513e+01 -1.490000e+00
    endloop
  endfacet
  facet normal 0.000000e+00 -0.000000e+00 1.000000e+00
    outer loop
      vertex   2.218740e+01 -2.350513e+01 -1.490000e+00
      vertex   2.218740e+01 2.350513e+01 -1.490000e+00
      vertex   2.138739e+01 2.362769e+01 -1.490000e+00
    endloop
  endfacet
  facet normal 0.000000e+00 0.000000e+00 1.000000e+00
    outer loop
      vertex   2.218740e+01 -2.350513e+01 -1.490000e+00
      vertex   2.138739e+01 2.362769e+01 -1.490000e+00
      vertex   2.138739e+01 -2.362769e+01 -1.490000e+00
    endloop
  endfacet
  facet normal 0.000000e+00 -0.000000e+00 1.000000e+00
    outer loop
      vertex   2.138739e+01 -2.362769e+01 -1.490000e+00
      vertex   2.138739e+01 2.362769e+01 -1.490000e+00
      vertex   2.062842e+01 2.390878e+01 -1.490000e+00
    endloop
  endfacet
  facet normal 0.000000e+00 0.000000e+00 1.000000e+00
    outer loop
      vertex   2.138739e+01 -2.362769e+01 -1.490000e+00
      vertex   2.062842e+01 2.390878e+01 -1.490000e+00
      vertex   2.062842e+01 -2.390878e+01 -1.490000e+00
    endloop
  endfacet
  facet normal 0.000000e+00 0.000000e+00 1.000000e+00
    outer loop
      vertex   2.062842e+01 -2.390878e+01 -1.490000e+00
      vertex   2.062842e+01 2.390878e+01 -1.490000e+00
      vertex   1.994158e+01 2.433690e+01 -1.490000e+00
    endloop
  endfacet
  facet normal 0.000000e+00 0.000000e+00 1.000000e+00
    outer loop
      vertex   2.062842e+01 -2.390878e+01 -1.490000e+00
      vertex   1.994158e+01 2.433690e+01 -1.490000e+00
      vertex   1.994158e+01 -2.433690e+01 -1.490000e+00
    endloop
  endfacet
  facet normal 0.000000e+00 0.000000e+00 1.000000e+00
    outer loop
      vertex   1.994158e+01 -2.433690e+01 -1.490000e+00
      vertex   1.994158e+01 2.433690e+01 -1.490000e+00
      vertex   1.935497e+01 2.489451e+01 -1.490000e+00
    endloop
  endfacet
  facet normal 0.000000e+00 0.000000e+00 1.000000e+00
    outer loop
      vertex   1.994158e+01 -2.433690e+01 -1.490000e+00
      vertex   1.935497e+01 2.489451e+01 -1.490000e+00
      vertex   1.935497e+01 -2.489451e+01 -1.490000e+00
    endloop
  endfacet
  facet normal 0.000000e+00 0.000000e+00 1.000000e+00
    outer loop
      vertex   2.062842e+01 3.109122e+01 -1.490000e+00
      vertex   2.138739e+01 3.137231e+01 -1.490000e+00
      vertex   3.239000e+01 3.750000e+01 -1.490000e+00
    endloop
  endfacet
  facet normal 0.000000e+00 0.000000e+00 1.000000e+00
    outer loop
      vertex   3.239000e+01 3.750000e+01 -1.490000e+00
      vertex   2.138739e+01 3.137231e+01 -1.490000e+00
      vertex   2.218740e+01 3.149487e+01 -1.490000e+00
    endloop
  endfacet
  facet normal 0.000000e+00 0.000000e+00 1.000000e+00
    outer loop
      vertex   3.239000e+01 3.750000e+01 -1.490000e+00
      vertex   2.218740e+01 3.149487e+01 -1.490000e+00
      vertex   2.299571e+01 3.145387e+01 -1.490000e+00
    endloop
  endfacet
  facet normal -0.000000e+00 0.000000e+00 1.000000e+00
    outer loop
      vertex   2.299571e+01 3.145387e+01 -1.490000e+00
      vertex   2.377922e+01 3.125101e+01 -1.490000e+00
      vertex   3.239000e+01 3.750000e+01 -1.490000e+00
    endloop
  endfacet
  facet normal 0.000000e+00 0.000000e+00 1.000000e+00
    outer loop
      vertex   3.239000e+01 3.750000e+01 -1.490000e+00
      vertex   2.377922e+01 3.125101e+01 -1.490000e+00
      vertex   2.450586e+01 3.089458e+01 -1.490000e+00
    endloop
  endfacet
  facet normal 0.000000e+00 0.000000e+00 1.000000e+00
    outer loop
      vertex   3.239000e+01 3.750000e+01 -1.490000e+00
      vertex   2.450586e+01 3.089458e+01 -1.490000e+00
      vertex   2.514587e+01 3.039917e+01 -1.490000e+00
    endloop
  endfacet
  facet normal -0.000000e+00 0.000000e+00 1.000000e+00
    outer loop
      vertex   2.514587e+01 3.039917e+01 -1.490000e+00
      vertex   2.567305e+01 2.978507e+01 -1.490000e+00
      vertex   3.239000e+01 3.750000e+01 -1.490000e+00
    endloop
  endfacet
  facet normal 0.000000e+00 0.000000e+00 1.000000e+00
    outer loop
      vertex   3.239000e+01 3.750000e+01 -1.490000e+00
      vertex   2.567305e+01 2.978507e+01 -1.490000e+00
      vertex   2.606583e+01 2.907742e+01 -1.490000e+00
    endloop
  endfacet
  facet normal 0.000000e+00 0.000000e+00 1.000000e+00
    outer loop
      vertex   3.239000e+01 3.750000e+01 -1.490000e+00
      vertex   2.606583e+01 2.907742e+01 -1.490000e+00
      vertex   2.630812e+01 2.830519e+01 -1.490000e+00
    endloop
  endfacet
  facet normal 0.000000e+00 0.000000e+00 1.000000e+00
    outer loop
      vertex   2.639000e+01 -2.750000e+01 -1.490000e+00
      vertex   2.630812e+01 -2.830519e+01 -1.490000e+00
      vertex   3.239000e+01 -3.750000e+01 -1.490000e+00
    endloop
  endfacet
  facet normal 0.000000e+00 0.000000e+00 1.000000e+00
    outer loop
      vertex   3.239000e+01 -3.750000e+01 -1.490000e+00
      vertex   2.630812e+01 -2.830519e+01 -1.490000e+00
      vertex   2.606583e+01 -2.907742e+01 -1.490000e+00
    endloop
  endfacet
  facet normal 0.000000e+00 0.000000e+00 1.000000e+00
    outer loop
      vertex   3.239000e+01 -3.750000e+01 -1.490000e+00
      vertex   2.606583e+01 -2.907742e+01 -1.490000e+00
      vertex   2.567305e+01 -2.978507e+01 -1.490000e+00
    endloop
  endfacet
  facet normal 0.000000e+00 0.000000e+00 1.000000e+00
    outer loop
      vertex   2.567305e+01 -2.978507e+01 -1.490000e+00
      vertex   2.514587e+01 -3.039917e+01 -1.490000e+00
      vertex   3.239000e+01 -3.750000e+01 -1.490000e+00
    endloop
  endfacet
  facet normal 0.000000e+00 0.000000e+00 1.000000e+00
    outer loop
      vertex   3.239000e+01 -3.750000e+01 -1.490000e+00
      vertex   2.514587e+01 -3.039917e+01 -1.490000e+00
      vertex   2.450586e+01 -3.089458e+01 -1.490000e+00
    endloop
  endfacet
  facet normal 0.000000e+00 0.000000e+00 1.000000e+00
    outer loop
      vertex   3.239000e+01 -3.750000e+01 -1.490000e+00
      vertex   2.450586e+01 -3.089458e+01 -1.490000e+00
      vertex   2.377922e+01 -3.125101e+01 -1.490000e+00
    endloop
  endfacet
  facet normal 0.000000e+00 0.000000e+00 1.000000e+00
    outer loop
      vertex   2.377922e+01 -3.125101e+01 -1.490000e+00
      vertex   2.299571e+01 -3.145387e+01 -1.490000e+00
      vertex   3.239000e+01 -3.750000e+01 -1.490000e+00
    endloop
  endfacet
  facet normal 0.000000e+00 0.000000e+00 1.000000e+00
    outer loop
      vertex   3.239000e+01 -3.750000e+01 -1.490000e+00
      vertex   2.299571e+01 -3.145387e+01 -1.490000e+00
      vertex   2.218740e+01 -3.149487e+01 -1.490000e+00
    endloop
  endfacet
  facet normal 0.000000e+00 0.000000e+00 1.000000e+00
    outer loop
      vertex   3.239000e+01 -3.750000e+01 -1.490000e+00
      vertex   2.218740e+01 -3.149487e+01 -1.490000e+00
      vertex   2.138739e+01 -3.137231e+01 -1.490000e+00
    endloop
  endfacet
  facet normal 0.000000e+00 0.000000e+00 1.000000e+00
    outer loop
      vertex   2.138739e+01 -3.137231e+01 -1.490000e+00
      vertex   2.062842e+01 -3.109122e+01 -1.490000e+00
      vertex   3.239000e+01 -3.750000e+01 -1.490000e+00
    endloop
  endfacet
  facet normal 9.948693e-01 1.011683e-01 -0.000000e+00
    outer loop
      vertex   2.630812e+01 2.830519e+01 -1.490000e+00
      vertex   2.630812e+01 2.830519e+01 1.510000e+00
      vertex   2.639000e+01 2.750000e+01 -1.490000e+00
    endloop
  endfacet
  facet normal 9.948693e-01 1.011683e-01 -0.000000e+00
    outer loop
      vertex   2.639000e+01 2.750000e+01 -1.490000e+00
      vertex   2.630812e+01 2.830519e+01 1.510000e+00
      vertex   2.639000e+01 2.750000e+01 1.510000e+00
    endloop
  endfacet
  facet normal 9.948693e-01 -1.011683e-01 0.000000e+00
    outer loop
      vertex   2.639000e+01 2.750000e+01 -1.490000e+00
      vertex   2.639000e+01 2.750000e+01 1.510000e+00
      vertex   2.630812e+01 2.669481e+01 -1.490000e+00
    endloop
  endfacet
  facet normal 9.948693e-01 -1.011683e-01 0.000000e+00
    outer loop
      vertex   2.630812e+01 2.669481e+01 -1.490000e+00
      vertex   2.639000e+01 2.750000e+01 1.510000e+00
      vertex   2.630812e+01 2.669481e+01 1.510000e+00
    endloop
  endfacet
  facet normal 9.541393e-01 -2.993631e-01 0.000000e+00
    outer loop
      vertex   2.630812e+01 2.669481e+01 -1.490000e+00
      vertex   2.630812e+01 2.669481e+01 1.510000e+00
      vertex   2.606583e+01 2.592258e+01 1.510000e+00
    endloop
  endfacet
  facet normal 9.541393e-01 2.993631e-01 -0.000000e+00
    outer loop
      vertex   2.630812e+01 2.830519e+01 -1.490000e+00
      vertex   2.606583e+01 2.907742e+01 -1.490000e+00
      vertex   2.630812e+01 2.830519e+01 1.510000e+00
    endloop
  endfacet
  facet normal 9.541393e-01 2.993631e-01 0.000000e+00
    outer loop
      vertex   2.630812e+01 2.830519e+01 1.510000e+00
      vertex   2.606583e+01 2.907742e+01 -1.490000e+00
      vertex   2.606583e+01 2.907742e+01 1.510000e+00
    endloop
  endfacet
  facet normal 8.743466e-01 4.853020e-01 0.000000e+00
    outer loop
      vertex   2.606583e+01 2.907742e+01 1.510000e+00
      vertex   2.606583e+01 2.907742e+01 -1.490000e+00
      vertex   2.567305e+01 2.978507e+01 -1.490000e+00
    endloop
  endfacet
  facet normal 8.743466e-01 4.853020e-01 0.000000e+00
    outer loop
      vertex   2.606583e+01 2.907742e+01 1.510000e+00
      vertex   2.567305e+01 2.978507e+01 -1.490000e+00
      vertex   2.567305e+01 2.978507e+01 1.510000e+00
    endloop
  endfacet
  facet normal 7.587581e-01 6.513725e-01 0.000000e+00
    outer loop
      vertex   2.567305e+01 2.978507e+01 1.510000e+00
      vertex   2.567305e+01 2.978507e+01 -1.490000e+00
      vertex   2.514587e+01 3.039917e+01 -1.490000e+00
    endloop
  endfacet
  facet normal 7.587581e-01 6.513725e-01 0.000000e+00
    outer loop
      vertex   2.567305e+01 2.978507e+01 1.510000e+00
      vertex   2.514587e+01 3.039917e+01 -1.490000e+00
      vertex   2.514587e+01 3.039917e+01 1.510000e+00
    endloop
  endfacet
  facet normal 6.121060e-01 7.907757e-01 0.000000e+00
    outer loop
      vertex   2.514587e+01 3.039917e+01 1.510000e+00
      vertex   2.514587e+01 3.039917e+01 -1.490000e+00
      vertex   2.450586e+01 3.089458e+01 -1.490000e+00
    endloop
  endfacet
  facet normal 6.121060e-01 7.907757e-01 0.000000e+00
    outer loop
      vertex   2.514587e+01 3.039917e+01 1.510000e+00
      vertex   2.450586e+01 3.089458e+01 -1.490000e+00
      vertex   2.450586e+01 3.089458e+01 1.510000e+00
    endloop
  endfacet
  facet normal 4.403942e-01 8.978045e-01 0.000000e+00
    outer loop
      vertex   2.450586e+01 3.089458e+01 1.510000e+00
      vertex   2.450586e+01 3.089458e+01 -1.490000e+00
      vertex   2.377922e+01 3.125101e+01 -1.490000e+00
    endloop
  endfacet
  facet normal 4.403942e-01 8.978045e-01 0.000000e+00
    outer loop
      vertex   2.450586e+01 3.089458e+01 1.510000e+00
      vertex   2.377922e+01 3.125101e+01 -1.490000e+00
      vertex   2.377922e+01 3.125101e+01 1.510000e+00
    endloop
  endfacet
  facet normal 2.506525e-01 9.680771e-01 0.000000e+00
    outer loop
      vertex   2.377922e+01 3.125101e+01 1.510000e+00
      vertex   2.377922e+01 3.125101e+01 -1.490000e+00
      vertex   2.299571e+01 3.145387e+01 -1.490000e+00
    endloop
  endfacet
  facet normal 2.506525e-01 9.680771e-01 0.000000e+00
    outer loop
      vertex   2.377922e+01 3.125101e+01 1.510000e+00
      vertex   2.299571e+01 3.145387e+01 -1.490000e+00
      vertex   2.299571e+01 3.145387e+01 1.510000e+00
    endloop
  endfacet
  facet normal 5.064917e-02 9.987165e-01 0.000000e+00
    outer loop
      vertex   2.299571e+01 3.145387e+01 1.510000e+00
      vertex   2.299571e+01 3.145387e+01 -1.490000e+00
      vertex   2.218740e+01 3.149487e+01 -1.490000e+00
    endloop
  endfacet
  facet normal 5.064917e-02 9.987165e-01 0.000000e+00
    outer loop
      vertex   2.299571e+01 3.145387e+01 1.510000e+00
      vertex   2.218740e+01 3.149487e+01 -1.490000e+00
      vertex   2.218740e+01 3.149487e+01 1.510000e+00
    endloop
  endfacet
  facet normal -1.514278e-01 9.884683e-01 0.000000e+00
    outer loop
      vertex   2.218740e+01 3.149487e+01 1.510000e+00
      vertex   2.218740e+01 3.149487e+01 -1.490000e+00
      vertex   2.138739e+01 3.137231e+01 -1.490000e+00
    endloop
  endfacet
  facet normal -1.514278e-01 9.884683e-01 0.000000e+00
    outer loop
      vertex   2.218740e+01 3.149487e+01 1.510000e+00
      vertex   2.138739e+01 3.137231e+01 -1.490000e+00
      vertex   2.138739e+01 3.137231e+01 1.510000e+00
    endloop
  endfacet
  facet normal -3.473053e-01 9.377521e-01 0.000000e+00
    outer loop
      vertex   2.138739e+01 3.137231e+01 1.510000e+00
      vertex   2.138739e+01 3.137231e+01 -1.490000e+00
      vertex   2.062842e+01 3.109122e+01 -1.490000e+00
    endloop
  endfacet
  facet normal -3.473053e-01 9.377521e-01 0.000000e+00
    outer loop
      vertex   2.138739e+01 3.137231e+01 1.510000e+00
      vertex   2.062842e+01 3.109122e+01 -1.490000e+00
      vertex   2.062842e+01 3.109122e+01 1.510000e+00
    endloop
  endfacet
  facet normal -5.289640e-01 8.486443e-01 0.000000e+00
    outer loop
      vertex   2.062842e+01 3.109122e+01 1.510000e+00
      vertex   2.062842e+01 3.109122e+01 -1.490000e+00
      vertex   1.994158e+01 3.066310e+01 -1.490000e+00
    endloop
  endfacet
  facet normal -5.289640e-01 8.486443e-01 -6.172885e-16
    outer loop
      vertex   2.062842e+01 3.109122e+01 1.510000e+00
      vertex   1.994158e+01 3.066310e+01 -1.490000e+00
      vertex   1.994158e+01 3.066310e+01 1.510000e+00
    endloop
  endfacet
  facet normal -6.889669e-01 7.247928e-01 -8.159007e-16
    outer loop
      vertex   1.994158e+01 3.066310e+01 1.510000e+00
      vertex   1.994158e+01 3.066310e+01 -1.490000e+00
      vertex   1.935497e+01 3.010549e+01 -1.490000e+00
    endloop
  endfacet
  facet normal -6.889669e-01 7.247928e-01 0.000000e+00
    outer loop
      vertex   1.994158e+01 3.066310e+01 1.510000e+00
      vertex   1.935497e+01 3.010549e+01 -1.490000e+00
      vertex   1.935497e+01 3.010549e+01 1.510000e+00
    endloop
  endfacet
  facet normal -8.207634e-01 5.712682e-01 0.000000e+00
    outer loop
      vertex   1.935497e+01 3.010549e+01 1.510000e+00
      vertex   1.935497e+01 3.010549e+01 -1.490000e+00
      vertex   1.889261e+01 2.944121e+01 -1.490000e+00
    endloop
  endfacet
  facet normal -8.207634e-01 5.712682e-01 0.000000e+00
    outer loop
      vertex   1.935497e+01 3.010549e+01 1.510000e+00
      vertex   1.889261e+01 2.944121e+01 -1.490000e+00
      vertex   1.889261e+01 2.944121e+01 1.510000e+00
    endloop
  endfacet
  facet normal -9.189578e-01 3.943559e-01 0.000000e+00
    outer loop
      vertex   1.889261e+01 2.944121e+01 1.510000e+00
      vertex   1.889261e+01 2.944121e+01 -1.490000e+00
      vertex   1.857344e+01 2.869745e+01 -1.490000e+00
    endloop
  endfacet
  facet normal -9.189578e-01 3.943559e-01 0.000000e+00
    outer loop
      vertex   1.889261e+01 2.944121e+01 1.510000e+00
      vertex   1.857344e+01 2.869745e+01 -1.490000e+00
      vertex   1.857344e+01 2.869745e+01 1.510000e+00
    endloop
  endfacet
  facet normal -9.795299e-01 2.012985e-01 0.000000e+00
    outer loop
      vertex   1.857344e+01 2.869745e+01 1.510000e+00
      vertex   1.857344e+01 2.869745e+01 -1.490000e+00
      vertex   1.841052e+01 2.790467e+01 -1.490000e+00
    endloop
  endfacet
  facet normal -9.795299e-01 2.012985e-01 0.000000e+00
    outer loop
      vertex   1.857344e+01 2.869745e+01 1.510000e+00
      vertex   1.841052e+01 2.790467e+01 -1.490000e+00
      vertex   1.841052e+01 2.790467e+01 1.510000e+00
    endloop
  endfacet
  facet normal -1.000000e+00 0.000000e+00 -0.000000e+00
    outer loop
      vertex   1.841052e+01 2.790467e+01 1.510000e+00
      vertex   1.841052e+01 2.790467e+01 -1.490000e+00
      vertex   1.841052e+01 2.709533e+01 -1.490000e+00
    endloop
  endfacet
  facet normal -1.000000e+00 -0.000000e+00 0.000000e+00
    outer loop
      vertex   1.841052e+01 2.790467e+01 1.510000e+00
      vertex   1.841052e+01 2.709533e+01 -1.490000e+00
      vertex   1.841052e+01 2.709533e+01 1.510000e+00
    endloop
  endfacet
  facet normal -9.795299e-01 -2.012985e-01 -0.000000e+00
    outer loop
      vertex   1.841052e+01 2.709533e+01 1.510000e+00
      vertex   1.841052e+01 2.709533e+01 -1.490000e+00
      vertex   1.857344e+01 2.630255e+01 -1.490000e+00
    endloop
  endfacet
  facet normal -9.795299e-01 -2.012985e-01 0.000000e+00
    outer loop
      vertex   1.841052e+01 2.709533e+01 1.510000e+00
      vertex   1.857344e+01 2.630255e+01 -1.490000e+00
      vertex   1.857344e+01 2.630255e+01 1.510000e+00
    endloop
  endfacet
  facet normal -9.189578e-01 -3.943559e-01 -0.000000e+00
    outer loop
      vertex   1.857344e+01 2.630255e+01 1.510000e+00
      vertex   1.857344e+01 2.630255e+01 -1.490000e+00
      vertex   1.889261e+01 2.555879e+01 -1.490000e+00
    endloop
  endfacet
  facet normal -9.189578e-01 -3.943559e-01 0.000000e+00
    outer loop
      vertex   1.857344e+01 2.630255e+01 1.510000e+00
      vertex   1.889261e+01 2.555879e+01 -1.490000e+00
      vertex   1.889261e+01 2.555879e+01 1.510000e+00
    endloop
  endfacet
  facet normal -8.207634e-01 -5.712682e-01 -0.000000e+00
    outer loop
      vertex   1.889261e+01 2.555879e+01 1.510000e+00
      vertex   1.889261e+01 2.555879e+01 -1.490000e+00
      vertex   1.935497e+01 2.489451e+01 -1.490000e+00
    endloop
  endfacet
  facet normal -8.207634e-01 -5.712682e-01 0.000000e+00
    outer loop
      vertex   1.889261e+01 2.555879e+01 1.510000e+00
      vertex   1.935497e+01 2.489451e+01 -1.490000e+00
      vertex   1.935497e+01 2.489451e+01 1.510000e+00
    endloop
  endfacet
  facet normal -6.889669e-01 -7.247928e-01 -0.000000e+00
    outer loop
      vertex   1.935497e+01 2.489451e+01 1.510000e+00
      vertex   1.935497e+01 2.489451e+01 -1.490000e+00
      vertex   1.994158e+01 2.433690e+01 -1.490000e+00
    endloop
  endfacet
  facet normal -6.889669e-01 -7.247928e-01 8.001888e-16
    outer loop
      vertex   1.935497e+01 2.489451e+01 1.510000e+00
      vertex   1.994158e+01 2.433690e+01 -1.490000e+00
      vertex   1.994158e+01 2.433690e+01 1.510000e+00
    endloop
  endfacet
  facet normal -5.289640e-01 -8.486443e-01 6.264192e-16
    outer loop
      vertex   1.994158e+01 2.433690e+01 1.510000e+00
      vertex   1.994158e+01 2.433690e+01 -1.490000e+00
      vertex   2.062842e+01 2.390878e+01 -1.490000e+00
    endloop
  endfacet
  facet normal -5.289640e-01 -8.486443e-01 0.000000e+00
    outer loop
      vertex   1.994158e+01 2.433690e+01 1.510000e+00
      vertex   2.062842e+01 2.390878e+01 -1.490000e+00
      vertex   2.062842e+01 2.390878e+01 1.510000e+00
    endloop
  endfacet
  facet normal -3.473053e-01 -9.377521e-01 -0.000000e+00
    outer loop
      vertex   2.062842e+01 2.390878e+01 1.510000e+00
      vertex   2.062842e+01 2.390878e+01 -1.490000e+00
      vertex   2.138739e+01 2.362769e+01 -1.490000e+00
    endloop
  endfacet
  facet normal -3.473053e-01 -9.377521e-01 0.000000e+00
    outer loop
      vertex   2.062842e+01 2.390878e+01 1.510000e+00
      vertex   2.138739e+01 2.362769e+01 -1.490000e+00
      vertex   2.138739e+01 2.362769e+01 1.510000e+00
    endloop
  endfacet
  facet normal -1.514278e-01 -9.884683e-01 -0.000000e+00
    outer loop
      vertex   2.138739e+01 2.362769e+01 1.510000e+00
      vertex   2.138739e+01 2.362769e+01 -1.490000e+00
      vertex   2.218740e+01 2.350513e+01 -1.490000e+00
    endloop
  endfacet
  facet normal -1.514278e-01 -9.884683e-01 0.000000e+00
    outer loop
      vertex   2.138739e+01 2.362769e+01 1.510000e+00
      vertex   2.218740e+01 2.350513e+01 -1.490000e+00
      vertex   2.218740e+01 2.350513e+01 1.510000e+00
    endloop
  endfacet
  facet normal 5.064917e-02 -9.987165e-01 0.000000e+00
    outer loop
      vertex   2.218740e+01 2.350513e+01 1.510000e+00
      vertex   2.218740e+01 2.350513e+01 -1.490000e+00
      vertex   2.299571e+01 2.354613e+01 -1.490000e+00
    endloop
  endfacet
  facet normal 5.064917e-02 -9.987165e-01 0.000000e+00
    outer loop
      vertex   2.218740e+01 2.350513e+01 1.510000e+00
      vertex   2.299571e+01 2.354613e+01 -1.490000e+00
      vertex   2.299571e+01 2.354613e+01 1.510000e+00
    endloop
  endfacet
  facet normal 2.506525e-01 -9.680771e-01 0.000000e+00
    outer loop
      vertex   2.299571e+01 2.354613e+01 1.510000e+00
      vertex   2.299571e+01 2.354613e+01 -1.490000e+00
      vertex   2.377922e+01 2.374899e+01 -1.490000e+00
    endloop
  endfacet
  facet normal 2.506525e-01 -9.680771e-01 0.000000e+00
    outer loop
      vertex   2.299571e+01 2.354613e+01 1.510000e+00
      vertex   2.377922e+01 2.374899e+01 -1.490000e+00
      vertex   2.377922e+01 2.374899e+01 1.510000e+00
    endloop
  endfacet
  facet normal 4.403942e-01 -8.978045e-01 0.000000e+00
    outer loop
      vertex   2.377922e+01 2.374899e+01 1.510000e+00
      vertex   2.377922e+01 2.374899e+01 -1.490000e+00
      vertex   2.450586e+01 2.410542e+01 -1.490000e+00
    endloop
  endfacet
  facet normal 4.403942e-01 -8.978045e-01 0.000000e+00
    outer loop
      vertex   2.377922e+01 2.374899e+01 1.510000e+00
      vertex   2.450586e+01 2.410542e+01 -1.490000e+00
      vertex   2.450586e+01 2.410542e+01 1.510000e+00
    endloop
  endfacet
  facet normal 6.121060e-01 -7.907757e-01 0.000000e+00
    outer loop
      vertex   2.450586e+01 2.410542e+01 1.510000e+00
      vertex   2.450586e+01 2.410542e+01 -1.490000e+00
      vertex   2.514587e+01 2.460083e+01 -1.490000e+00
    endloop
  endfacet
  facet normal 6.121060e-01 -7.907757e-01 0.000000e+00
    outer loop
      vertex   2.450586e+01 2.410542e+01 1.510000e+00
      vertex   2.514587e+01 2.460083e+01 -1.490000e+00
      vertex   2.514587e+01 2.460083e+01 1.510000e+00
    endloop
  endfacet
  facet normal 7.587581e-01 -6.513725e-01 0.000000e+00
    outer loop
      vertex   2.514587e+01 2.460083e+01 1.510000e+00
      vertex   2.514587e+01 2.460083e+01 -1.490000e+00
      vertex   2.567305e+01 2.521493e+01 -1.490000e+00
    endloop
  endfacet
  facet normal 7.587581e-01 -6.513725e-01 0.000000e+00
    outer loop
      vertex   2.514587e+01 2.460083e+01 1.510000e+00
      vertex   2.567305e+01 2.521493e+01 -1.490000e+00
      vertex   2.567305e+01 2.521493e+01 1.510000e+00
    endloop
  endfacet
  facet normal 8.743466e-01 -4.853020e-01 0.000000e+00
    outer loop
      vertex   2.567305e+01 2.521493e+01 1.510000e+00
      vertex   2.567305e+01 2.521493e+01 -1.490000e+00
      vertex   2.606583e+01 2.592258e+01 -1.490000e+00
    endloop
  endfacet
  facet normal 8.743466e-01 -4.853020e-01 0.000000e+00
    outer loop
      vertex   2.567305e+01 2.521493e+01 1.510000e+00
      vertex   2.606583e+01 2.592258e+01 -1.490000e+00
      vertex   2.606583e+01 2.592258e+01 1.510000e+00
    endloop
  endfacet
  facet normal 9.541393e-01 -2.993631e-01 0.000000e+00
    outer loop
      vertex   2.606583e+01 2.592258e+01 1.510000e+00
      vertex   2.606583e+01 2.592258e+01 -1.490000e+00
      vertex   2.630812e+01 2.669481e+01 -1.490000e+00
    endloop
  endfacet
  facet normal -0.000000e+00 0.000000e+00 1.000000e+00
    outer loop
      vertex   2.312276e+01 2.716670e+01 1.510000e+00
      vertex   2.630812e+01 2.669481e+01 1.510000e+00
      vertex   2.314831e+01 2.736081e+01 1.510000e+00
    endloop
  endfacet
  facet normal -0.000000e+00 0.000000e+00 1.000000e+00
    outer loop
      vertex   2.314831e+01 2.736081e+01 1.510000e+00
      vertex   2.630812e+01 2.669481e+01 1.510000e+00
      vertex   2.639000e+01 2.750000e+01 1.510000e+00
    endloop
  endfacet
  facet normal 0.000000e+00 -0.000000e+00 1.000000e+00
    outer loop
      vertex   2.314831e+01 2.736081e+01 1.510000e+00
      vertex   2.639000e+01 2.750000e+01 1.510000e+00
      vertex   2.312276e+01 2.755493e+01 1.510000e+00
    endloop
  endfacet
  facet normal -0.000000e+00 0.000000e+00 1.000000e+00
    outer loop
      vertex   2.312276e+01 2.755493e+01 1.510000e+00
      vertex   2.639000e+01 2.750000e+01 1.510000e+00
      vertex   2.630812e+01 2.830519e+01 1.510000e+00
    endloop
  endfacet
  facet normal 0.000000e+00 0.000000e+00 1.000000e+00
    outer loop
      vertex   2.312276e+01 2.755493e+01 1.510000e+00
      vertex   2.630812e+01 2.830519e+01 1.510000e+00
      vertex   2.606583e+01 2.907742e+01 1.510000e+00
    endloop
  endfacet
  facet normal 0.000000e+00 0.000000e+00 1.000000e+00
    outer loop
      vertex   2.630812e+01 2.669481e+01 1.510000e+00
      vertex   2.312276e+01 2.716670e+01 1.510000e+00
      vertex   2.606583e+01 2.592258e+01 1.510000e+00
    endloop
  endfacet
  facet normal 0.000000e+00 0.000000e+00 1.000000e+00
    outer loop
      vertex   2.606583e+01 2.592258e+01 1.510000e+00
      vertex   2.312276e+01 2.716670e+01 1.510000e+00
      vertex   2.304783e+01 2.698581e+01 1.510000e+00
    endloop
  endfacet
  facet normal 0.000000e+00 0.000000e+00 1.000000e+00
    outer loop
      vertex   2.606583e+01 2.592258e+01 1.510000e+00
      vertex   2.304783e+01 2.698581e+01 1.510000e+00
      vertex   2.567305e+01 2.521493e+01 1.510000e+00
    endloop
  endfacet
  facet normal 0.000000e+00 0.000000e+00 1.000000e+00
    outer loop
      vertex   2.567305e+01 2.521493e+01 1.510000e+00
      vertex   2.304783e+01 2.698581e+01 1.510000e+00
      vertex   2.292864e+01 2.683048e+01 1.510000e+00
    endloop
  endfacet
  facet normal 0.000000e+00 0.000000e+00 1.000000e+00
    outer loop
      vertex   2.567305e+01 2.521493e+01 1.510000e+00
      vertex   2.292864e+01 2.683048e+01 1.510000e+00
      vertex   2.514587e+01 2.460083e+01 1.510000e+00
    endloop
  endfacet
  facet normal 0.000000e+00 0.000000e+00 1.000000e+00
    outer loop
      vertex   2.514587e+01 2.460083e+01 1.510000e+00
      vertex   2.292864e+01 2.683048e+01 1.510000e+00
      vertex   2.450586e+01 2.410542e+01 1.510000e+00
    endloop
  endfacet
  facet normal 0.000000e+00 0.000000e+00 1.000000e+00
    outer loop
      vertex   2.450586e+01 2.410542e+01 1.510000e+00
      vertex   2.292864e+01 2.683048e+01 1.510000e+00
      vertex   2.277331e+01 2.671129e+01 1.510000e+00
    endloop
  endfacet
  facet normal 0.000000e+00 0.000000e+00 1.000000e+00
    outer loop
      vertex   2.450586e+01 2.410542e+01 1.510000e+00
      vertex   2.277331e+01 2.671129e+01 1.510000e+00
      vertex   2.377922e+01 2.374899e+01 1.510000e+00
    endloop
  endfacet
  facet normal 0.000000e+00 0.000000e+00 1.000000e+00
    outer loop
      vertex   2.377922e+01 2.374899e+01 1.510000e+00
      vertex   2.277331e+01 2.671129e+01 1.510000e+00
      vertex   2.259243e+01 2.663637e+01 1.510000e+00
    endloop
  endfacet
  facet normal 0.000000e+00 0.000000e+00 1.000000e+00
    outer loop
      vertex   2.377922e+01 2.374899e+01 1.510000e+00
      vertex   2.259243e+01 2.663637e+01 1.510000e+00
      vertex   2.299571e+01 2.354613e+01 1.510000e+00
    endloop
  endfacet
  facet normal 0.000000e+00 0.000000e+00 1.000000e+00
    outer loop
      vertex   2.299571e+01 2.354613e+01 1.510000e+00
      vertex   2.259243e+01 2.663637e+01 1.510000e+00
      vertex   2.239831e+01 2.661081e+01 1.510000e+00
    endloop
  endfacet
  facet normal 0.000000e+00 0.000000e+00 1.000000e+00
    outer loop
      vertex   2.299571e+01 2.354613e+01 1.510000e+00
      vertex   2.239831e+01 2.661081e+01 1.510000e+00
      vertex   2.218740e+01 2.350513e+01 1.510000e+00
    endloop
  endfacet
  facet normal 0.000000e+00 0.000000e+00 1.000000e+00
    outer loop
      vertex   2.218740e+01 2.350513e+01 1.510000e+00
      vertex   2.239831e+01 2.661081e+01 1.510000e+00
      vertex   2.220420e+01 2.663637e+01 1.510000e+00
    endloop
  endfacet
  facet normal 0.000000e+00 -0.000000e+00 1.000000e+00
    outer loop
      vertex   2.218740e+01 2.350513e+01 1.510000e+00
      vertex   2.220420e+01 2.663637e+01 1.510000e+00
      vertex   2.138739e+01 2.362769e+01 1.510000e+00
    endloop
  endfacet
  facet normal 0.000000e+00 -0.000000e+00 1.000000e+00
    outer loop
      vertex   2.138739e+01 2.362769e+01 1.510000e+00
      vertex   2.220420e+01 2.663637e+01 1.510000e+00
      vertex   2.062842e+01 2.390878e+01 1.510000e+00
    endloop
  endfacet
  facet normal 0.000000e+00 0.000000e+00 1.000000e+00
    outer loop
      vertex   2.062842e+01 2.390878e+01 1.510000e+00
      vertex   2.220420e+01 2.663637e+01 1.510000e+00
      vertex   2.202331e+01 2.671129e+01 1.510000e+00
    endloop
  endfacet
  facet normal 0.000000e+00 -0.000000e+00 1.000000e+00
    outer loop
      vertex   2.062842e+01 2.390878e+01 1.510000e+00
      vertex   2.202331e+01 2.671129e+01 1.510000e+00
      vertex   1.994158e+01 2.433690e+01 1.510000e+00
    endloop
  endfacet
  facet normal 0.000000e+00 0.000000e+00 1.000000e+00
    outer loop
      vertex   1.994158e+01 2.433690e+01 1.510000e+00
      vertex   2.202331e+01 2.671129e+01 1.510000e+00
      vertex   2.186798e+01 2.683048e+01 1.510000e+00
    endloop
  endfacet
  facet normal 0.000000e+00 -0.000000e+00 1.000000e+00
    outer loop
      vertex   1.994158e+01 2.433690e+01 1.510000e+00
      vertex   2.186798e+01 2.683048e+01 1.510000e+00
      vertex   1.935497e+01 2.489451e+01 1.510000e+00
    endloop
  endfacet
  facet normal 0.000000e+00 0.000000e+00 1.000000e+00
    outer loop
      vertex   1.935497e+01 2.489451e+01 1.510000e+00
      vertex   2.186798e+01 2.683048e+01 1.510000e+00
      vertex   2.174879e+01 2.698581e+01 1.510000e+00
    endloop
  endfacet
  facet normal 0.000000e+00 -0.000000e+00 1.000000e+00
    outer loop
      vertex   1.935497e+01 2.489451e+01 1.510000e+00
      vertex   2.174879e+01 2.698581e+01 1.510000e+00
      vertex   1.889261e+01 2.555879e+01 1.510000e+00
    endloop
  endfacet
  facet normal 0.000000e+00 0.000000e+00 1.000000e+00
    outer loop
      vertex   1.889261e+01 2.555879e+01 1.510000e+00
      vertex   2.174879e+01 2.698581e+01 1.510000e+00
      vertex   2.167387e+01 2.716670e+01 1.510000e+00
    endloop
  endfacet
  facet normal 0.000000e+00 -0.000000e+00 1.000000e+00
    outer loop
      vertex   1.889261e+01 2.555879e+01 1.510000e+00
      vertex   2.167387e+01 2.716670e+01 1.510000e+00
      vertex   1.857344e+01 2.630255e+01 1.510000e+00
    endloop
  endfacet
  facet normal 0.000000e+00 -0.000000e+00 1.000000e+00
    outer loop
      vertex   1.857344e+01 2.630255e+01 1.510000e+00
      vertex   2.167387e+01 2.716670e+01 1.510000e+00
      vertex   1.841052e+01 2.709533e+01 1.510000e+00
    endloop
  endfacet
  facet normal 0.000000e+00 0.000000e+00 1.000000e+00
    outer loop
      vertex   1.841052e+01 2.709533e+01 1.510000e+00
      vertex   2.167387e+01 2.716670e+01 1.510000e+00
      vertex   2.164831e+01 2.736081e+01 1.510000e+00
    endloop
  endfacet
  facet normal 0.000000e+00 0.000000e+00 1.000000e+00
    outer loop
      vertex   1.841052e+01 2.709533e+01 1.510000e+00
      vertex   2.164831e+01 2.736081e+01 1.510000e+00
      vertex   1.841052e+01 2.790467e+01 1.510000e+00
    endloop
  endfacet
  facet normal 0.000000e+00 0.000000e+00 1.000000e+00
    outer loop
      vertex   1.841052e+01 2.790467e+01 1.510000e+00
      vertex   2.164831e+01 2.736081e+01 1.510000e+00
      vertex   2.167387e+01 2.755493e+01 1.510000e+00
    endloop
  endfacet
  facet normal -0.000000e+00 0.000000e+00 1.000000e+00
    outer loop
      vertex   1.841052e+01 2.790467e+01 1.510000e+00
      vertex   2.167387e+01 2.755493e+01 1.510000e+00
      vertex   1.857344e+01 2.869745e+01 1.510000e+00
    endloop
  endfacet
  facet normal 0.000000e+00 0.000000e+00 1.000000e+00
    outer loop
      vertex   1.857344e+01 2.869745e+01 1.510000e+00
      vertex   2.167387e+01 2.755493e+01 1.510000e+00
      vertex   2.174879e+01 2.773581e+01 1.510000e+00
    endloop
  endfacet
  facet normal -0.000000e+00 0.000000e+00 1.000000e+00
    outer loop
      vertex   1.857344e+01 2.869745e+01 1.510000e+00
      vertex   2.174879e+01 2.773581e+01 1.510000e+00
      vertex   1.889261e+01 2.944121e+01 1.510000e+00
    endloop
  endfacet
  facet normal -0.000000e+00 0.000000e+00 1.000000e+00
    outer loop
      vertex   1.889261e+01 2.944121e+01 1.510000e+00
      vertex   2.174879e+01 2.773581e+01 1.510000e+00
      vertex   1.935497e+01 3.010549e+01 1.510000e+00
    endloop
  endfacet
  facet normal 0.000000e+00 0.000000e+00 1.000000e+00
    outer loop
      vertex   1.935497e+01 3.010549e+01 1.510000e+00
      vertex   2.174879e+01 2.773581e+01 1.510000e+00
      vertex   2.186798e+01 2.789114e+01 1.510000e+00
    endloop
  endfacet
  facet normal -0.000000e+00 0.000000e+00 1.000000e+00
    outer loop
      vertex   1.935497e+01 3.010549e+01 1.510000e+00
      vertex   2.186798e+01 2.789114e+01 1.510000e+00
      vertex   1.994158e+01 3.066310e+01 1.510000e+00
    endloop
  endfacet
  facet normal 0.000000e+00 0.000000e+00 1.000000e+00
    outer loop
      vertex   1.994158e+01 3.066310e+01 1.510000e+00
      vertex   2.186798e+01 2.789114e+01 1.510000e+00
      vertex   2.202331e+01 2.801033e+01 1.510000e+00
    endloop
  endfacet
  facet normal -0.000000e+00 0.000000e+00 1.000000e+00
    outer loop
      vertex   1.994158e+01 3.066310e+01 1.510000e+00
      vertex   2.202331e+01 2.801033e+01 1.510000e+00
      vertex   2.062842e+01 3.109122e+01 1.510000e+00
    endloop
  endfacet
  facet normal 0.000000e+00 0.000000e+00 1.000000e+00
    outer loop
      vertex   2.062842e+01 3.109122e+01 1.510000e+00
      vertex   2.202331e+01 2.801033e+01 1.510000e+00
      vertex   2.220420e+01 2.808526e+01 1.510000e+00
    endloop
  endfacet
  facet normal -0.000000e+00 0.000000e+00 1.000000e+00
    outer loop
      vertex   2.062842e+01 3.109122e+01 1.510000e+00
      vertex   2.220420e+01 2.808526e+01 1.510000e+00
      vertex   2.138739e+01 3.137231e+01 1.510000e+00
    endloop
  endfacet
  facet normal -0.000000e+00 0.000000e+00 1.000000e+00
    outer loop
      vertex   2.138739e+01 3.137231e+01 1.510000e+00
      vertex   2.220420e+01 2.808526e+01 1.510000e+00
      vertex   2.218740e+01 3.149487e+01 1.510000e+00
    endloop
  endfacet
  facet normal 0.000000e+00 0.000000e+00 1.000000e+00
    outer loop
      vertex   2.218740e+01 3.149487e+01 1.510000e+00
      vertex   2.220420e+01 2.808526e+01 1.510000e+00
      vertex   2.239831e+01 2.811081e+01 1.510000e+00
    endloop
  endfacet
  facet normal 0.000000e+00 0.000000e+00 1.000000e+00
    outer loop
      vertex   2.218740e+01 3.149487e+01 1.510000e+00
      vertex   2.239831e+01 2.811081e+01 1.510000e+00
      vertex   2.299571e+01 3.145387e+01 1.510000e+00
    endloop
  endfacet
  facet normal 0.000000e+00 0.000000e+00 1.000000e+00
    outer loop
      vertex   2.299571e+01 3.145387e+01 1.510000e+00
      vertex   2.239831e+01 2.811081e+01 1.510000e+00
      vertex   2.259243e+01 2.808526e+01 1.510000e+00
    endloop
  endfacet
  facet normal 0.000000e+00 0.000000e+00 1.000000e+00
    outer loop
      vertex   2.299571e+01 3.145387e+01 1.510000e+00
      vertex   2.259243e+01 2.808526e+01 1.510000e+00
      vertex   2.377922e+01 3.125101e+01 1.510000e+00
    endloop
  endfacet
  facet normal 0.000000e+00 0.000000e+00 1.000000e+00
    outer loop
      vertex   2.377922e+01 3.125101e+01 1.510000e+00
      vertex   2.259243e+01 2.808526e+01 1.510000e+00
      vertex   2.277331e+01 2.801033e+01 1.510000e+00
    endloop
  endfacet
  facet normal 0.000000e+00 0.000000e+00 1.000000e+00
    outer loop
      vertex   2.377922e+01 3.125101e+01 1.510000e+00
      vertex   2.277331e+01 2.801033e+01 1.510000e+00
      vertex   2.450586e+01 3.089458e+01 1.510000e+00
    endloop
  endfacet
  facet normal 0.000000e+00 0.000000e+00 1.000000e+00
    outer loop
      vertex   2.450586e+01 3.089458e+01 1.510000e+00
      vertex   2.277331e+01 2.801033e+01 1.510000e+00
      vertex   2.514587e+01 3.039917e+01 1.510000e+00
    endloop
  endfacet
  facet normal 0.000000e+00 0.000000e+00 1.000000e+00
    outer loop
      vertex   2.514587e+01 3.039917e+01 1.510000e+00
      vertex   2.277331e+01 2.801033e+01 1.510000e+00
      vertex   2.292864e+01 2.789114e+01 1.510000e+00
    endloop
  endfacet
  facet normal 0.000000e+00 0.000000e+00 1.000000e+00
    outer loop
      vertex   2.514587e+01 3.039917e+01 1.510000e+00
      vertex   2.292864e+01 2.789114e+01 1.510000e+00
      vertex   2.567305e+01 2.978507e+01 1.510000e+00
    endloop
  endfacet
  facet normal 0.000000e+00 0.000000e+00 1.000000e+00
    outer loop
      vertex   2.567305e+01 2.978507e+01 1.510000e+00
      vertex   2.292864e+01 2.789114e+01 1.510000e+00
      vertex   2.304783e+01 2.773581e+01 1.510000e+00
    endloop
  endfacet
  facet normal 0.000000e+00 0.000000e+00 1.000000e+00
    outer loop
      vertex   2.567305e+01 2.978507e+01 1.510000e+00
      vertex   2.304783e+01 2.773581e+01 1.510000e+00
      vertex   2.606583e+01 2.907742e+01 1.510000e+00
    endloop
  endfacet
  facet normal 0.000000e+00 0.000000e+00 1.000000e+00
    outer loop
      vertex   2.606583e+01 2.907742e+01 1.510000e+00
      vertex   2.304783e+01 2.773581e+01 1.510000e+00
      vertex   2.312276e+01 2.755493e+01 1.510000e+00
    endloop
  endfacet
  facet normal 0.000000e+00 -0.000000e+00 1.000000e+00
    outer loop
      vertex   -2.639000e+01 -2.880828e+01 -3.490000e+00
      vertex   -2.639000e+01 -2.619172e+01 -3.490000e+00
      vertex   -2.655462e+01 -2.816332e+01 -3.490000e+00
    endloop
  endfacet
  facet normal 0.000000e+00 0.000000e+00 1.000000e+00
    outer loop
      vertex   -2.655462e+01 -2.816332e+01 -3.490000e+00
      vertex   -2.639000e+01 -2.619172e+01 -3.490000e+00
      vertex   -2.655462e+01 -2.683668e+01 -3.490000e+00
    endloop
  endfacet
  facet normal 0.000000e+00 -0.000000e+00 1.000000e+00
    outer loop
      vertex   -2.655462e+01 -2.816332e+01 -3.490000e+00
      vertex   -2.655462e+01 -2.683668e+01 -3.490000e+00
      vertex   -2.661000e+01 -2.750000e+01 -3.490000e+00
    endloop
  endfacet
  facet normal 0.000000e+00 -0.000000e+00 1.000000e+00
    outer loop
      vertex   -2.639000e+01 2.619172e+01 -3.490000e+00
      vertex   -2.639000e+01 2.880828e+01 -3.490000e+00
      vertex   -2.655462e+01 2.683668e+01 -3.490000e+00
    endloop
  endfacet
  facet normal 0.000000e+00 0.000000e+00 1.000000e+00
    outer loop
      vertex   -2.655462e+01 2.683668e+01 -3.490000e+00
      vertex   -2.639000e+01 2.880828e+01 -3.490000e+00
      vertex   -2.655462e+01 2.816332e+01 -3.490000e+00
    endloop
  endfacet
  facet normal 0.000000e+00 -0.000000e+00 1.000000e+00
    outer loop
      vertex   -2.655462e+01 2.683668e+01 -3.490000e+00
      vertex   -2.655462e+01 2.816332e+01 -3.490000e+00
      vertex   -2.661000e+01 2.750000e+01 -3.490000e+00
    endloop
  endfacet
  facet normal -1.000000e+00 0.000000e+00 0.000000e+00
    outer loop
      vertex   -2.639000e+01 2.619172e+01 -3.490000e+00
      vertex   -2.639000e+01 2.619172e+01 -1.490000e+00
      vertex   -2.639000e+01 2.880828e+01 -3.490000e+00
    endloop
  endfacet
  facet normal -1.000000e+00 0.000000e+00 0.000000e+00
    outer loop
      vertex   -2.639000e+01 2.880828e+01 -3.490000e+00
      vertex   -2.639000e+01 2.619172e+01 -1.490000e+00
      vertex   -2.639000e+01 2.880828e+01 -1.490000e+00
    endloop
  endfacet
  facet normal -1.000000e+00 0.000000e+00 0.000000e+00
    outer loop
      vertex   -2.639000e+01 2.880828e+01 -1.490000e+00
      vertex   -2.639000e+01 2.619172e+01 -1.490000e+00
      vertex   -2.639000e+01 2.619172e+01 1.510000e+00
    endloop
  endfacet
  facet normal -1.000000e+00 0.000000e+00 0.000000e+00
    outer loop
      vertex   -2.639000e+01 2.880828e+01 -1.490000e+00
      vertex   -2.639000e+01 2.619172e+01 1.510000e+00
      vertex   -2.639000e+01 2.880828e+01 1.510000e+00
    endloop
  endfacet
  facet normal -1.000000e+00 0.000000e+00 0.000000e+00
    outer loop
      vertex   -2.639000e+01 -2.619172e+01 -3.490000e+00
      vertex   -2.639000e+01 -2.880828e+01 -1.490000e+00
      vertex   -2.639000e+01 -2.619172e+01 -1.490000e+00
    endloop
  endfacet
  facet normal -1.000000e+00 0.000000e+00 0.000000e+00
    outer loop
      vertex   -2.639000e+01 -2.619172e+01 -1.490000e+00
      vertex   -2.639000e+01 -2.880828e+01 -1.490000e+00
      vertex   -2.639000e+01 -2.880828e+01 1.510000e+00
    endloop
  endfacet
  facet normal -1.000000e+00 0.000000e+00 0.000000e+00
    outer loop
      vertex   -2.639000e+01 -2.619172e+01 -1.490000e+00
      vertex   -2.639000e+01 -2.880828e+01 1.510000e+00
      vertex   -2.639000e+01 -2.619172e+01 1.510000e+00
    endloop
  endfacet
  facet normal -1.000000e+00 0.000000e+00 0.000000e+00
    outer loop
      vertex   -2.639000e+01 -2.619172e+01 -3.490000e+00
      vertex   -2.639000e+01 -2.880828e+01 -3.490000e+00
      vertex   -2.639000e+01 -2.880828e+01 -1.490000e+00
    endloop
  endfacet
  facet normal -1.000000e+00 0.000000e+00 0.000000e+00
    outer loop
      vertex   -3.439000e+01 3.750000e+01 -5.490000e+00
      vertex   -3.439000e+01 -4.950000e+01 -5.490000e+00
      vertex   -3.439000e+01 3.750000e+01 5.100000e-01
    endloop
  endfacet
  facet normal -1.000000e+00 -0.000000e+00 0.000000e+00
    outer loop
      vertex   -3.439000e+01 3.750000e+01 5.100000e-01
      vertex   -3.439000e+01 -4.950000e+01 -5.490000e+00
      vertex   -3.439000e+01 -4.950000e+01 5.100000e-01
    endloop
  endfacet
  facet normal 9.689368e-01 -2.473083e-01 0.000000e+00
    outer loop
      vertex   -2.639000e+01 2.880828e+01 -3.490000e+00
      vertex   -2.639000e+01 2.880828e+01 -1.490000e+00
      vertex   -2.655462e+01 2.816332e+01 -3.490000e+00
    endloop
  endfacet
  facet normal 9.689368e-01 -2.473083e-01 0.000000e+00
    outer loop
      vertex   -2.655462e+01 2.816332e+01 -3.490000e+00
      vertex   -2.639000e+01 2.880828e+01 -1.490000e+00
      vertex   -2.655462e+01 2.816332e+01 -1.490000e+00
    endloop
  endfacet
  facet normal 9.965325e-01 -8.320413e-02 0.000000e+00
    outer loop
      vertex   -2.655462e+01 2.816332e+01 -3.490000e+00
      vertex   -2.655462e+01 2.816332e+01 -1.490000e+00
      vertex   -2.661000e+01 2.750000e+01 -3.490000e+00
    endloop
  endfacet
  facet normal 9.965325e-01 -8.320413e-02 0.000000e+00
    outer loop
      vertex   -2.661000e+01 2.750000e+01 -3.490000e+00
      vertex   -2.655462e+01 2.816332e+01 -1.490000e+00
      vertex   -2.661000e+01 2.750000e+01 -1.490000e+00
    endloop
  endfacet
  facet normal 9.965325e-01 8.320413e-02 -0.000000e+00
    outer loop
      vertex   -2.661000e+01 2.750000e+01 -3.490000e+00
      vertex   -2.661000e+01 2.750000e+01 -1.490000e+00
      vertex   -2.655462e+01 2.683668e+01 -3.490000e+00
    endloop
  endfacet
  facet normal 9.965325e-01 8.320413e-02 -0.000000e+00
    outer loop
      vertex   -2.655462e+01 2.683668e+01 -3.490000e+00
      vertex   -2.661000e+01 2.750000e+01 -1.490000e+00
      vertex   -2.655462e+01 2.683668e+01 -1.490000e+00
    endloop
  endfacet
  facet normal 9.689368e-01 2.473083e-01 -0.000000e+00
    outer loop
      vertex   -2.655462e+01 2.683668e+01 -3.490000e+00
      vertex   -2.655462e+01 2.683668e+01 -1.490000e+00
      vertex   -2.639000e+01 2.619172e+01 -3.490000e+00
    endloop
  endfacet
  facet normal 9.689368e-01 2.473083e-01 -0.000000e+00
    outer loop
      vertex   -2.639000e+01 2.619172e+01 -3.490000e+00
      vertex   -2.655462e+01 2.683668e+01 -1.490000e+00
      vertex   -2.639000e+01 2.619172e+01 -1.490000e+00
    endloop
  endfacet
  facet normal 9.689368e-01 -2.473083e-01 0.000000e+00
    outer loop
      vertex   -2.639000e+01 -2.619172e+01 -3.490000e+00
      vertex   -2.639000e+01 -2.619172e+01 -1.490000e+00
      vertex   -2.655462e+01 -2.683668e+01 -3.490000e+00
    endloop
  endfacet
  facet normal 9.689368e-01 -2.473083e-01 0.000000e+00
    outer loop
      vertex   -2.655462e+01 -2.683668e+01 -3.490000e+00
      vertex   -2.639000e+01 -2.619172e+01 -1.490000e+00
      vertex   -2.655462e+01 -2.683668e+01 -1.490000e+00
    endloop
  endfacet
  facet normal 9.965325e-01 -8.320413e-02 0.000000e+00
    outer loop
      vertex   -2.655462e+01 -2.683668e+01 -3.490000e+00
      vertex   -2.655462e+01 -2.683668e+01 -1.490000e+00
      vertex   -2.661000e+01 -2.750000e+01 -3.490000e+00
    endloop
  endfacet
  facet normal 9.965325e-01 -8.320413e-02 0.000000e+00
    outer loop
      vertex   -2.661000e+01 -2.750000e+01 -3.490000e+00
      vertex   -2.655462e+01 -2.683668e+01 -1.490000e+00
      vertex   -2.661000e+01 -2.750000e+01 -1.490000e+00
    endloop
  endfacet
  facet normal 9.965325e-01 8.320413e-02 -0.000000e+00
    outer loop
      vertex   -2.661000e+01 -2.750000e+01 -3.490000e+00
      vertex   -2.661000e+01 -2.750000e+01 -1.490000e+00
      vertex   -2.655462e+01 -2.816332e+01 -3.490000e+00
    endloop
  endfacet
  facet normal 9.965325e-01 8.320413e-02 -0.000000e+00
    outer loop
      vertex   -2.655462e+01 -2.816332e+01 -3.490000e+00
      vertex   -2.661000e+01 -2.750000e+01 -1.490000e+00
      vertex   -2.655462e+01 -2.816332e+01 -1.490000e+00
    endloop
  endfacet
  facet normal 9.689368e-01 2.473083e-01 -0.000000e+00
    outer loop
      vertex   -2.655462e+01 -2.816332e+01 -3.490000e+00
      vertex   -2.655462e+01 -2.816332e+01 -1.490000e+00
      vertex   -2.639000e+01 -2.880828e+01 -3.490000e+00
    endloop
  endfacet
  facet normal 9.689368e-01 2.473083e-01 -0.000000e+00
    outer loop
      vertex   -2.639000e+01 -2.880828e+01 -3.490000e+00
      vertex   -2.655462e+01 -2.816332e+01 -1.490000e+00
      vertex   -2.639000e+01 -2.880828e+01 -1.490000e+00
    endloop
  endfacet
endsolid
